"Amazon fees - FBA Order Handling Fee","Amazon fees - FBA Pick & Pack Fee","Amazon fees - FBA Weight Handling Fee","Amazon fees - Referral Fee on Item Price","Amazon fees - Shipping Chargeback",Date,"Order ID",SKU,"Transaction type","Payment Type","Payment Detail",Amount,Quantity,"Product Title","Other - Shipping","Promo rebates - ","Promo rebates - Shipping","Amazon fees - FBA transportation fee","Amazon fees - Shipping commission"
-$1.00,-$1.06,-$0.96,-$1.80,-$11.23,31-May-16,002-5990967-2102630,GK-51IE-0Z62,"Order Payment","Product charges",,$11.99,1,"Mental Beats Car Mount Dashboard and Windshield Phone Holder Car Accessories Universal for all Smartphones (Black / Red)",$11.23,,,,
-$1.00,-$1.06,-$1.95,-$2.85,,31-May-16,111-3628594-4454652,SUA-790-PPK,"Order Payment","Product charges",,$18.99,1,"Double Swag Shower Curtain With Liner Set, Taupe (Tan), 70x72",,,,,
-$1.00,-$1.06,-$0.96,-$3.00,-$6.13,31-May-16,102-7150939-0265041,CW-OXZZ-VE7M,"Order Payment","Product charges",,$19.99,1,"Mental Beats Xcentric Earbuds with Metal Mic Includes Tangle Free Flatwire Cord (Green)",$6.13,,,,
,,,-$3.45,,31-May-16,108-8861275-4068203,41-GI3Q-UMAK,"Order Payment","Product charges",,$22.99,1,"Geometric Style Water Resistant Printed Jumbo Canvas Beach Bag with Inner Wet Suit Pocket - Assorted Colors (Blue Squares)",,,,,
,,,-$9.75,,31-May-16,105-9826236-8072251,CF-TEVC-5FHU,"Order Payment","Product charges",,$64.99,1,"Mizone Glitter Reversible Printed Plush Comforter Mini Set - Black, Full / Queen",,,,,
,,,-$4.50,,31-May-16,107-3325923-0130660,70-FVIS-6TNP,"Order Payment","Product charges",,$29.97,3,"Anti Slip Bathtub Shower Mat - Assorted Colors (clear)",,,,,
,,,-$1.20,,31-May-16,105-7938672-6865865,NC-MU4S-M0SS,"Order Payment","Product charges",,$7.99,1,"Cuispro Snap-Fit Pop Molds: 6 Rocket and 6 Boat shapes",,,,,
,,,-$3.45,,31-May-16,107-3874752-1765008,F1W-L69-RQW,"Order Payment","Product charges",,$22.98,1,"Elegant Comfort Penelopie Jacquard Look Curtain Panel Set, 54 by 84-Inch, Beige, Set of 2",,,,,
-$1.00,-$1.06,-$4.29,-$2.55,,30-May-16,102-6021050-7808260,BX-YPD9-FBE5,"Order Payment","Product charges",,$16.99,1,"Flocked Ultra Thin Heavy Duty Velvet Hangers (25, Grey)",,,,,
,-$12.27,-$7.35,-$4.50,,30-May-16,116-7851295-1026641,A7A-6FG-MTL,"Order Payment","Product charges",,$19.98,2,"CHECK BOARD HALF MOON SLICE RUG - GREEN",,,,,
-$1.00,-$1.06,-$0.96,-$3.00,,30-May-16,114-2934493-2831430,MD-86QZ-5W4G,"Order Payment","Product charges",,$19.99,1,"Mental Beats Xcentric Earbuds with Metal Mic Includes Tangle Free Flatwire Cord (Blue)",$1.19,$0.00,-$1.19,,
-$1.00,-$1.06,-$0.96,-$1.80,-$3.78,30-May-16,104-3157847-0770622,GK-51IE-0Z62,"Order Payment","Product charges",,$11.99,1,"Mental Beats Car Mount Dashboard and Windshield Phone Holder Car Accessories Universal for all Smartphones (Black / Red)",$3.78,,,,
-$1.00,-$1.06,-$1.95,-$2.85,,29-May-16,103-5764692-5820245,SUA-790-PPK,"Order Payment","Product charges",,$18.99,1,"Double Swag Shower Curtain With Liner Set, Taupe (Tan), 70x72",,,,,
-$1.00,-$1.06,-$2.34,-$1.65,,29-May-16,104-9137954-3317831,0W-I967-F2HV,"Order Payment","Product charges",,$10.99,1,"Flocked Ultra Thin Heavy Duty Velvet Hangers (10, Forrest Green)",,,,,
-$1.00,-$3.18,-$5.85,-$5.34,,29-May-16,107-2636280-0677848,VG6-VKY-SRF,"Order Payment","Product charges",,$11.85,1,"Better Home New Crochet Vinyl Lace Tablecloth, 70"" Round, White",,,,,
-$1.00,-$1.06,-$0.50,-$1.05,,28-May-16,112-3173626-9894650,CA0-038-BBP,"Order Payment","Product charges",,$6.99,1,"Post-it Mobile Attach and Go Insert, 3.94 x 5.5 Inches, Includes Attach and Go Full Adhesive Notes and Flags Dispenser (PM-INSERT1)",,,,,
,-$4.09,-$3.62,-$3.75,,28-May-16,102-9049955-0122648,22-Q94M-YDGP,"Order Payment","Product charges",,$24.99,1,"D&S Infused Cool Gel Ventilated Core Hypoallergenic MEMORY FOAM Pillow - Cool Ultra Soft Pillow",$2.42,$0.00,-$2.42,,
-$1.00,-$1.06,-$0.96,-$2.85,,28-May-16,112-5222893-8354632,0I-XXS3-8MCZ,"Order Payment","Product charges",,$18.99,1,"Mental Beats Xclusive High Quality Metal Earbuds With Mic and 4' FT Cable (Gold)",,,,,
-$1.00,-$1.06,-$0.96,-$3.75,,28-May-16,115-4285195-2777019,7W-PCJO-3BVK,"Order Payment","Product charges",,$24.99,1,"Mental Beats Xpert Ultimate Comfort Pillow Soft Over the Ear Headphones with Mic (Black)",,,,,
-$1.00,-$1.06,-$1.95,-$1.78,,27-May-16,107-9932759-1623402,VG6-VKY-SRF,"Order Payment","Product charges",,$11.85,1,"Better Home New Crochet Vinyl Lace Tablecloth, 70"" Round, White",,,,,
-$1.00,-$1.06,-$0.96,-$1.80,-$8.99,27-May-16,111-4876069-6708225,GK-51IE-0Z62,"Order Payment","Product charges",,$11.99,1,"Mental Beats Car Mount Dashboard and Windshield Phone Holder Car Accessories Universal for all Smartphones (Black / Red)",$8.99,,,,
,,,-$1.00,,27-May-16,104-7164406-0309869,0B-682D-5E7G,"Order Payment","Product charges",,$3.99,1,"Disney Finding Nemo Friends Cupcake Rings - 24 ct",,,,,
,,,-$6.90,,27-May-16,106-1402992-2631448,DB-DLER-1WBY,"Order Payment","Product charges",,$22.99,1,"Geometric Shape Water Resistant Printed Jumbo Canvas Beach Bag with Inner Wet Suit Pocket - Assorted Colors (Green Squares)",,,,,
-$4.75,-$0.75,,,,,,,,,,,,,,,,-$0.45,
-$1.00,-$1.06,-$0.96,-$3.00,,27-May-16,108-2798182-8681060,MD-86QZ-5W4G,"Order Payment","Product charges",,$19.99,1,"Mental Beats Xcentric Earbuds with Metal Mic Includes Tangle Free Flatwire Cord (Blue)",,,,,
-$1.00,-$1.06,-$0.96,-$2.85,,26-May-16,002-2633218-1412229,0I-XXS3-8MCZ,"Order Payment","Product charges",,$18.99,1,"Mental Beats Xclusive High Quality Metal Earbuds With Mic and 4' FT Cable (Gold)",,,,,
-$4.75,-$0.75,,,,,,,,,,,,,,,,-$0.45,
,,,-$1.00,,26-May-16,103-0574698-6918645,CF-EMV0-5CEM,"Order Payment","Product charges",,$3.70,1,"12 Cupcake Toppers Rings Dora the Explorer Boots Gemstones Party Decorations",,,,,
-$1.00,-$1.06,-$1.95,-$2.85,,25-May-16,113-6147332-4535405,SUA-790-PPK,"Order Payment","Product charges",,$18.99,1,"Double Swag Shower Curtain With Liner Set, Taupe (Tan), 70x72",,,,,
-$1.00,-$1.06,-$0.96,-$1.80,,25-May-16,108-9905636-9141046,35-4SHX-Y2N9,"Order Payment","Product charges",,$11.99,1,"Mental Beats ICON High Quality Earbuds with 4' FT Tangle Free Cable with Mic (Gold,)",,$0.00,,,
-$1.00,-$1.06,-$0.96,-$1.65,,25-May-16,002-8051548-9195448,CM-W5HY-8L8C,"Order Payment","Product charges",,$10.99,1,"Bioworld Adventure Time Mountain Cinch Bag 13"", Blue/White",,,,,
,-$4.09,-$3.62,-$3.75,,25-May-16,104-6332549-8378623,22-Q94M-YDGP,"Order Payment","Product charges",,$24.99,1,"D&S Infused Cool Gel Ventilated Core Hypoallergenic MEMORY FOAM Pillow - Cool Ultra Soft Pillow",,,,,
-$1.00,-$1.06,-$3.51,-$1.65,,25-May-16,110-4649250-3365047,13-PAI1-IANH,"Order Payment","Product charges",,$10.99,1,"Bioworld Regular Show Mordecai Hooded Blue Backpack",,,,,
,-$4.09,-$3.62,-$4.18,,25-May-16,116-7220203-0320262,XHW-EVD-506,"Order Payment","Product charges",,$27.89,1,"Feel At Ease Mat 24 x 36 -",,,,,
-$1.00,-$2.12,-$3.90,-$3.56,,25-May-16,111-7620015-7709022,VG6-VKY-SRF,"Order Payment","Product charges",,$23.70,2,"Better Home New Crochet Vinyl Lace Tablecloth, 70"" Round, White",,,,,
-$1.00,-$1.06,-$0.96,-$1.80,,24-May-16,113-1645045-0373029,GK-51IE-0Z62,"Order Payment","Product charges",,$11.99,1,"Mental Beats Car Mount Dashboard and Windshield Phone Holder Car Accessories Universal for all Smartphones (Black / Red)",,,,,
-$1.00,-$2.12,-$1.92,-$3.60,,24-May-16,115-7474080-1165862,Q0-OA97-BH2V,"Order Payment","Product charges",,$11.99,1,"Mental Beats Car Mount Dashboard and Windshield Phone Holder Car Accessories Universal for all Smartphones (Black / Silver )",,,,,
-$4.75,-$0.75,,,,,,,,,,,,,,,,-$0.45,
-$1.00,-$1.06,-$0.96,-$3.00,,24-May-16,114-3087824-2803452,86-XBMI-Q597,"Order Payment","Product charges",,$19.99,1,"Mental Beats Xcentric Earbuds with Metal Mic Includes Tangle Free Flatwire Cord (Gold )",,,,,
-$1.00,-$1.06,-$0.96,-$2.85,,23-May-16,107-6168932-0871429,0I-XXS8-8MCZ,"Order Payment","Product charges",,$18.99,1,"Mental Beats Xclusive High Quality Metal Earbuds With Mic and 4' FT Cable (Silver,)",,,,,
-$1.00,-$1.06,-$0.96,-$2.85,-$3.99,23-May-16,116-8060665-1552246,58-PK5O-DVBE,"Order Payment","Product charges",,$18.99,1,"Mental Beats Xclusive High Quality Metal Earbuds With Mic and 4' FT Cable (Blue,)",$3.99,,,,
,-$4.09,-$4.01,-$6.00,,23-May-16,105-3561232-6372205,3Y-2VGV-AZ21,"Order Payment","Product charges",,$39.99,1,"D&S Cool Gel Memory Foam Ventilated Core Hypoallergenic Standard Pillow",,,,,
-$1.00,-$1.06,-$0.96,-$3.00,,23-May-16,115-5880334-4205805,CW-OXZZ-VE7M,"Order Payment","Product charges",,$19.99,1,"Mental Beats Xcentric Earbuds with Metal Mic Includes Tangle Free Flatwire Cord (Green)",,,,,
,-$4.09,-$3.62,-$4.50,-$3.26,23-May-16,114-9113806-5493832,BQ-4FEP-C3OH,"Order Payment","Product charges",,$29.99,1,"D&S 18.5-Inch-by-11.5-Inch-by-3.5-Inch Contour Bamboo Memory Foam Pillow",$3.26,,,,
,,,-$3.45,,23-May-16,107-2122168-1509865,41-GI3Q-UMAK,"Order Payment","Product charges",,$22.99,1,"Geometric Style Water Resistant Printed Jumbo Canvas Beach Bag with Inner Wet Suit Pocket - Assorted Colors (Blue Squares)",,,,,
,,,-$1.50,,23-May-16,104-8001031-9377840,70-FVIS-6TNP,"Order Payment","Product charges",,$9.99,1,"Anti Slip Bathtub Shower Mat - Assorted Colors (clear)",,,,,
,,,-$1.50,,23-May-16,113-2484743-8948235,B5C-KQ1-I2Q,"Order Payment","Product charges",,$9.99,1,"La Bella Hand Carved Turkish 562 Gold/Beige 4 Feet X 6 Feet Contemporary Area Rug",,,,,
,,,-$4.50,,23-May-16,108-2483612-1357044,D4M-SO7-762,"Order Payment","Product charges",,$29.99,1,"Sunbeam Dual Shower Massager and Head Set with Rainfall Setting, Chrome",$5.54,,,,-$0.83
,,,-$2.55,,23-May-16,107-9730418-7429042,2H-FGMO-4THC,"Order Payment","Product charges",,$16.99,1,"Flocked Ultra Thin Heavy Duty Velvet Hangers (25, Forrest Green)",,,,,
,,,-$1.80,,23-May-16,102-3877905-1909803,NG-ZK8N-5OFN,"Order Payment","Product charges",,$11.99,1,"The Walking Dead Men's Lounge Pants (Small 28-30)",,,,,
,,,-$6.75,,23-May-16,111-3075162-4457837,2H-FAZS-4VMR,"Order Payment","Product charges",,$44.97,3,"17"" x 24"" Ultra Soft Memory Foam Comfort Bath Mat (Orange)",,,,,
,,,-$2.85,,23-May-16,104-9364750-6453004,HMR-UM4-V1X,"Order Payment","Product charges",,$18.99,1,"DOUBLE SWAG SHOWER CURTAIN, LINER & RINGS , Rose Pink",,,,,
-$1.00,-$1.06,-$0.96,-$1.80,-$3.60,23-May-16,114-4345704-3597042,Q0-OA97-BH2V,"Order Payment","Product charges",,$11.99,1,"Mental Beats Car Mount Dashboard and Windshield Phone Holder Car Accessories Universal for all Smartphones (Black / Silver )",$3.60,,,,
-$1.00,-$1.06,-$0.96,-$1.80,,23-May-16,110-8491976-5830650,GK-51IE-0Z62,"Order Payment","Product charges",,$11.99,1,"Mental Beats Car Mount Dashboard and Windshield Phone Holder Car Accessories Universal for all Smartphones (Black / Red)",,,,,
-$1.00,-$1.06,-$0.96,-$3.00,-$3.10,23-May-16,102-1650368-1481044,32-P5XA-EGJY,"Order Payment","Product charges",,$19.99,1,"Mental Beats XCENTRICS Xcentric Earbuds with Metal Mic Includes Tangle Free Flatwire Cord - Teal",$3.10,,,,
-$1.00,-$1.06,-$0.96,-$1.80,,23-May-16,116-4246833-4099445,GK-51IE-0Z62,"Order Payment","Product charges",,$11.99,1,"Mental Beats Car Mount Dashboard and Windshield Phone Holder Car Accessories Universal for all Smartphones (Black / Red)",$1.84,$0.00,-$1.84,,
-$1.00,-$2.12,-$1.92,-$3.60,,22-May-16,116-2718109-4449840,Q0-OA97-BH2V,"Order Payment","Product charges",,$23.98,2,"Mental Beats Car Mount Dashboard and Windshield Phone Holder Car Accessories Universal for all Smartphones (Black / Silver )",,,,,
,-$4.09,-$2.84,-$3.73,,22-May-16,116-7389788-5843453,YN2-YR1-G4J,"Order Payment","Product charges",,$24.89,1,"Home Dynamix Feel At Ease Mat 24"" x 36""",,,,,
-$1.00,-$1.06,-$0.96,-$1.80,,22-May-16,106-2552848-9645052,Q0-OA97-BH2V,"Order Payment","Product charges",,$11.99,1,"Mental Beats Car Mount Dashboard and Windshield Phone Holder Car Accessories Universal for all Smartphones (Black / Silver )",,,,,
-$1.00,-$1.06,-$0.96,-$1.80,,22-May-16,111-1030848-0643426,Q0-OA97-BH2V,"Order Payment","Product charges",,$11.99,1,"Mental Beats Car Mount Dashboard and Windshield Phone Holder Car Accessories Universal for all Smartphones (Black / Silver )",,,,,
-$1.00,-$3.18,-$5.85,-$5.34,-$5.59,22-May-16,112-5963945-9961033,VG6-VKY-SRF,"Order Payment","Product charges",,$35.55,3,"Better Home New Crochet Vinyl Lace Tablecloth, 70"" Round, White",$5.59,,,,
-$1.00,-$2.12,-$8.58,-$5.10,,22-May-16,112-2535483-4609851,BX-YPD9-FBE5,"Order Payment","Product charges",,$16.99,1,"Flocked Ultra Thin Heavy Duty Velvet Hangers (25, Grey)",,,,,
-$1.00,-$1.06,-$3.51,-$1.65,,21-May-16,114-7014672-0731416,13-PAI1-IANH,"Order Payment","Product charges",,$10.99,1,"Bioworld Regular Show Mordecai Hooded Blue Backpack",,,,,
-$1.00,-$1.06,-$0.96,-$1.00,,21-May-16,114-9493031-8353844,OQ-AM1V-8KP3,"Order Payment","Product charges",,$8.99,1,"Xtreme Cables MFI 8 Pin 3ft Flat Tangle Free Sync & Charge Cable (Neon Green)",,,,,
-$1.00,-$2.12,-$3.90,-$3.56,,20-May-16,106-9659994-1641018,VG6-VKY-SRF,"Order Payment","Product charges",,$23.70,2,"Better Home New Crochet Vinyl Lace Tablecloth, 70"" Round, White",,,,,
-$1.00,-$1.06,-$4.29,-$2.55,,20-May-16,115-0061476-2921051,BX-YPD9-FBE5,"Order Payment","Product charges",,$16.99,1,"Flocked Ultra Thin Heavy Duty Velvet Hangers (25, Grey)",$0.89,$0.00,-$0.89,,
-$1.00,-$1.06,-$4.29,-$2.55,,20-May-16,103-1172376-9542600,BX-YPD9-FBE5,"Order Payment","Product charges",,$16.99,1,"Flocked Ultra Thin Heavy Duty Velvet Hangers (25, Grey)",,$0.00,,,
,,,-$3.60,,20-May-16,111-1241263-0648227,48G-DZ2-8HT,"Order Payment","Product charges",,$23.98,2,"Better Home Xlarge Fabric Waterproof Washing Machine Cover with Zippered Top Material Appliance (Chocolate Brown)",,,,,
,,,-$3.60,,20-May-16,111-7439001-0035443,48G-DZ2-8HT,"Order Payment","Product charges",,$23.98,2,"Better Home Xlarge Fabric Waterproof Washing Machine Cover with Zippered Top Material Appliance (Chocolate Brown)",,,,,
-$1.00,-$1.06,-$0.96,-$3.00,-$8.99,19-May-16,113-2989573-4575423,3G-5P9S-KWAT,"Order Payment","Product charges",,$19.99,1,"Mental Beats Xcentric Earbuds with Metal Mic Includes Tangle Free Flatwire Cord (Silver)",$8.99,,,,
-$1.00,-$1.06,-$3.51,-$1.65,,19-May-16,114-6844018-7883418,13-PAI1-IANH,"Order Payment","Product charges",,$10.99,1,"Regular Show Mordecai Hooded Blue Backpack",,,,,
-$1.00,-$1.06,-$0.96,-$3.00,,19-May-16,105-8956012-8853054,32-P5XA-EGJY,"Order Payment","Product charges",,$19.99,1,"Mental Beats Xcentric Earbuds with Metal Mic Includes Tangle Free Flatwire Cord (teal)",,,,,
-$1.00,-$1.06,-$0.96,-$1.80,,19-May-16,110-3836529-5697061,Q0-OA97-BH2V,"Order Payment","Product charges",,$11.99,1,"Mental Beats Car Mount Dashboard and Windshield Phone Holder Car Accessories Universal for all Smartphones (Black / Silver )",$1.84,$0.00,-$1.84,,
,-$4.09,-$3.62,-$4.50,,19-May-16,113-7188590-6015462,BQ-4FEP-C3OH,"Order Payment","Product charges",,$29.99,1,"D&S 18.5-Inch-by-11.5-Inch-by-3.5-Inch Contour Bamboo Memory Foam Pillow",$3.25,$0.00,-$3.25,,
,,,-$3.30,,19-May-16,108-9870798-0492259,0EG-MVI-G9E,"Order Payment","Product charges",,$21.97,1,"Elegant Comfort Penelopie Jacquard Look Curtain Panels, 54 by 84-Inch, Sage Green, Set of 2",,,,,
,,,-$2.25,,19-May-16,106-6259651-7684254,I4O-1YB-0MA,"Order Payment","Product charges",,$14.99,1,"Sterlite Medium Size Sink Dish Rack Drainer (White)",,,,,
,,,-$8.25,,19-May-16,107-5737348-5988245,VO6-KH8-U2Q,"Order Payment","Product charges",,$54.99,1,"Oster 8-Speed Blender",,,,,
,,,-$1.80,,19-May-16,002-0755139-0596259,HF-9IBQ-XI17,"Order Payment","Product charges",,$11.99,1,"Heavy Duty Window Clear Vinyl Tabel Cover (70"" Round)",,,,,
-$1.00,-$5.30,-$9.75,-$8.90,-$19.95,18-May-16,112-8094756-0441820,VG6-VKY-SRF,"Order Payment","Product charges",,$11.85,1,"Better Home New Crochet Vinyl Lace Tablecloth, 70"" Round, White",$19.95,,,,
-$1.00,-$1.06,-$1.95,-$1.78,,18-May-16,106-7273518-2789834,VG6-VKY-SRF,"Order Payment","Product charges",,$11.85,1,"Better Home New Crochet Vinyl Lace Tablecloth, 70"" Round, White",,,,,
-$1.00,-$1.06,-$0.50,-$1.05,,18-May-16,115-0408073-2501809,CA0-038-BBP,"Order Payment","Product charges",,$6.99,1,"Post-it Mobile Attach and Go Insert, 3.94 x 5.5 Inches, Includes Attach and Go Full Adhesive Notes and Flags Dispenser (PM-INSERT1)",,,,,
,-$8.18,-$7.24,-$9.00,-$7.89,18-May-16,103-0005006-4307409,22-Q94M-YDGP,"Order Payment","Product charges",,$29.99,1,"Infused Cool Gel Ventilated Core Hypoallergenic MEMORY FOAM Pillow - Cool Ultra Soft Pillow",$7.89,,,,
,-$4.09,-$3.62,-$3.73,,18-May-16,113-4942438-8888239,CSL-662-M1T,"Order Payment","Product charges",,$24.89,1,"Feel At Ease Mat 24 x 36 - Espresso",,,,,
,-$4.09,-$3.62,-$4.50,,18-May-16,114-0890396-4289849,22-Q94M-YDGP,"Order Payment","Product charges",,$29.99,1,"Infused Cool Gel Ventilated Core Hypoallergenic MEMORY FOAM Pillow - Cool Ultra Soft Pillow",,,,,
,,,-$3.00,,18-May-16,112-0825735-4404201,L92-BHR-TUY,"Order Payment","Product charges",,$19.96,2,"Double Swag Blue Shower Curtain With Vinyl Liner, Fabric Cover Rings, 100% Polyester Size 70x72",,,,,
,,,-$0.60,,18-May-16,105-6701892-9112219,9G-CDVH-T2B4,"Order Payment","Product charges",,$3.97,1,"DecoPac How to Train Your Dragon 2 Hiccup and Friends Cupcake Rings (12 Count)",$4.50,,,,-$0.67
,,,-$3.30,,18-May-16,102-1420492-0689818,0EG-MVI-G9E,"Order Payment","Product charges",,$21.97,1,"Elegant Comfort Penelopie Jacquard Look Curtain Panels, 54 by 84-Inch, Sage Green, Set of 2",,,,,
,,,-$2.85,,18-May-16,108-2613698-6943412,SUA-790-PPK,"Order Payment","Product charges",,$18.99,1,"Double Swag Shower Curtain With Liner Set, Taupe (Tan), 70x72",,,,,
,,,-$2.85,,18-May-16,114-4903211-2684204,SUA-790-PPK,"Order Payment","Product charges",,$18.99,1,"Double Swag Shower Curtain With Liner Set, Taupe (Tan), 70x72",,,,,
,,,-$3.45,,18-May-16,113-8001936-4229006,99-YUZE-PWXK,"Order Payment","Product charges",,$22.99,1,"Floral Style Water Resistant Printed Jumbo Canvas Beach Bag with Inner Wet Suit Pocket - Assorted Colors (Blue Floral)",,,,,
,-$4.09,-$3.62,-$4.50,,17-May-16,116-5060519-3934600,22-Q94M-YDGP,"Order Payment","Product charges",,$29.99,1,"Infused Cool Gel Ventilated Core Hypoallergenic MEMORY FOAM Pillow - Cool Ultra Soft Pillow",,,,,
-$1.00,-$1.06,-$0.96,-$1.80,-$3.99,17-May-16,111-5896917-4453829,CM-O188-8KK2,"Order Payment","Product charges",,$11.99,1,"Mental Beats ICON High Quality Earbuds with 4' FT Tangle Free Cable with Mic (Black)",$3.99,,,,
-$1.00,-$1.06,-$0.50,-$1.05,,17-May-16,109-1303746-5033818,CA0-038-BBP,"Order Payment","Product charges",,$6.99,1,"Post-it Mobile Attach and Go Insert, 3.94 x 5.5 Inches, Includes Attach and Go Full Adhesive Notes and Flags Dispenser (PM-INSERT1)",,,,,
-$1.00,-$2.12,-$4.68,-$3.30,,17-May-16,002-4007356-1250613,0W-I967-F2HV,"Order Payment","Product charges",,$21.98,2,"Flocked Ultra Thin Heavy Duty Velvet Hangers (10, Forrest Green)",,,,,
-$1.00,-$1.06,-$0.50,-$1.00,,17-May-16,105-8566330-9662636,6NH-FQV-FRP,"Order Payment","Product charges",,$5.55,1,"Post-it Note Tabs, 3-3/8 x 2-3/4-Inches, Green and Blue, Lined Paper, 25-Sheets/Pad, 2-Pads/Pack",,,,,
-$1.00,-$1.06,-$0.96,-$3.45,,17-May-16,114-8218223-8405848,35-XQ66-Y2X5,"Order Payment","Product charges",,$22.99,1,"Mental Beats Xpert Ultimate Comfort Pillow Soft Over the Ear Headphones with Mic (White)",,,,,
,,,-$3.45,,17-May-16,113-7402337-7372223,99-YUZE-PWXK,"Order Payment","Product charges",,$22.99,1,"Floral Style Water Resistant Printed Jumbo Canvas Beach Bag with Inner Wet Suit Pocket - Assorted Colors (Blue Floral)",,,,,
-$1.00,-$1.06,-$4.29,-$2.55,,17-May-16,104-6503550-7639468,BX-YPD9-FBE5,"Order Payment","Product charges",,$16.99,1,"Flocked Ultra Thin Heavy Duty Velvet Hangers (25, Grey)",,,,,
,-$4.09,-$3.62,-$3.75,,16-May-16,110-1573615-5448262,22-Q94M-YDGP,"Order Payment","Product charges",,$24.99,1,"Infused Cool Gel Ventilated Core Hypoallergenic MEMORY FOAM Pillow - Cool Ultra Soft Pillow",$2.56,$0.00,-$2.56,,
-$1.00,-$1.06,-$0.96,-$1.80,,16-May-16,109-9169227-8435420,Q0-OA97-BH2V,"Order Payment","Product charges",,$11.99,1,"Mental Beats Car Mount Dashboard and Windshield Phone Holder Car Accessories Universal for all Smartphones (Black / Silver )",,,,,
-$1.00,-$2.12,-$3.90,-$3.30,,16-May-16,103-6973051-2361025,WE-YEB6-Q279,"Order Payment","Product charges",,$10.99,1,"Flocked Ultra Thin Heavy Duty Velvet Hangers (10, Grey)",$4.89,$0.00,-$4.89,,
,,,-$2.00,,16-May-16,110-8349180-6036225,9G-CDVH-T2B4,"Order Payment","Product charges",,$7.94,2,"DecoPac How to Train Your Dragon 2 Hiccup and Friends Cupcake Rings (12 Count)",,,,,
,,,-$1.79,,16-May-16,108-1622863-7435455,R6-ADU0-UQOZ,"Order Payment","Product charges",,$11.94,1,"Sunbeam Ultra Slim Space Saving Multi Tier Velvet Trouser Hangers (Pack of 3)",,,,,
,,,-$2.85,,16-May-16,108-6923408-7189060,SUA-790-PPK,"Order Payment","Product charges",,$18.99,1,"Double Swag Shower Curtain With Liner Set, Taupe (Tan), 70x72",,,,,
,,,-$2.55,,16-May-16,115-3949552-5054603,2H-FGMO-4THC,"Order Payment","Product charges",,$16.99,1,"Flocked Ultra Thin Heavy Duty Velvet Hangers (25, Forrest Green)",,,,,
,,,-$1.00,,16-May-16,116-7160530-3293005,GFW-H58-E0F,"Order Payment","Product charges",,$6.20,1,"How to Train Your Dragon - Hiccup & Friends Cupcake Rings - 24 pcs",,,,,
,,,-$1.00,,16-May-16,104-9949038-1157806,GFW-H58-E0F,"Order Payment","Product charges",,$6.20,1,"How to Train Your Dragon - Hiccup & Friends Cupcake Rings - 24 pcs",,,,,
,,,-$1.00,,16-May-16,111-0025605-6270675,9G-CDVH-T2B4,"Order Payment","Product charges",,$3.97,1,"DecoPac How to Train Your Dragon 2 Hiccup and Friends Cupcake Rings (12 Count)",,,,,
,-$4.09,-$3.62,-$4.50,,16-May-16,103-4550867-4461057,BQ-4FEP-C3OH,"Order Payment","Product charges",,$29.99,1,"D&S 18.5-Inch-by-11.5-Inch-by-3.5-Inch Contour Bamboo Memory Foam Pillow",$2.59,$0.00,-$2.59,,
-$1.00,-$1.06,-$0.96,-$3.75,,16-May-16,106-3006180-3064228,7W-PCJM-3BVK,"Order Payment","Product charges",,$24.99,1,"Mental Beats Xpert Ultimate Comfort Pillow Soft Over the Ear Headphones with Mic (Red)",,,,,
-$1.00,-$1.06,-$0.96,-$3.00,,15-May-16,106-4218463-9372208,CW-OXZZ-VE7M,"Order Payment","Product charges",,$19.99,1,"Mental Beats Xcentric Earbuds with Metal Mic Includes Tangle Free Flatwire Cord (Green)",,,,,
-$1.00,-$2.12,-$1.00,-$2.10,,15-May-16,116-1462713-7728258,CA0-038-BBP,"Order Payment","Product charges",,$13.98,2,"Post-it Mobile Attach and Go Insert, 3.94 x 5.5 Inches, Includes Attach and Go Full Adhesive Notes and Flags Dispenser (PM-INSERT1)",,,,,
-$1.00,-$1.06,-$0.96,-$1.80,,15-May-16,111-9785271-9940200,Q0-OA97-BH2V,"Order Payment","Product charges",,$11.99,1,"Mental Beats Car Mount Dashboard and Windshield Phone Holder Car Accessories Universal for all Smartphones (Black / Silver )",,,,,
-$1.00,-$1.06,-$0.96,-$2.99,,15-May-16,109-6221185-2358631,1LA-367-84N,"Order Payment","Product charges",,$19.95,1,"Home Basics Shower Head and Massager Set (1, A)",,,,,
-$1.00,-$1.06,-$0.50,-$1.00,,15-May-16,115-0779208-7649829,6NH-FQV-FRP,"Order Payment","Product charges",,$5.55,1,"Post-it Note Tabs, 3-3/8 x 2-3/4-Inches, Green and Blue, Lined Paper, 25-Sheets/Pad, 2-Pads/Pack",,$0.00,,,
-$1.00,-$1.06,-$0.96,-$2.99,,14-May-16,111-6966052-2161034,1LA-367-84N,"Order Payment","Product charges",,$19.95,1,"Home Basics Shower Head and Massager Set (1, A)",,,,,
-$1.00,-$1.06,-$0.96,-$1.80,,14-May-16,108-3719056-8161866,CM-O188-8KK2,"Order Payment","Product charges",,$11.99,1,"Mental Beats ICON High Quality Earbuds with 4' FT Tangle Free Cable with Mic (Black)",,,,,
,-$4.09,-$4.01,-$6.00,,13-May-16,103-7906943-0852226,3Y-2VGV-AZ21,"Order Payment","Product charges",,$39.99,1,"Cool Gel Memory Foam Ventilated Core Hypoallergenic Standard Pillow",,,,,
-$1.00,-$1.06,-$0.96,-$1.80,,13-May-16,002-5470905-2666611,Q0-OA97-BH2V,"Order Payment","Product charges",,$11.99,1,"Mental Beats Car Mount Dashboard and Windshield Phone Holder Car Accessories Universal for all Smartphones (Black / Silver )",,,,,
-$1.00,-$1.06,-$1.95,-$1.78,,13-May-16,106-4126837-9109044,VG6-VKY-SRF,"Order Payment","Product charges",,$11.85,1,"Better Home New Crochet Vinyl Lace Tablecloth, 70"" Round, White",,,,,
-$1.00,-$1.06,-$3.51,-$1.65,,13-May-16,002-6136621-4987459,13-PAI1-IANH,"Order Payment","Product charges",,$10.99,1,"Bioworld Regular Show Mordecai Hooded Blue Backpack",,,,,
-$1.00,-$1.06,-$0.50,-$1.00,,13-May-16,115-6209614-0553033,6NH-FQV-FRP,"Order Payment","Product charges",,$5.55,1,"Post-it Note Tabs, 3-3/8 x 2-3/4-Inches, Green and Blue, Lined Paper, 25-Sheets/Pad, 2-Pads/Pack",,,,,
,,,-$1.00,,13-May-16,108-2822929-7655435,0B-682D-5E7G,"Order Payment","Product charges",,$3.99,1,"Disney Finding Nemo Friends Cupcake Rings - 24 ct",,,,,
,,,-$1.43,,13-May-16,106-8777129-1753854,VUZ-WI5-Y6I,"Order Payment","Product charges",,$9.50,1,"Quickie Wipe'n Dry Floor Squeegee-18"" Floor Squeegee",,,,,
,,,-$3.00,,13-May-16,106-0662957-0034620,A7A-6FG-MTL,"Order Payment","Product charges",,$19.98,2,"CHECK BOARD HALF MOON SLICE RUG - GREEN",,,,,
,,,-$2.25,,13-May-16,002-3284362-4695413,6KL-QTZ-BIN,"Order Payment","Product charges",,$14.99,1,"Achim Home Furnishings Outdoor Rubber Mat, Welcome Palms",,,,,
-$1.00,-$1.06,-$0.96,-$2.99,,13-May-16,107-0618640-6569826,1LA-367-84N,"Order Payment","Product charges",,$19.95,1,"Home Basics Shower Head and Massager Set (1, A)",,,,,
-$1.00,-$1.06,-$0.96,-$2.85,,13-May-16,113-1469691-7600269,JE-0F9S-TM6N,"Order Payment","Product charges",,$18.99,1,"Mental Beats Xclusive High Quality Metal Earbuds With Mic and 4' FT Cable (Red,)",$0.56,$0.00,-$0.56,,
-$1.00,-$1.06,-$1.95,-$1.78,,13-May-16,116-6726844-9173050,VG6-VKY-SRF,"Order Payment","Product charges",,$11.85,1,"Better Home New Crochet Vinyl Lace Tablecloth, 70"" Round, White",,,,,
-$1.00,-$1.06,-$0.50,-$1.00,,13-May-16,103-1904798-2501023,6NH-FQV-FRP,"Order Payment","Product charges",,$5.55,1,"Post-it Note Tabs, 3-3/8 x 2-3/4-Inches, Green and Blue, Lined Paper, 25-Sheets/Pad, 2-Pads/Pack",,,,,
-$4.75,-$0.75,,,,,,,,,,,,,,,,-$1.35,
-$1.00,-$2.12,-$1.00,-$2.00,,12-May-16,106-1061405-7242615,6NH-FQV-FRP,"Order Payment","Product charges",,$11.10,2,"Post-it Note Tabs, 3-3/8 x 2-3/4-Inches, Green and Blue, Lined Paper, 25-Sheets/Pad, 2-Pads/Pack",,,,,
-$1.00,-$4.24,-$2.00,-$4.00,,12-May-16,107-5538999-6423457,6NH-FQV-FRP,"Order Payment","Product charges",,$22.20,4,"Post-it Note Tabs, 3-3/8 x 2-3/4-Inches, Green and Blue, Lined Paper, 25-Sheets/Pad, 2-Pads/Pack",,,,,
,,,-$4.50,,12-May-16,113-0442584-2565061,2H-WEOU-4VE8,"Order Payment","Product charges",,$29.99,1,"14"" Portable Tabel Top BBQ Charcoal Grill (Turqouise )",,,,,
-$1.00,-$1.06,-$1.95,-$1.78,,12-May-16,108-2849946-5345821,VG6-VKY-SRF,"Order Payment","Product charges",,$11.85,1,"Better Home New Crochet Vinyl Lace Tablecloth, 70"" Round, White",,,,,
-$1.00,-$1.06,-$0.50,-$1.00,,12-May-16,106-7260708-9415404,6NH-FQV-FRP,"Order Payment","Product charges",,$5.55,1,"Post-it Note Tabs, 3-3/8 x 2-3/4-Inches, Green and Blue, Lined Paper, 25-Sheets/Pad, 2-Pads/Pack",,,,,
-$1.00,-$2.12,-$1.00,-$2.00,,12-May-16,110-2657930-1312214,6NH-FQV-FRP,"Order Payment","Product charges",,$11.10,2,"Post-it Note Tabs, 3-3/8 x 2-3/4-Inches, Green and Blue, Lined Paper, 25-Sheets/Pad, 2-Pads/Pack",,$0.00,,,
-$1.00,-$1.06,-$0.50,-$1.00,,12-May-16,111-1205548-1389014,6NH-FQV-FRP,"Order Payment","Product charges",,$5.55,1,"Post-it Note Tabs, 3-3/8 x 2-3/4-Inches, Green and Blue, Lined Paper, 25-Sheets/Pad, 2-Pads/Pack",,,,,
,,,-$1.50,,12-May-16,104-9521429-4168219,A7A-6FG-MTL,"Order Payment","Product charges",,$9.99,1,"CHECK BOARD HALF MOON SLICE RUG - GREEN",,,,,
-$1.00,-$1.06,-$0.96,-$2.55,,12-May-16,002-4715404-7676232,BX-YPD9-FBE5,"Order Payment","Product charges",,$16.99,1,"Flocked Ultra Thin Heavy Duty Velvet Hangers (25, Grey)",,,,,
,,,-$1.00,,12-May-16,104-1127513-1634608,GFW-H58-E0F,"Order Payment","Product charges",,$6.20,1,"How to Train Your Dragon - Hiccup & Friends Cupcake Rings - 24 pcs",,,,,
-$1.00,-$1.06,-$2.34,-$1.65,,12-May-16,111-6793060-9036205,0W-I967-F2HV,"Order Payment","Product charges",,$10.99,1,"Flocked Ultra Thin Heavy Duty Velvet Hangers (10, Forrest Green)",,,,,
-$1.00,-$1.06,-$0.96,-$2.99,,12-May-16,115-2681839-8893067,1LA-367-84N,"Order Payment","Product charges",,$19.95,1,"Home Basics Shower Head and Massager Set (1, A)",,,,,
-$1.00,-$1.06,-$0.50,-$1.00,,11-May-16,112-3368275-5369015,6NH-FQV-FRP,"Order Payment","Product charges",,$5.55,1,"Post-it Note Tabs, 3-3/8 x 2-3/4-Inches, Green and Blue, Lined Paper, 25-Sheets/Pad, 2-Pads/Pack",,,,,
-$1.00,-$1.06,-$0.50,-$1.00,,11-May-16,107-7442066-4510659,6NH-FQV-FRP,"Order Payment","Product charges",,$5.55,1,"Post-it Note Tabs, 3-3/8 x 2-3/4-Inches, Green and Blue, Lined Paper, 25-Sheets/Pad, 2-Pads/Pack",,,,,
-$1.00,-$1.06,-$0.50,-$1.00,,11-May-16,113-4627309-8555464,6NH-FQV-FRP,"Order Payment","Product charges",,$5.55,1,"Post-it Note Tabs, 3-3/8 x 2-3/4-Inches, Green and Blue, Lined Paper, 25-Sheets/Pad, 2-Pads/Pack",,,,,
-$1.00,-$1.06,-$0.50,-$1.00,,11-May-16,002-7944102-0029826,6NH-FQV-FRP,"Order Payment","Product charges",,$5.55,1,"Post-it Note Tabs, 3-3/8 x 2-3/4-Inches, Green and Blue, Lined Paper, 25-Sheets/Pad, 2-Pads/Pack",,,,,
-$1.00,-$1.06,-$0.50,-$1.00,,11-May-16,115-8509952-8933845,6NH-FQV-FRP,"Order Payment","Product charges",,$5.55,1,"Post-it Note Tabs, 3-3/8 x 2-3/4-Inches, Green and Blue, Lined Paper, 25-Sheets/Pad, 2-Pads/Pack",,,,,
-$1.00,-$5.30,-$2.50,-$5.00,,11-May-16,107-8681613-6771430,6NH-FQV-FRP,"Order Payment","Product charges",,$27.75,5,"Post-it Note Tabs, 3-3/8 x 2-3/4-Inches, Green and Blue, Lined Paper, 25-Sheets/Pad, 2-Pads/Pack",,,,,
-$4.75,-$0.75,,,,,,,,,,,,,,,,-$0.90,
-$1.00,-$3.18,-$1.50,-$3.15,,11-May-16,111-2421577-0059406,CA0-038-BBP,"Order Payment","Product charges",,$20.97,3,"Post-it Mobile Attach and Go Insert, 3.94 x 5.5 Inches, Includes Attach and Go Full Adhesive Notes and Flags Dispenser (PM-INSERT1)",,$0.00,,,
-$1.00,-$1.06,-$0.50,-$1.00,,11-May-16,104-9589090-7015428,6NH-FQV-FRP,"Order Payment","Product charges",,$5.55,1,"Post-it Note Tabs, 3-3/8 x 2-3/4-Inches, Green and Blue, Lined Paper, 25-Sheets/Pad, 2-Pads/Pack",,,,,
,,,-$1.80,,11-May-16,114-0675647-6701811,NG-ZK8N-5OFN,"Order Payment","Product charges",,$11.99,1,"The Walking Dead Men's Lounge Pants (Small 28-30)",,,,,
,,,-$4.50,,11-May-16,111-1468987-0705856,T7V-OOG-WMX,"Order Payment","Product charges",,$29.98,2,"Sterlite Medium Size Sink Dish Rack Drainer (Red)",,,,,
,,,-$1.00,,11-May-16,109-5118699-8079434,GFW-H58-E0F,"Order Payment","Product charges",,$6.20,1,"How to Train Your Dragon - Hiccup & Friends Cupcake Rings - 24 pcs",,,,,
,,,-$1.00,,11-May-16,002-7182146-4702621,GFW-H58-E0F,"Order Payment","Product charges",,$6.20,1,"How to Train Your Dragon - Hiccup & Friends Cupcake Rings - 24 pcs",,,,,
,,,-$1.80,,11-May-16,106-4037864-2005067,IMD-7O9-F1E,"Order Payment","Product charges",,$11.99,1,"New Fabric Sink Skirt - Burgundy 56'wide 32'long",,,,,
,-$4.09,-$4.01,-$3.75,,11-May-16,116-0392087-1455434,22-Q94M-YDGP,"Order Payment","Product charges",,$24.99,1,"Infused Cool Gel Ventilated Core Hypoallergenic MEMORY FOAM Pillow - Cool Ultra Soft Pillow",,,,,
-$1.00,-$1.06,-$0.50,-$1.00,,10-May-16,103-9427851-7317825,6NH-FQV-FRP,"Order Payment","Product charges",,$5.55,1,"Post-it Note Tabs, 3-3/8 x 2-3/4-Inches, Green and Blue, Lined Paper, 25-Sheets/Pad, 2-Pads/Pack",,,,,
-$1.00,-$1.06,-$0.50,-$1.00,,10-May-16,106-8802977-7677851,6NH-FQV-FRP,"Order Payment","Product charges",,$5.55,1,"Post-it Note Tabs, 3-3/8 x 2-3/4-Inches, Green and Blue, Lined Paper, 25-Sheets/Pad, 2-Pads/Pack",,,,,
,-$4.09,-$4.01,-$3.75,,10-May-16,109-3653448-4612245,22-Q94M-YDGP,"Order Payment","Product charges",,$24.99,1,"Infused Cool Gel Ventilated Core Hypoallergenic MEMORY FOAM Pillow - Cool Ultra Soft Pillow",,,,,
-$1.00,-$1.06,-$0.50,-$1.00,-$3.99,10-May-16,105-0271113-5973840,6NH-FQV-FRP,"Order Payment","Product charges",,$5.55,1,"Post-it Note Tabs, 3-3/8 x 2-3/4-Inches, Green and Blue, Lined Paper, 25-Sheets/Pad, 2-Pads/Pack",$3.99,,,,
-$1.00,-$1.06,-$0.50,-$1.00,,10-May-16,105-2219668-0339448,6NH-FQV-FRP,"Order Payment","Product charges",,$5.55,1,"Post-it Note Tabs, 3-3/8 x 2-3/4-Inches, Green and Blue, Lined Paper, 25-Sheets/Pad, 2-Pads/Pack",,,,,
-$1.00,-$1.06,-$0.50,-$1.00,,10-May-16,112-4106654-2736230,6NH-FQV-FRP,"Order Payment","Product charges",,$5.55,1,"Post-it Note Tabs, 3-3/8 x 2-3/4-Inches, Green and Blue, Lined Paper, 25-Sheets/Pad, 2-Pads/Pack",,,,,
-$1.00,-$2.12,-$1.00,-$2.00,,10-May-16,107-4983536-3368204,6NH-FQV-FRP,"Order Payment","Product charges",,$11.10,2,"Post-it Note Tabs, 3-3/8 x 2-3/4-Inches, Green and Blue, Lined Paper, 25-Sheets/Pad, 2-Pads/Pack",,,,,
-$1.00,-$1.06,-$0.50,-$1.00,,10-May-16,107-6166381-7958659,6NH-FQV-FRP,"Order Payment","Product charges",,$5.55,1,"Post-it Note Tabs, 3-3/8 x 2-3/4-Inches, Green and Blue, Lined Paper, 25-Sheets/Pad, 2-Pads/Pack",,$0.00,,,
-$1.00,-$1.06,-$0.96,-$1.80,,10-May-16,108-3119146-3173000,35-4SHO-Y2N9,"Order Payment","Product charges",,$11.99,1,"Mental Beats ICON High Quality Earbuds with 4' FT Tangle Free Cable with Mic (Red, )",,,,,
,,,-$3.60,,10-May-16,115-7781280-3829036,IMD-7O9-F1E,"Order Payment","Product charges",,$23.98,2,"New Fabric Sink Skirt - Burgundy 56'wide 32'long",,,,,
,,,-$1.00,,10-May-16,002-9650223-5661038,9G-CDVH-T2B4,"Order Payment","Product charges",,$3.97,1,"DecoPac How to Train Your Dragon 2 Hiccup and Friends Cupcake Rings (12 Count)",,,,,
,,,-$3.00,,10-May-16,103-0922844-6261868,F9-A7O4-Y0BX,"Order Payment","Product charges",,$19.98,2,"Anti Slip Bathtub Shower Mat - Assorted Colors (yellow)",,,,,
-$1.00,-$1.06,-$0.96,-$1.80,,9-May-16,103-9741255-8410618,Q0-OA97-BH2V,"Order Payment","Product charges",,$11.99,1,"Mental Beats Car Mount Dashboard and Windshield Phone Holder Car Accessories Universal for all Smartphones (Black / Silver )",,,,,
,,,-$7.50,,9-May-16,106-6556177-3164236,2H-FAZS-4VMR,"Order Payment","Product charges",,$49.98,2,"17"" x 24"" Ultra Soft Memory Foam Comfort Bath Mat (Orange)",,,,,
,,,-$4.00,,9-May-16,102-5778826-9449831,9G-CDVH-T2B4,"Order Payment","Product charges",,$15.88,4,"DecoPac How to Train Your Dragon 2 Hiccup and Friends Cupcake Rings (12 Count)",,,,,
,,,-$1.00,,9-May-16,102-0735173-9105858,GFW-H58-E0F,"Order Payment","Product charges",,$6.20,1,"How to Train Your Dragon - Hiccup & Friends Cupcake Rings - 24 pcs",,,,,
,,,-$1.80,,9-May-16,107-8460511-5248205,IMD-7O9-F1E,"Order Payment","Product charges",,$11.99,1,"New Fabric Sink Skirt - Burgundy 56'wide 32'long",,,,,
,,,-$1.00,,9-May-16,107-4276525-5252254,GFW-H58-E0F,"Order Payment","Product charges",,$6.20,1,"How to Train Your Dragon - Hiccup & Friends Cupcake Rings - 24 pcs",,,,,
,,,-$1.28,,9-May-16,111-9581961-7733000,1K9-9M4-YGA,"Order Payment","Product charges",,$8.50,1,"NEW VINYL SHOWER CURTAIN LINER WITH MAGNETS - BROWN",,,,,
-$1.00,-$1.06,-$0.96,-$3.45,,9-May-16,102-7297672-9497042,7W-PCJM-3BVK,"Order Payment","Product charges",,$22.99,1,"Mental Beats Xpert Ultimate Comfort Pillow Soft Over the Ear Headphones with Mic (Red)",$2.79,$0.00,-$2.79,,
-$1.00,-$1.06,-$0.96,-$1.80,,9-May-16,110-4387731-8823414,35-4SHO-Y2N9,"Order Payment","Product charges",,$11.99,1,"Mental Beats ICON High Quality Earbuds with 4' FT Tangle Free Cable with Mic (Red, )",,,,,
,-$4.09,-$8.30,-$6.75,,9-May-16,105-9237356-0959421,Q3-3IFR-V1ZN,"Order Payment","Product charges",,$44.99,1,"Humanscale Zon Air Purifier in White",,$0.00,,,
-$1.00,-$1.06,-$0.96,-$1.80,,9-May-16,104-2602316-2169812,GK-51IE-0Z62,"Order Payment","Product charges",,$11.99,1,"Mental Beats Car Mount Dashboard and Windshield Phone Holder Car Accessories Universal for all Smartphones (Black / Red)",,,,,
,-$8.18,-$8.02,-$7.50,,8-May-16,103-2224754-2927446,22-Q94M-YDGP,"Order Payment","Product charges",,$24.99,1,"Infused Cool Gel Ventilated Core Hypoallergenic MEMORY FOAM Pillow - Cool Ultra Soft Pillow",,,,,
-$1.00,-$2.12,-$3.90,-$3.30,,8-May-16,110-6350724-3543408,WE-YEB6-Q279,"Order Payment","Product charges",,$21.98,2,"Flocked Ultra Thin Heavy Duty Velvet Hangers (10, Grey)",,,,,
-$1.00,-$1.06,-$0.96,-$3.75,,8-May-16,116-4339221-2269053,7W-PCJO-3BVK,"Order Payment","Product charges",,$24.99,1,"Mental Beats Xpert Ultimate Comfort Pillow Soft Over the Ear Headphones with Mic (Black)",$1.32,$0.00,-$1.32,,
,-$1.06,-$1.95,-$1.78,,7-May-16,102-3630945-6205004,VG6-VKY-SRF,"Order Payment","Product charges",,$11.85,1,"Better Home New Crochet Vinyl Lace Tablecloth, 70"" Round, White",$1.82,$0.00,-$1.82,,
-$1.00,-$1.06,-$0.50,-$1.00,,7-May-16,107-7224153-9367435,6NH-FQV-FRP,"Order Payment","Product charges",,$5.55,1,"Post-it Note Tabs, 3-3/8 x 2-3/4-Inches, Green and Blue, Lined Paper, 25-Sheets/Pad, 2-Pads/Pack",,$0.00,,,
-$1.00,-$1.06,-$0.96,-$1.80,-$11.01,7-May-16,108-8028798-7201010,CM-O188-8KK2,"Order Payment","Product charges",,$11.99,1,"Mental Beats ICON High Quality Earbuds with 4' FT Tangle Free Cable with Mic (Black)",$11.01,,,,
,-$4.09,-$4.01,-$3.75,,7-May-16,115-3771616-3090631,22-Q94M-YDGP,"Order Payment","Product charges",,$24.99,1,"Infused Cool Gel Ventilated Core Hypoallergenic MEMORY FOAM Pillow - Cool Ultra Soft Pillow",,,,,
,-$8.18,-$8.02,-$12.00,,7-May-16,109-4125941-5461862,3Y-2VGV-AZ21,"Order Payment","Product charges",,$39.99,1,"Cool Gel Memory Foam Ventilated Core Hypoallergenic Standard Pillow",,,,,
-$1.00,-$2.12,-$3.30,-$3.30,,7-May-16,002-1324756-7967418,0W-I967-F2HV,"Order Payment","Product charges",,$10.99,1,"Flocked Ultra Thin Heavy Duty Velvet Hangers (10, Forrest Green)",,,,,
,-$4.09,-$4.01,-$3.75,,7-May-16,107-0284521-9604229,22-Q94M-YDGP,"Order Payment","Product charges",,$24.99,1,"Infused Cool Gel Ventilated Core Hypoallergenic MEMORY FOAM Pillow - Cool Ultra Soft Pillow",,,,,
-$1.00,-$1.06,-$0.96,-$3.75,-$2.99,7-May-16,113-5475695-2699467,7W-PCJK-3BVK,"Order Payment","Product charges",,$24.99,1,"Mental Beats Xpert Ultimate Comfort Pillow Soft Over the Ear Headphones with Mic (Champagne)",$2.99,$0.00,,,
-$1.00,-$1.06,-$0.50,-$1.00,,7-May-16,002-6498167-8600207,6NH-FQV-FRP,"Order Payment","Product charges",,$5.55,1,"Post-it Note Tabs, 3-3/8 x 2-3/4-Inches, Green and Blue, Lined Paper, 25-Sheets/Pad, 2-Pads/Pack",,,,,
-$1.00,-$1.06,-$0.50,-$1.00,,6-May-16,103-1037401-7971442,6NH-FQV-FRP,"Order Payment","Product charges",,$5.55,1,"Post-it Note Tabs, 3-3/8 x 2-3/4-Inches, Green and Blue, Lined Paper, 25-Sheets/Pad, 2-Pads/Pack",$0.85,$0.00,-$0.85,,
-$1.00,-$1.06,-$1.95,-$1.78,,6-May-16,102-3630945-6205004,VG6-VKY-SRF,"Order Payment","Product charges",,$11.85,1,"Better Home New Crochet Vinyl Lace Tablecloth, 70"" Round, White",$1.83,$0.00,-$1.83,,
-$1.00,-$1.06,-$0.96,-$3.75,,6-May-16,114-9438519-4930655,7W-PCJO-3BVK,"Order Payment","Product charges",,$24.99,1,"Mental Beats Xpert Ultimate Comfort Pillow Soft Over the Ear Headphones with Mic (Black)",$1.69,$0.00,-$1.69,,
,,,-$3.60,,6-May-16,106-5535047-9425001,Q0-0DR2-BISB,"Order Payment","Product charges",,$11.99,1,"The Walking Dead Men's Lounge Pants (XLarge 40-42)",,,,,
,,,-$1.80,,6-May-16,108-8234456-0495424,48G-DZ2-8HT,"Order Payment","Product charges",,$11.99,1,"Better Home Xlarge Fabric Waterproof Washing Machine Cover with Zippered Top Material Appliance (Chocolate Brown)",,,,,
,,,-$1.28,,6-May-16,102-8381111-3573018,1K9-9M4-YGA,"Order Payment","Product charges",,$8.50,1,"NEW VINYL SHOWER CURTAIN LINER WITH MAGNETS - BROWN",,,,,
,-$4.09,-$4.01,-$6.00,,6-May-16,112-6312941-6749864,3Y-2VGV-AZ21,"Order Payment","Product charges",,$39.99,1,"Cool Gel Memory Foam Ventilated Core Hypoallergenic Standard Pillow",,,,,
-$1.00,-$1.06,-$1.95,-$1.78,,6-May-16,112-1381545-1011429,VG6-VKY-SRF,"Order Payment","Product charges",,$11.85,1,"Better Home New Crochet Vinyl Lace Tablecloth, 70"" Round, White",$1.15,$0.00,-$1.15,,
-$1.00,-$1.06,-$0.96,-$1.80,,5-May-16,104-5617028-9237814,Q0-OA97-BH2V,"Order Payment","Product charges",,$11.99,1,"Mental Beats Car Mount Dashboard and Windshield Phone Holder Car Accessories Universal for all Smartphones (Black / Silver )",,,,,
-$1.00,-$1.06,-$0.50,-$1.00,,5-May-16,114-0499071-1759439,6NH-FQV-FRP,"Order Payment","Product charges",,$5.55,1,"Post-it Note Tabs, 3-3/8 x 2-3/4-Inches, Green and Blue, Lined Paper, 25-Sheets/Pad, 2-Pads/Pack",,$0.00,,,
-$1.00,-$1.06,-$0.50,-$1.00,,5-May-16,107-3038557-1808246,6NH-FQV-FRP,"Order Payment","Product charges",,$5.55,1,"Post-it Note Tabs, 3-3/8 x 2-3/4-Inches, Green and Blue, Lined Paper, 25-Sheets/Pad, 2-Pads/Pack",$1.17,$0.00,-$1.17,,
,-$4.09,-$4.01,-$4.50,,5-May-16,116-5139965-1079467,22-Q94M-YDGP,"Order Payment","Product charges",,$29.99,1,"Infused Cool Gel Ventilated Core Hypoallergenic MEMORY FOAM Pillow - Cool Ultra Soft Pillow",,,,,
,-$4.09,-$4.01,-$4.50,-$3.99,5-May-16,111-7902079-3674608,22-Q94M-YDGP,"Order Payment","Product charges",,$29.99,1,"Infused Cool Gel Ventilated Core Hypoallergenic MEMORY FOAM Pillow - Cool Ultra Soft Pillow",$3.99,,,,
,-$4.09,-$4.01,-$4.50,,5-May-16,002-0360763-0764248,22-Q94M-YDGP,"Order Payment","Product charges",,$29.99,1,"Infused Cool Gel Ventilated Core Hypoallergenic MEMORY FOAM Pillow - Cool Ultra Soft Pillow",,,,,
,,,-$0.60,,5-May-16,105-2231917-3945821,9G-CDVH-T2B4,"Order Payment","Product charges",,$3.97,1,"DecoPac How to Train Your Dragon 2 Hiccup and Friends Cupcake Rings (12 Count)",$4.50,,,,-$0.67
,,,-$1.80,,5-May-16,112-5745264-4184221,XMB-3Q5-TDR,"Order Payment","Product charges",,$11.99,1,"Better Home New Fabric Sink Skirt, Sage Green",,,,,
,,,-$2.00,,5-May-16,107-5358997-7109014,9G-CDVH-T2B4,"Order Payment","Product charges",,$7.94,2,"DecoPac How to Train Your Dragon 2 Hiccup and Friends Cupcake Rings (12 Count)",,,,,
,,,-$4.00,,5-May-16,113-7620612-6517017,9G-CDVH-T2B4,"Order Payment","Product charges",,$15.88,4,"DecoPac How to Train Your Dragon 2 Hiccup and Friends Cupcake Rings (12 Count)",,,,,
-$1.00,-$1.06,-$0.96,-$1.34,-$6.03,5-May-16,110-1816612-8584242,FV-XXFT-7P69,"Order Payment","Product charges",,$8.95,1,"My Little Pony Soft Tote Lunch Box",$6.03,,,,
,-$4.09,-$4.01,-$6.00,,5-May-16,103-3020073-7722607,3Y-2VGV-AZ21,"Order Payment","Product charges",,$39.99,1,"Cool Gel Memory Foam Ventilated Core Hypoallergenic Standard Pillow",,,,,
-$1.00,-$1.06,-$0.50,-$1.00,-$3.99,4-May-16,107-9218645-8727447,6NH-FQV-FRP,"Order Payment","Product charges",,$5.55,1,"Post-it Note Tabs, 3-3/8 x 2-3/4-Inches, Green and Blue, Lined Paper, 25-Sheets/Pad, 2-Pads/Pack",$3.99,,,,
-$1.00,-$1.06,-$0.50,-$1.00,,4-May-16,002-9805000-8304206,6NH-FQV-FRP,"Order Payment","Product charges",,$5.55,1,"Post-it Note Tabs, 3-3/8 x 2-3/4-Inches, Green and Blue, Lined Paper, 25-Sheets/Pad, 2-Pads/Pack",,,,,
-$4.75,-$0.75,,,,,,,,,,,,,,,,-$1.35,
-$1.00,-$1.06,-$0.96,-$3.00,,4-May-16,115-7386738-1356222,3G-5P9S-KWAT,"Order Payment","Product charges",,$19.99,1,"Mental Beats Xcentric Earbuds with Metal Mic Includes Tangle Free Flatwire Cord (Silver)",,,,,
-$1.00,-$1.06,-$0.96,-$1.80,-$22.53,4-May-16,108-8161875-7932212,CM-O188-8KK2,"Order Payment","Product charges",,$11.99,1,"Mental Beats ICON High Quality Earbuds with 4' FT Tangle Free Cable with Mic (Black)",$22.53,,,,
-$4.75,-$0.75,,,,,,,,,,,,,,,,-$0.45,
,,,-$1.80,,4-May-16,113-9367859-5163468,NC-9ZKA-M2HY,"Order Payment","Product charges",,$11.99,1,"The Walking Dead Men's Lounge Pants (Medium 32-34)",,,,,
,,,-$3.85,,4-May-16,106-2324397-4094627,7L-E2XK-GJ7X,"Order Payment","Product charges",,$25.64,1,"Comfort Zone CZST161BTEBK Pedestal Fan",,,,,
,,,-$3.60,,4-May-16,107-8722180-4679404,P0-AI0C-VFF3,"Order Payment","Product charges",,$11.99,1,"George Mens Premium Perfomance Cotton Blend Moisture Wicking Polo (XL, Grey Boxes)",,,,,
,-$8.18,-$16.60,-$13.50,-$41.32,4-May-16,104-9412290-0899442,Q3-3IFR-V1ZN,"Order Payment","Product charges",,$44.99,1,"Humanscale Zon Air Purifier in White",$41.32,,,,
-$1.00,-$1.06,-$0.50,-$1.00,,4-May-16,103-6495392-1603445,6NH-FQV-FRP,"Order Payment","Product charges",,$5.55,1,"Post-it Note Tabs, 3-3/8 x 2-3/4-Inches, Green and Blue, Lined Paper, 25-Sheets/Pad, 2-Pads/Pack",,,,,
-$1.00,-$1.06,-$0.50,-$1.00,,4-May-16,104-4891437-6533854,6NH-FQV-FRP,"Order Payment","Product charges",,$5.55,1,"Post-it Note Tabs, 3-3/8 x 2-3/4-Inches, Green and Blue, Lined Paper, 25-Sheets/Pad, 2-Pads/Pack",,,,,
-$4.75,-$0.75,,,,,,,,,,,,,,,,-$1.35,
-$1.00,-$1.06,-$4.29,-$2.55,,3-May-16,112-6806562-2094632,RO-6RXH-KT8V,"Order Payment","Product charges",,$16.99,1,"Flocked Ultra Thin Heavy Duty Velvet Hangers (25, Ivory)",,,,,
-$1.00,-$1.06,-$0.96,-$2.85,,3-May-16,104-7045803-8543441,0I-XXS3-8MCZ,"Order Payment","Product charges",,$18.99,1,"Mental Beats Xclusive High Quality Metal Earbuds With Mic and 4' FT Cable (Gold)",,,,,
-$1.00,-$1.06,-$0.96,-$1.80,,3-May-16,102-5371835-0598613,LA-WNVM-684G,"Order Payment","Product charges",,$11.99,1,"Mental Beats Car Mount Dashboard and Windshield Phone Holder Car Accessories Universal for all Smartphones (Black / White)",,,,,
-$1.00,-$1.06,-$4.29,-$2.55,,3-May-16,107-6709820-5804234,RO-6RXH-KT8V,"Order Payment","Product charges",,$16.99,1,"Flocked Ultra Thin Heavy Duty Velvet Hangers (25, Ivory)",,,,,
-$1.00,-$1.06,-$0.50,-$1.00,,3-May-16,002-3511752-7488238,6NH-FQV-FRP,"Order Payment","Product charges",,$5.55,1,"Post-it Note Tabs, 3-3/8 x 2-3/4-Inches, Green and Blue, Lined Paper, 25-Sheets/Pad, 2-Pads/Pack",,,,,
-$1.00,-$1.06,-$0.50,-$1.00,,3-May-16,105-4280097-5475437,6NH-FQV-FRP,"Order Payment","Product charges",,$5.55,1,"Post-it Note Tabs, 3-3/8 x 2-3/4-Inches, Green and Blue, Lined Paper, 25-Sheets/Pad, 2-Pads/Pack",,,,,
-$1.00,-$1.06,-$0.96,-$3.75,,3-May-16,113-2557503-4623435,7W-PCJO-3BVK,"Order Payment","Product charges",,$24.99,1,"Mental Beats Xpert Ultimate Comfort Pillow Soft Over the Ear Headphones with Mic (Black)",,,,,
-$1.00,-$1.06,-$0.96,-$3.75,,3-May-16,116-7193326-8344236,7W-PCJO-3BVK,"Order Payment","Product charges",,$24.99,1,"Mental Beats Xpert Ultimate Comfort Pillow Soft Over the Ear Headphones with Mic (Black)",,$0.00,,,
,-$4.09,-$3.62,-$4.50,,3-May-16,002-2968686-8057801,22-Q94M-YDGP,"Order Payment","Product charges",,$29.99,1,"Infused Cool Gel Ventilated Core Hypoallergenic MEMORY FOAM Pillow - Cool Ultra Soft Pillow",,,,,
,,,-$3.33,,3-May-16,108-9735952-4281050,P1O-M6B-QU8,"Order Payment","Product charges",,$22.17,1,"1.88-Gal Round Roll Up Trash Can Color: Beige",,,,,
,,,-$1.79,,3-May-16,103-5570967-9516226,R6-ADU0-UQOZ,"Order Payment","Product charges",,$11.94,1,"Sunbeam Ultra Slim Space Saving Multi Tier Velvet Trouser Hangers (Pack of 3)",,,,,
,,,-$1.00,,3-May-16,105-0347366-3700236,9G-CDVH-T2B4,"Order Payment","Product charges",,$1.99,1,"DecoPac How to Train Your Dragon 2 Hiccup and Friends Cupcake Rings (12 Count)",,,,,
,,,-$2.00,,3-May-16,107-5940237-3041852,9G-CDVH-T2B4,"Order Payment","Product charges",,$3.98,2,"DecoPac How to Train Your Dragon 2 Hiccup and Friends Cupcake Rings (12 Count)",,,,,
-$1.00,-$1.06,-$0.50,-$1.00,,3-May-16,110-9184030-8109064,6NH-FQV-FRP,"Order Payment","Product charges",,$5.55,1,"Post-it Note Tabs, 3-3/8 x 2-3/4-Inches, Green and Blue, Lined Paper, 25-Sheets/Pad, 2-Pads/Pack",,,,,
-$4.75,-$0.75,,,,,,,,,,,,,,,,-$0.50,
-$1.00,-$1.06,-$0.50,-$1.00,-$1.61,3-May-16,116-8134992-4368203,6NH-FQV-FRP,"Order Payment","Product charges",,$5.55,1,"Post-it Note Tabs, 3-3/8 x 2-3/4-Inches, Green and Blue, Lined Paper, 25-Sheets/Pad, 2-Pads/Pack",$1.61,,,,
-$4.75,-$0.75,,,,,,,,,,,,,,,,-$0.45,
-$1.00,-$1.06,-$0.50,-$1.00,,3-May-16,102-7760533-7930636,6NH-FQV-FRP,"Order Payment","Product charges",,$5.55,1,"Post-it Note Tabs, 3-3/8 x 2-3/4-Inches, Green and Blue, Lined Paper, 25-Sheets/Pad, 2-Pads/Pack",,,,,
-$1.00,-$1.06,-$0.50,-$1.00,,2-May-16,111-4355174-8697059,6NH-FQV-FRP,"Order Payment","Product charges",,$5.55,1,"Post-it Note Tabs, 3-3/8 x 2-3/4-Inches, Green and Blue, Lined Paper, 25-Sheets/Pad, 2-Pads/Pack",,,,,
-$1.00,-$1.06,-$0.50,-$1.00,,2-May-16,104-4851336-7139454,6NH-FQV-FRP,"Order Payment","Product charges",,$5.55,1,"Post-it Note Tabs, 3-3/8 x 2-3/4-Inches, Green and Blue, Lined Paper, 25-Sheets/Pad, 2-Pads/Pack",,,,,
,-$4.09,-$4.01,-$6.00,,2-May-16,114-6423904-3538619,3Y-2VGV-AZ21,"Order Payment","Product charges",,$39.99,1,"Cool Gel Memory Foam Ventilated Core Hypoallergenic Standard Pillow",,,,,
,-$4.09,-$4.01,-$6.00,,2-May-16,103-7852946-0307425,3Y-2VGV-AZ21,"Order Payment","Product charges",,$39.99,1,"Cool Gel Memory Foam Ventilated Core Hypoallergenic Standard Pillow",,,,,
,-$1.06,-$0.96,-$1.65,-$2.16,2-May-16,106-5663081-4838623,RO-6RXN-KT8V,"Order Payment","Product charges",,$10.99,1,"Flocked Ultra Thin Heavy Duty Velvet Hangers (10, Black)",$2.16,,,,
-$1.00,-$1.06,-$0.96,-$1.65,,2-May-16,102-6021755-7111417,RO-6RXN-KT8V,"Order Payment","Product charges",,$10.99,1,"Flocked Ultra Thin Heavy Duty Velvet Hangers (10, Black)",,,,,
-$1.00,-$1.06,-$0.50,-$1.00,,2-May-16,106-5377398-7866658,6NH-FQV-FRP,"Order Payment","Product charges",,$5.55,1,"Post-it Note Tabs, 3-3/8 x 2-3/4-Inches, Green and Blue, Lined Paper, 25-Sheets/Pad, 2-Pads/Pack",,,,,
-$1.00,-$1.06,-$0.50,-$1.00,,2-May-16,109-2672980-7189051,6NH-FQV-FRP,"Order Payment","Product charges",,$5.55,1,"Post-it Note Tabs, 3-3/8 x 2-3/4-Inches, Green and Blue, Lined Paper, 25-Sheets/Pad, 2-Pads/Pack",,,,,
-$1.00,-$1.06,-$0.96,-$3.00,,2-May-16,112-8411745-0647401,CW-OXZZ-VE7M,"Order Payment","Product charges",,$19.99,1,"Mental Beats Xcentric Earbuds with Metal Mic Includes Tangle Free Flatwire Cord (Green)",,,,,
-$1.00,-$2.12,-$1.00,-$2.00,,2-May-16,112-8083963-5429845,6NH-FQV-FRP,"Order Payment","Product charges",,$11.10,2,"Post-it Note Tabs, 3-3/8 x 2-3/4-Inches, Green and Blue, Lined Paper, 25-Sheets/Pad, 2-Pads/Pack",,,,,
-$1.00,-$1.06,-$0.50,-$1.00,,2-May-16,107-0258171-4108259,6NH-FQV-FRP,"Order Payment","Product charges",,$5.55,1,"Post-it Note Tabs, 3-3/8 x 2-3/4-Inches, Green and Blue, Lined Paper, 25-Sheets/Pad, 2-Pads/Pack",,,,,
-$1.00,-$1.06,-$0.50,-$1.00,,2-May-16,104-3619616-8693803,6NH-FQV-FRP,"Order Payment","Product charges",,$5.55,1,"Post-it Note Tabs, 3-3/8 x 2-3/4-Inches, Green and Blue, Lined Paper, 25-Sheets/Pad, 2-Pads/Pack",,,,,
-$1.00,-$1.06,-$4.29,-$2.55,,2-May-16,114-7920408-9183430,RO-6RXH-KT8V,"Order Payment","Product charges",,$16.99,1,"Flocked Ultra Thin Heavy Duty Velvet Hangers (25, Ivory)",,,,,
-$1.00,-$1.06,-$0.50,-$1.00,-$3.70,2-May-16,102-1431664-6909065,6NH-FQV-FRP,"Order Payment","Product charges",,$5.55,1,"Post-it Note Tabs, 3-3/8 x 2-3/4-Inches, Green and Blue, Lined Paper, 25-Sheets/Pad, 2-Pads/Pack",$3.70,,,,
,,,-$4.95,,2-May-16,104-1646286-2575434,0P-2MAD-BWVZ,"Order Payment","Product charges",,$32.99,1,"FRIGIDAIRE Easy Seal BPA Free Storage Containers (4, 1.7 Liter Long Container)",,,,,
,,,-$2.00,,2-May-16,104-9619026-1055446,9G-CDVH-T2B4,"Order Payment","Product charges",,$3.98,2,"DecoPac How to Train Your Dragon 2 Hiccup and Friends Cupcake Rings (12 Count)",,,,,
,,,-$3.86,,2-May-16,105-1450472-5809854,7L-E2XK-GJ7X,"Order Payment","Product charges",,$25.73,1,"Comfort Zone CZST161BTEBK Pedestal Fan",,,,,
,,,-$2.85,,2-May-16,107-1368509-5529869,5Q2-DHD-2T1,"Order Payment","Product charges",,$18.99,1,"Double Swag Shower Curtain With Liner Set, Burgundy, 70x72 Inches",,,,,
,,,-$3.45,,2-May-16,107-6727741-3243421,41-GI3Q-UMAK,"Order Payment","Product charges",,$22.99,1,"Geometric Style Water Resistant Printed Jumbo Canvas Beach Bag with Inner Wet Suit Pocket - Assorted Colors (Blue Squares)",,,,,
,,,-$1.00,,2-May-16,108-4775103-3851463,Z8T-IQ3-M1X,"Order Payment","Product charges",,$6.45,1,"GAM Plastic Safety Goggles (2 Pack)",,,,,
,,,-$3.45,,2-May-16,110-2370743-1965824,99-YUZE-PWXK,"Order Payment","Product charges",,$22.99,1,"Floral Style Water Resistant Printed Jumbo Canvas Beach Bag with Inner Wet Suit Pocket - Assorted Colors (Blue Floral)",$4.49,,,,-$0.67
,,,-$9.75,,2-May-16,110-9024686-2547432,CF-TEVC-5FHU,"Order Payment","Product charges",,$64.99,1,"Mizone Glitter Reversible Printed Plush Comforter Mini Set - Black, Full / Queen",,,,,
,,,-$4.00,,2-May-16,111-0804791-0755404,9G-CDVH-T2B4,"Order Payment","Product charges",,$7.96,4,"DecoPac How to Train Your Dragon 2 Hiccup and Friends Cupcake Rings (12 Count)",,,,,
,,,-$4.00,,2-May-16,114-8442446-1994646,9G-CDVH-T2B4,"Order Payment","Product charges",,$7.96,4,"DecoPac How to Train Your Dragon 2 Hiccup and Friends Cupcake Rings (12 Count)",,,,,
,,,-$3.00,,2-May-16,102-0503097-6468209,9G-CDVH-T2B4,"Order Payment","Product charges",,$5.97,3,"DecoPac How to Train Your Dragon 2 Hiccup and Friends Cupcake Rings (12 Count)",,,,,
,,,-$2.25,,2-May-16,110-0617479-9017853,6KL-QTZ-BIN,"Order Payment","Product charges",,$14.99,1,"Achim Home Furnishings Outdoor Rubber Mat, Welcome Palms",,,,,
,,,-$1.05,,2-May-16,116-6229901-9434644,CA0-038-BBP,"Order Payment","Product charges",,$6.99,1,"Post-it Mobile Attach and Go Insert, 3.94 x 5.5 Inches, Includes Attach and Go Full Adhesive Notes and Flags Dispenser (PM-INSERT1)",,,,,
-$1.00,-$1.06,-$0.50,-$1.00,,2-May-16,114-4664667-9074664,6NH-FQV-FRP,"Order Payment","Product charges",,$5.55,1,"Post-it Note Tabs, 3-3/8 x 2-3/4-Inches, Green and Blue, Lined Paper, 25-Sheets/Pad, 2-Pads/Pack",,,,,
-$1.00,-$1.06,-$4.29,-$2.55,,2-May-16,103-9771607-6274604,RO-6RXH-KT8V,"Order Payment","Product charges",,$16.99,1,"Flocked Ultra Thin Heavy Duty Velvet Hangers (25, Ivory)",,,,,
,-$8.18,-$7.24,-$9.00,,2-May-16,115-4736160-9908250,BQ-4FEP-C3OH,"Order Payment","Product charges",,$29.99,1,"Hypoallergenic Contour Bamboo Memory Foam Pillow Great for Relieving Neck and Shoulder Aches",,,,,
,-$8.18,-$7.24,-$9.00,,2-May-16,102-1102030-5145027,BQ-4FEP-C3OH,"Order Payment","Product charges",,$59.98,2,"Hypoallergenic Contour Bamboo Memory Foam Pillow Great for Relieving Neck and Shoulder Aches",,,,,
,-$4.09,-$3.62,-$4.50,,1-May-16,108-2839526-6693806,22-Q94M-YDGP,"Order Payment","Product charges",,$29.99,1,"Infused Cool Gel Ventilated Core Hypoallergenic MEMORY FOAM Pillow - Cool Ultra Soft Pillow",,,,,
-$1.00,-$1.06,-$2.34,-$1.65,,1-May-16,104-6770681-8129010,0W-I967-F2HV,"Order Payment","Product charges",,$10.99,1,"Flocked Ultra Thin Heavy Duty Velvet Hangers (10, Forrest Green)",,,,,
-$1.00,-$1.06,-$0.50,-$1.00,,1-May-16,116-3545263-7460237,6NH-FQV-FRP,"Order Payment","Product charges",,$5.55,1,"Post-it Note Tabs, 3-3/8 x 2-3/4-Inches, Green and Blue, Lined Paper, 25-Sheets/Pad, 2-Pads/Pack",,,,,
-$1.00,-$1.06,-$0.96,-$2.55,,1-May-16,116-4247673-4357821,BX-YPD9-FBE5,"Order Payment","Product charges",,$16.99,1,"Flocked Ultra Thin Heavy Duty Velvet Hangers (25, Grey)",,,,,
,-$4.09,-$3.62,-$4.50,,1-May-16,111-3467079-2643443,BQ-4FEP-C3OH,"Order Payment","Product charges",,$29.99,1,"Hypoallergenic Contour Bamboo Memory Foam Pillow Great for Relieving Neck and Shoulder Aches",,,,,
,-$4.09,-$3.62,-$4.50,,1-May-16,106-3492784-4951448,22-Q94M-YDGP,"Order Payment","Product charges",,$29.99,1,"Infused Cool Gel Ventilated Core Hypoallergenic MEMORY FOAM Pillow - Cool Ultra Soft Pillow",,,,,
-$1.00,-$4.24,-$2.00,-$4.00,,1-May-16,108-1430663-5254602,6NH-FQV-FRP,"Order Payment","Product charges",,$22.20,4,"Post-it Note Tabs, 3-3/8 x 2-3/4-Inches, Green and Blue, Lined Paper, 25-Sheets/Pad, 2-Pads/Pack",,,,,
-$1.00,-$2.12,-$1.92,-$6.00,,1-May-16,107-3738492-1278652,3G-5P9S-KWAT,"Order Payment","Product charges",,$19.99,1,"Mental Beats Xcentric Earbuds with Metal Mic Includes Tangle Free Flatwire Cord (Silver)",,,,,
-$1.00,-$5.30,-$4.80,-$9.00,,1-May-16,112-6726338-3909813,HC-FNLT-DTIH,"Order Payment","Product charges",,$59.95,5,"Mental Beats ICON High Quality Earbuds with 4' FT Tangle Free Cable with Mic (Blue,)",,,,,
-$1.00,-$1.06,-$0.50,-$1.00,,1-May-16,114-9336813-2985828,6NH-FQV-FRP,"Order Payment","Product charges",,$5.55,1,"Post-it Note Tabs, 3-3/8 x 2-3/4-Inches, Green and Blue, Lined Paper, 25-Sheets/Pad, 2-Pads/Pack",,,,,
