"Amazon fees - FBA Order Handling Fee","Amazon fees - FBA Pick & Pack Fee","Amazon fees - FBA Weight Handling Fee","Amazon fees - Referral Fee on Item Price",Date,"Order ID",SKU,"Transaction type","Payment Type","Payment Detail",Amount,Quantity,"Product Title","Amazon fees - Shipping Chargeback","Other - Shipping","Promo rebates - ","Promo rebates - Shipping","Amazon fees - FBA transportation fee","Amazon fees - Shipping commission"
-$1.00,-$2.12,-$5.46,-$3.16,30-Jun-16,111-6793187-6711429,796-O5Z-5NP,"Order Payment","Product charges",,$10.50,1,"1 Ball 64oz Wide Mouth Half Gallon Mason Jar",,,,,,
-$1.00,-$1.06,-$2.73,-$1.58,30-Jun-16,109-4110049-0269835,796-O5Z-5NP,"Order Payment","Product charges",,$10.50,1,"1 Ball 64oz Wide Mouth Half Gallon Mason Jar",,,,,,
-$1.00,-$1.06,-$2.73,-$1.58,30-Jun-16,103-4789184-2991456,796-O5Z-5NP,"Order Payment","Product charges",,$10.50,1,"1 Ball 64oz Wide Mouth Half Gallon Mason Jar",,,,,,
-$1.00,-$1.06,-$0.96,-$3.75,30-Jun-16,109-5216874-7501866,7W-PCJO-3BVK,"Order Payment","Product charges",,$24.99,1,"Mental Beats Xpert Ultimate Comfort Pillow Soft Over the Ear Headphones with Mic (Black)",,,,,,
,-$8.18,-$5.68,-$7.46,30-Jun-16,102-6334696-4085824,YN2-YR1-G4J,"Order Payment","Product charges",,$49.78,2,"Home Dynamix Feel At Ease Mat 24"" x 36""",,,,,,
-$1.00,-$1.06,-$0.96,-$1.65,29-Jun-16,105-7046651-3428227,Q0-OA97-BH2V,"Order Payment","Product charges",,$10.99,1,"Mental Beats Car Mount Dashboard and Windshield Phone Holder Car Accessories Universal for all Smartphones (Black / Silver )",-$3.99,$3.99,,,,
,-$4.09,-$3.62,-$4.50,28-Jun-16,115-1854649-7997002,BQ-4FEP-C3OH,"Order Payment","Product charges",,$29.99,1,"D&S 18.5-Inch-by-11.5-Inch-by-3.5-Inch Contour Bamboo Memory Foam Pillow",,$2.53,$0.00,-$2.53,,
,,,-$2.25,28-Jun-16,103-2663072-9841829,L9O-HV2-209,"Order Payment","Product charges",,$14.99,1,"Home Basics Over The Counter Hairdryer Holder",,,,,,
,,,-$8.25,28-Jun-16,106-0860492-1381845,VO6-KH8-U2Q,"Order Payment","Product charges",,$54.99,1,"Oster 8-Speed Blender",,,,,,
,,,-$8.25,28-Jun-16,104-5559851-8225040,VO6-KH8-U2Q,"Order Payment","Product charges",,$54.99,1,"Oster 8-Speed Blender",,,,,,
-$4.75,-$0.75,,,,,,,,,,,,,,,,-$0.45,
-$4.75,-$0.75,,,,,,,,,,,,,,,,-$0.45,
-$1.00,-$1.06,-$0.96,-$2.85,28-Jun-16,113-0429716-3185049,58-PK5O-DVBE,"Order Payment","Product charges",,$18.99,1,"Mental Beats Xclusive High Quality Metal Earbuds With Mic and 4' FT Cable (Blue,)",,,,,,
,,,-$3.60,28-Jun-16,106-9297911-3328212,67-OY4J-U1J7,"Order Payment","Product charges",,$23.98,2,"The Walking Dead Men's Lounge Pants (Large 36-38)",,,,,,
,,,-$3.60,28-Jun-16,108-9231519-1458664,8A-5HQC-9TXJ,"Order Payment","Product charges",,$23.98,2,"Heavy Duty Window Clear Vinyl Tabel Cover (60"" x 90"" Oval)",,,,,,
,,,-$2.85,28-Jun-16,114-0497833-9665856,HMR-UM4-V1X,"Order Payment","Product charges",,$18.99,1,"DOUBLE SWAG SHOWER CURTAIN, LINER & RINGS , Rose Pink",,,,,,
,,,-$3.00,28-Jun-16,115-0126741-4363449,F9-A7O4-Y0BX,"Order Payment","Product charges",,$19.98,2,"Anti Slip Bathtub Shower Mat - Assorted Colors (yellow)",,,,,,
,,,-$1.88,28-Jun-16,105-3516426-1531438,58-DDQT-DY4N,"Order Payment","Product charges",,$12.50,1,"Hanes Women's T-Shirt Underwire Bra, Nude,38B",,,,,,
-$1.00,-$1.06,-$0.96,-$3.00,28-Jun-16,106-3665085-0257806,CW-OY03-VE7M,"Order Payment","Product charges",,$19.99,1,"Mental Beats Xcentric Earbuds with Metal Mic Includes Tangle Free Flatwire Cord (Pink)",,,,,,
,-$4.09,-$3.62,-$3.75,28-Jun-16,102-5933738-8522661,22-Q94M-YDGP,"Order Payment","Product charges",,$24.99,1,"D&S Infused Cool Gel Ventilated Core Hypoallergenic MEMORY FOAM Pillow - Cool Ultra Soft Pillow",-$4.72,$4.72,,,,
-$1.00,-$1.06,-$2.73,-$1.58,28-Jun-16,002-4720409-9385064,796-O5Z-5NP,"Order Payment","Product charges",,$10.50,1,"1 Ball 64oz Wide Mouth Half Gallon Mason Jar",,,,,,
-$1.00,-$1.06,-$0.50,-$1.05,27-Jun-16,112-3805938-3361002,CA0-038-BBP,"Order Payment","Product charges",,$6.99,1,"Post-it Mobile Attach and Go Insert, 3.94 x 5.5 Inches, Includes Attach and Go Full Adhesive Notes and Flags Dispenser (PM-INSERT1)",,,,,,
-$1.00,-$1.06,-$0.96,-$1.65,27-Jun-16,114-8942779-8613850,LA-WNVM-684G,"Order Payment","Product charges",,$10.99,1,"Mental Beats Car Mount Dashboard and Windshield Phone Holder Car Accessories Universal for all Smartphones (Black / White)",,,,,,
,-$4.09,-$3.62,-$3.75,27-Jun-16,106-1107365-6235446,22-Q94M-YDGP,"Order Payment","Product charges",,$24.99,1,"D&S Infused Cool Gel Ventilated Core Hypoallergenic MEMORY FOAM Pillow - Cool Ultra Soft Pillow",,,,,,
-$1.00,-$4.24,-$10.92,-$6.32,27-Jun-16,112-2982696-1042602,796-O5Z-5NP,"Order Payment","Product charges",,$21.00,2,"1 Ball 64oz Wide Mouth Half Gallon Mason Jar",-$27.96,$27.96,,,,
-$1.00,-$1.06,-$0.96,-$1.65,27-Jun-16,115-9167453-8966650,LA-WNVM-684G,"Order Payment","Product charges",,$10.99,1,"Mental Beats Car Mount Dashboard and Windshield Phone Holder Car Accessories Universal for all Smartphones (Black / White)",,,,,,
-$1.00,-$1.06,-$0.96,-$1.65,27-Jun-16,116-5479100-8557823,Q0-OA97-BH2V,"Order Payment","Product charges",,$10.99,1,"Mental Beats Car Mount Dashboard and Windshield Phone Holder Car Accessories Universal for all Smartphones (Black / Silver )",,,,,,
-$1.00,-$1.06,-$0.96,-$1.65,27-Jun-16,107-3356634-8789004,Q0-OA97-BH2V,"Order Payment","Product charges",,$10.99,1,"Mental Beats Car Mount Dashboard and Windshield Phone Holder Car Accessories Universal for all Smartphones (Black / Silver )",,,,,,
-$1.00,-$1.06,-$1.95,-$1.78,26-Jun-16,115-2840285-3253053,VG6-VKY-SRF,"Order Payment","Product charges",,$11.85,1,"Better Home New Crochet Vinyl Lace Tablecloth, 70"" Round, White",,,$0.00,,,
-$1.00,-$1.06,-$0.96,-$1.65,26-Jun-16,102-7045614-3325841,GK-51IE-0Z62,"Order Payment","Product charges",,$10.99,1,"Mental Beats Car Mount Dashboard and Windshield Phone Holder Car Accessories Universal for all Smartphones (Black / Red)",,$1.84,$0.00,-$1.84,,
-$1.00,-$1.06,-$0.96,-$3.00,26-Jun-16,110-5775952-7524232,MD-86QZ-5W4G,"Order Payment","Product charges",,$19.99,1,"Mental Beats Xcentric Earbuds with Metal Mic Includes Tangle Free Flatwire Cord (Blue)",,,,,,
-$1.00,-$1.06,-$0.96,-$1.65,26-Jun-16,107-2101145-3470607,GK-51IE-0Z62,"Order Payment","Product charges",,$10.99,1,"Mental Beats Car Mount Dashboard and Windshield Phone Holder Car Accessories Universal for all Smartphones (Black / Red)",,$2.44,$0.00,-$2.44,,
-$1.00,-$1.06,-$1.95,-$1.78,26-Jun-16,104-5167274-8500212,VG6-VKY-SRF,"Order Payment","Product charges",,$11.85,1,"Better Home New Crochet Vinyl Lace Tablecloth, 70"" Round, White",-$2.48,$2.48,,,,
-$1.00,-$1.06,-$0.96,-$1.65,26-Jun-16,115-7172604-7515401,Q0-OA97-BH2V,"Order Payment","Product charges",,$10.99,1,"Mental Beats Car Mount Dashboard and Windshield Phone Holder Car Accessories Universal for all Smartphones (Black / Silver )",-$3.17,$3.17,,,,
-$1.00,-$2.12,-$1.00,-$2.10,25-Jun-16,105-8673154-9561828,CA0-038-BBP,"Order Payment","Product charges",,$13.98,2,"Post-it Mobile Attach and Go Insert, 3.94 x 5.5 Inches, Includes Attach and Go Full Adhesive Notes and Flags Dispenser (PM-INSERT1)",,,,,,
-$1.00,-$1.06,-$0.96,-$1.65,25-Jun-16,113-6971473-8766667,Q0-OA97-BH2V,"Order Payment","Product charges",,$10.99,1,"Mental Beats Car Mount Dashboard and Windshield Phone Holder Car Accessories Universal for all Smartphones (Black / Silver )",,,,,,
,-$8.18,-$4.90,-$4.50,25-Jun-16,110-8884544-4094621,A7A-6FG-MTL,"Order Payment","Product charges",,$29.98,2,"CHECK BOARD HALF MOON SLICE RUG - GREEN",,,,,,
,,,-$3.00,25-Jun-16,107-6312361-8581017,7WF-F8A-YGP,"Order Payment","Product charges",,$13.77,3,"Suit Bag, Zippered, Clear Plastic, 24"" x 40""",,,,,,
,,,-$1.20,25-Jun-16,115-0354787-3728248,NC-MU4S-M0SS,"Order Payment","Product charges",,$7.99,1,"Cuispro Snap-Fit Pop Molds: 6 Rocket and 6 Boat shapes",,,,,,
,,,-$2.25,25-Jun-16,105-4497955-1095410,L9O-HV2-209,"Order Payment","Product charges",,$14.99,1,"Home Basics Over the Counter Hairdryer Holder",,,,,,
-$1.00,-$1.06,-$0.50,-$1.05,24-Jun-16,112-5101604-6617066,CA0-038-BBP,"Order Payment","Product charges",,$6.99,1,"Post-it Mobile Attach and Go Insert, 3.94 x 5.5 Inches, Includes Attach and Go Full Adhesive Notes and Flags Dispenser (PM-INSERT1)",,,,,,
-$1.00,-$1.06,-$0.96,-$1.65,24-Jun-16,111-6449485-8089041,Q0-OA97-BH2V,"Order Payment","Product charges",,$10.99,1,"Mental Beats Car Mount Dashboard and Windshield Phone Holder Car Accessories Universal for all Smartphones (Black / Silver )",,,,,,
,-$4.09,-$3.62,-$3.75,23-Jun-16,111-2332713-4242655,22-Q94M-YDGP,"Order Payment","Product charges",,$24.99,1,"D&S Infused Cool Gel Ventilated Core Hypoallergenic MEMORY FOAM Pillow - Cool Ultra Soft Pillow",,,,,,
-$4.75,-$0.75,,,,,,,,,,,,,,,,-$0.45,
,-$4.09,-$3.62,-$3.75,23-Jun-16,116-9175340-2621862,22-Q94M-YDGP,"Order Payment","Product charges",,$24.99,1,"D&S Infused Cool Gel Ventilated Core Hypoallergenic MEMORY FOAM Pillow - Cool Ultra Soft Pillow",,,,,,
-$1.00,-$1.06,-$2.73,-$2.55,23-Jun-16,114-6730008-9975406,UU-16UH-0B7T,"Order Payment","Product charges",,$16.99,1,"Flocked Ultra Thin Heavy Duty Velvet Hangers (25, Black)",,,,,,
-$4.75,-$1.50,,,,,,,,,,,,,,,,-$0.45,
-$1.00,-$1.06,-$0.96,-$1.65,23-Jun-16,108-5080068-6460227,Q0-OA97-BH2V,"Order Payment","Product charges",,$10.99,1,"Mental Beats Car Mount Dashboard and Windshield Phone Holder Car Accessories Universal for all Smartphones (Black / Silver )",,,,,,
-$1.00,-$9.54,-$17.55,-$16.02,23-Jun-16,114-1790090-8913837,VG6-VKY-SRF,"Order Payment","Product charges",,$106.65,9,"Better Home New Crochet Vinyl Lace Tablecloth, 70"" Round, White",,,,,,
-$1.00,-$2.12,-$3.90,-$3.56,23-Jun-16,104-1745335-4417009,VG6-VKY-SRF,"Order Payment","Product charges",,$23.70,2,"Better Home New Crochet Vinyl Lace Tablecloth, 70"" Round, White",,,,,,
-$1.00,-$1.06,-$0.96,-$1.50,23-Jun-16,116-6640280-0545030,6T3-1R4-UX4,"Order Payment","Product charges",,$9.99,1,"Superman Lunch Bag ( Man of Steel Movie )",-$2.30,$2.30,,,,
-$1.00,-$1.06,-$0.96,-$1.65,23-Jun-16,104-0718206-6406661,Q0-OA97-BH2V,"Order Payment","Product charges",,$10.99,1,"Mental Beats Car Mount Dashboard and Windshield Phone Holder Car Accessories Universal for all Smartphones (Black / Silver )",,,,,,
,,,-$2.25,23-Jun-16,104-0034160-3353076,914-AKS-SJ7,"Order Payment","Product charges",,$14.99,1,"Brita Sport Water Filter Bottle, Twin Pack, Blue and Violet, 20 Ounce",,,,,,
-$1.00,-$1.06,-$1.95,-$1.78,23-Jun-16,103-3779573-6372267,VG6-VKY-SRF,"Order Payment","Product charges",,$11.85,1,"Better Home New Crochet Vinyl Lace Tablecloth, 70"" Round, White",,,,,,
-$1.00,-$1.06,-$0.96,-$3.00,23-Jun-16,002-0531088-6469842,MD-86QZ-5W4G,"Order Payment","Product charges",,$19.99,1,"Mental Beats Xcentric Earbuds with Metal Mic Includes Tangle Free Flatwire Cord (Blue)",,,,,,
-$1.00,-$1.06,-$0.96,-$1.65,22-Jun-16,110-7211419-2339403,CM-W5HY-8L8C,"Order Payment","Product charges",,$10.99,1,"Bioworld Adventure Time Mountain Cinch Bag 13"", Blue/White",,,,,,
-$1.00,-$1.06,-$1.95,-$2.10,22-Jun-16,110-4991562-9433822,54-2OXZ-UCFP,"Order Payment","Product charges",,$13.99,1,"Heavy Duty Flexible Steel 5' Foot 10,000 Word Combination Cabled Bike Lock (Blue)",,,$0.00,,,
-$1.00,-$1.06,-$2.34,-$1.65,22-Jun-16,114-6848928-5869057,0W-I967-F2HV,"Order Payment","Product charges",,$10.99,1,"Flocked Ultra Thin Heavy Duty Velvet Hangers (10, Forrest Green)",,,,,,
-$1.00,-$2.12,-$1.92,-$3.30,22-Jun-16,111-4162988-5472210,GK-51IE-0Z62,"Order Payment","Product charges",,$21.98,2,"Mental Beats Car Mount Dashboard and Windshield Phone Holder Car Accessories Universal for all Smartphones (Black / Red)",,,,,,
-$1.00,-$5.30,-$11.70,-$8.25,22-Jun-16,108-1571218-3494658,0W-I967-F2HV,"Order Payment","Product charges",,$10.99,1,"Flocked Ultra Thin Heavy Duty Velvet Hangers (10, Forrest Green)",,,,,,
-$1.00,-$1.06,-$0.96,-$3.75,22-Jun-16,114-2406070-1845024,7W-PCJM-3BVK,"Order Payment","Product charges",,$24.99,1,"Mental Beats Xpert Ultimate Comfort Pillow Soft Over the Ear Headphones with Mic (Red)",,,,,,
-$1.00,-$1.06,-$0.96,-$1.65,22-Jun-16,113-5262285-7977032,Q0-OA97-BH2V,"Order Payment","Product charges",,$10.99,1,"Mental Beats Car Mount Dashboard and Windshield Phone Holder Car Accessories Universal for all Smartphones (Black / Silver )",,,,,,
-$1.00,-$1.06,-$0.96,-$1.65,22-Jun-16,111-6714247-1369830,GK-51IE-0Z62,"Order Payment","Product charges",,$10.99,1,"Mental Beats Car Mount Dashboard and Windshield Phone Holder Car Accessories Universal for all Smartphones (Black / Red)",-$5.99,$5.99,,,,
-$1.00,-$1.06,-$0.96,-$1.65,21-Jun-16,103-4627102-0597044,GK-51IE-0Z62,"Order Payment","Product charges",,$10.99,1,"Mental Beats Car Mount Dashboard and Windshield Phone Holder Car Accessories Universal for all Smartphones (Black / Red)",,,,,,
,-$4.09,-$2.45,-$1.50,21-Jun-16,109-4626223-0089830,A7A-6FG-MTL,"Order Payment","Product charges",,$9.99,1,"CHECK BOARD HALF MOON SLICE RUG - GREEN",,,,,,
-$1.00,-$1.06,-$2.34,-$1.65,21-Jun-16,109-5440797-7436208,0W-I967-F2HV,"Order Payment","Product charges",,$10.99,1,"Flocked Ultra Thin Heavy Duty Velvet Hangers (10, Forrest Green)",,,,,,
-$1.00,-$1.06,-$3.51,-$1.65,21-Jun-16,110-5604687-3012224,13-PAI1-IANH,"Order Payment","Product charges",,$10.99,1,"Bioworld Regular Show Mordecai Hooded Blue Backpack",,,,,,
-$1.00,-$1.06,-$0.96,-$1.65,21-Jun-16,104-1952891-6777037,GK-51IE-0Z62,"Order Payment","Product charges",,$10.99,1,"Mental Beats Car Mount Dashboard and Windshield Phone Holder Car Accessories Universal for all Smartphones (Black / Red)",-$6.17,$6.17,,,,
-$4.75,-$0.75,,,,,,,,,,,,,,,,-$0.45,
-$1.00,-$1.06,-$2.34,-$1.65,21-Jun-16,116-6992990-3242604,0W-I967-F2HV,"Order Payment","Product charges",,$10.99,1,"Flocked Ultra Thin Heavy Duty Velvet Hangers (10, Forrest Green)",,,,,,
-$1.00,-$1.46,-$0.50,-$1.20,21-Jun-16,113-3385191-0597828,5X-9Y91-79MY,"Order Payment","Product charges",,$7.99,1,"Cami Secret Set of 3 Clip-on Camisole, Black/Beige/White, One Size",,,,,,
-$1.00,-$1.46,-$0.50,-$1.20,21-Jun-16,115-1951445-8577039,5X-9Y91-79MY,"Order Payment","Product charges",,$7.99,1,"Cami Secret Set of 3 Clip-on Camisole, Black/Beige/White, One Size",,,,,,
-$1.00,-$1.46,-$0.50,-$1.20,21-Jun-16,107-3133154-9021046,5X-9Y91-79MY,"Order Payment","Product charges",,$7.99,1,"Cami Secret Set of 3 Clip-on Camisole, Black/Beige/White, One Size",,,,,,
-$1.00,-$1.06,-$0.96,-$1.65,21-Jun-16,105-4331820-8733052,Q0-OA97-BH2V,"Order Payment","Product charges",,$10.99,1,"Mental Beats Car Mount Dashboard and Windshield Phone Holder Car Accessories Universal for all Smartphones (Black / Silver )",,,,,,
-$1.00,-$1.46,-$0.50,-$1.20,21-Jun-16,113-2135861-1206621,5X-9Y91-79MY,"Order Payment","Product charges",,$7.99,1,"Cami Secret Set of 3 Clip-on Camisole, Black/Beige/White, One Size",,,,,,
-$1.00,-$1.46,-$0.50,-$1.20,20-Jun-16,114-8680419-3717063,5X-9Y91-79MY,"Order Payment","Product charges",,$7.99,1,"Cami Secret Set of 3 Clip-on Camisole, Black/Beige/White, One Size",,,,,,
-$1.00,-$2.92,-$1.00,-$2.40,20-Jun-16,106-9019635-2844208,5X-9Y91-79MY,"Order Payment","Product charges",,$15.98,2,"Cami Secret Set of 3 Clip-on Camisole, Black/Beige/White, One Size",,,,,,
-$1.00,-$1.46,-$0.50,-$1.20,20-Jun-16,112-2404733-6270613,5X-9Y91-79MY,"Order Payment","Product charges",,$7.99,1,"Cami Secret Set of 3 Clip-on Camisole, Black/Beige/White, One Size",,,,,,
,-$4.09,-$2.84,-$2.33,20-Jun-16,116-0875954-8709009,ZC7-SDK-9EZ,"Order Payment","Product charges",,$15.50,1,"Quickie Bulldozer 18-Inch Poly Split Fiber Push Broom",,,,,,
-$1.00,-$2.12,-$4.68,-$3.30,20-Jun-16,105-1419869-3389015,0W-I967-F2HV,"Order Payment","Product charges",,$21.98,2,"Flocked Ultra Thin Heavy Duty Velvet Hangers (10, Forrest Green)",,,,,,
-$1.00,-$4.38,-$1.50,-$3.60,20-Jun-16,107-6480950-3819462,5X-9Y91-79MY,"Order Payment","Product charges",,$23.97,3,"Cami Secret Set of 3 Clip-on Camisole, Black/Beige/White, One Size",-$11.97,$11.97,,,,
-$1.00,-$1.46,-$0.50,-$1.20,20-Jun-16,114-0729555-1858669,5X-9Y91-79MY,"Order Payment","Product charges",,$7.99,1,"Cami Secret Set of 3 Clip-on Camisole, Black/Beige/White, One Size",,,,,,
,-$4.09,-$2.84,-$2.33,20-Jun-16,104-5139362-2677032,ZC7-SDK-9EZ,"Order Payment","Product charges",,$15.50,1,"Quickie Bulldozer 18-Inch Poly Split Fiber Push Broom",,,$0.00,,,
,-$4.09,-$2.84,-$2.33,20-Jun-16,102-3701164-5357822,ZC7-SDK-9EZ,"Order Payment","Product charges",,$15.50,1,"Quickie Bulldozer 18-Inch Poly Split Fiber Push Broom",,,,,,
-$1.00,-$8.76,-$3.00,-$7.20,20-Jun-16,115-5910981-2240234,5X-9Y91-79MY,"Order Payment","Product charges",,$47.94,6,"Cami Secret Set of 3 Clip-on Camisole, Black/Beige/White, One Size",,,,,,
,-$4.09,-$2.84,-$2.33,20-Jun-16,102-2739687-5303443,ZC7-SDK-9EZ,"Order Payment","Product charges",,$15.50,1,"Quickie Bulldozer 18-Inch Poly Split Fiber Push Broom",,,,,,
,-$4.09,-$2.84,-$2.33,20-Jun-16,107-9778043-8225045,ZC7-SDK-9EZ,"Order Payment","Product charges",,$15.50,1,"Quickie Bulldozer 18-Inch Poly Split Fiber Push Broom",,,,,,
,,,-$1.80,20-Jun-16,002-3140728-6821848,Q0-0DR2-BISB,"Order Payment","Product charges",,$11.99,1,"The Walking Dead Men's Lounge Pants (XLarge 40-42)",,,,,,
,,,-$2.55,20-Jun-16,102-6926587-2472219,2H-FGMO-4THC,"Order Payment","Product charges",,$16.99,1,"Flocked Ultra Thin Heavy Duty Velvet Hangers (25, Forrest Green)",,,,,,
,,,-$2.25,20-Jun-16,002-0394598-8417866,914-AKS-SJ7,"Order Payment","Product charges",,$14.99,1,"Brita Sport Water Filter Bottle, Twin Pack, Blue and Violet, 20 Ounce",,,,,,
,-$4.09,-$2.84,-$2.33,20-Jun-16,113-1499518-5073043,ZC7-SDK-9EZ,"Order Payment","Product charges",,$15.50,1,"Quickie Bulldozer 18-Inch Poly Split Fiber Push Broom",,,,,,
-$1.00,-$1.46,-$0.50,-$1.20,20-Jun-16,103-5244339-0113011,5X-9Y91-79MY,"Order Payment","Product charges",,$7.99,1,"Cami Secret Set of 3 Clip-on Camisole, Black/Beige/White, One Size",,,,,,
-$1.00,-$1.06,-$1.95,-$1.78,20-Jun-16,108-9849550-6697835,VG6-VKY-SRF,"Order Payment","Product charges",,$11.85,1,"Better Home New Crochet Vinyl Lace Tablecloth, 70"" Round, White",,,$0.00,,,
-$1.00,-$1.06,-$0.96,-$1.00,20-Jun-16,110-0795149-7044243,AU-EZ32-FNN0,"Order Payment","Product charges",,$8.99,1,"Xtreme Cables MFI 8 Pin 3ft Flat Tangle Free Sync & Charge Cable (Pink)",,,,,,
-$1.00,-$1.46,-$0.50,-$1.20,20-Jun-16,112-8839289-0769860,5X-9Y91-79MY,"Order Payment","Product charges",,$7.99,1,"Cami Secret Set of 3 Clip-on Camisole, Black/Beige/White, One Size",,,,,,
-$1.00,-$1.06,-$1.95,-$1.78,20-Jun-16,110-5438550-8709860,VG6-VKY-SRF,"Order Payment","Product charges",,$11.85,1,"Better Home New Crochet Vinyl Lace Tablecloth, 70"" Round, White",,,,,,
,-$4.09,-$2.45,-$1.50,19-Jun-16,105-3451895-4801857,A7A-6FG-MTL,"Order Payment","Product charges",,$9.99,1,"CHECK BOARD HALF MOON SLICE RUG - GREEN",,,,,,
-$1.00,-$1.06,-$0.96,-$3.00,19-Jun-16,106-3488673-7227406,MD-86QZ-5W4G,"Order Payment","Product charges",,$19.99,1,"Mental Beats Xcentric Earbuds with Metal Mic Includes Tangle Free Flatwire Cord (Blue)",,,,,,
-$1.00,-$1.46,-$0.50,-$1.20,19-Jun-16,111-7689798-0655417,5X-9Y91-79MY,"Order Payment","Product charges",,$7.99,1,"Cami Secret Set of 3 Clip-on Camisole, Black/Beige/White, One Size",,,,,,
-$1.00,-$2.12,-$3.90,-$3.56,19-Jun-16,109-0764249-7996269,VG6-VKY-SRF,"Order Payment","Product charges",,$23.70,2,"Better Home New Crochet Vinyl Lace Tablecloth, 70"" Round, White",,,,,,
-$1.00,-$1.06,-$0.96,-$3.00,19-Jun-16,111-7263721-6789842,MD-86QZ-5W4G,"Order Payment","Product charges",,$19.99,1,"Mental Beats Xcentric Earbuds with Metal Mic Includes Tangle Free Flatwire Cord (Blue)",,,,,,
-$1.00,-$1.06,-$0.96,-$3.00,19-Jun-16,116-8966962-9442646,CW-OY03-VE7M,"Order Payment","Product charges",,$19.99,1,"Mental Beats Xcentric Earbuds with Metal Mic Includes Tangle Free Flatwire Cord (Pink)",-$2.07,$2.07,$0.00,,,
,-$4.09,-$2.84,-$2.33,19-Jun-16,104-3853667-9983454,ZC7-SDK-9EZ,"Order Payment","Product charges",,$15.50,1,"Quickie Bulldozer 18-Inch Poly Split Fiber Push Broom",,,,,,
-$1.00,-$1.06,-$0.96,-$1.65,18-Jun-16,108-3586850-0698651,Q0-OA97-BH2V,"Order Payment","Product charges",,$10.99,1,"Mental Beats Car Mount Dashboard and Windshield Phone Holder Car Accessories Universal for all Smartphones (Black / Silver )",,,$0.00,,,
-$1.00,-$1.06,-$3.51,-$1.65,18-Jun-16,109-5559345-5808257,13-PAI1-IANH,"Order Payment","Product charges",,$10.99,1,"Bioworld Regular Show Mordecai Hooded Blue Backpack",,,,,,
-$1.00,-$1.06,-$1.95,-$1.78,18-Jun-16,111-1483663-6364260,VG6-VKY-SRF,"Order Payment","Product charges",,$11.85,1,"Better Home New Crochet Vinyl Lace Tablecloth, 70"" Round, White",,,,,,
-$1.00,-$1.06,-$0.96,-$1.65,18-Jun-16,102-7117133-1271429,LA-WNVM-684G,"Order Payment","Product charges",,$10.99,1,"Mental Beats Car Mount Dashboard and Windshield Phone Holder Car Accessories Universal for all Smartphones (Black / White)",,,,,,
-$1.00,-$1.06,-$0.96,-$1.50,18-Jun-16,108-8553021-2957828,6T3-1R4-UX4,"Order Payment","Product charges",,$9.99,1,"Superman Lunch Bag ( Man of Steel Movie )",,,,,,
,-$4.09,-$2.45,-$1.50,18-Jun-16,115-2916735-8197865,A7A-6FG-MTL,"Order Payment","Product charges",,$9.99,1,"CHECK BOARD HALF MOON SLICE RUG - GREEN",,,,,,
-$1.00,-$1.06,-$0.96,-$1.65,18-Jun-16,113-9656062-9168263,GK-51IE-0Z62,"Order Payment","Product charges",,$10.99,1,"Mental Beats Car Mount Dashboard and Windshield Phone Holder Car Accessories Universal for all Smartphones (Black / Red)",,,,,,
-$1.00,-$1.06,-$4.29,-$2.55,18-Jun-16,104-5699627-5380247,BX-YPD9-FBE5,"Order Payment","Product charges",,$16.99,1,"Flocked Ultra Thin Heavy Duty Velvet Hangers (25, Grey)",,,,,,
-$1.00,-$1.06,-$0.96,-$3.00,18-Jun-16,111-0608608-5863429,3G-5P9S-KWAT,"Order Payment","Product charges",,$19.99,1,"Mental Beats Xcentric Earbuds with Metal Mic Includes Tangle Free Flatwire Cord (Silver)",-$3.17,$3.17,,,,
,-$8.18,-$4.90,-$3.00,18-Jun-16,116-0388147-5993066,A7A-6FG-MTL,"Order Payment","Product charges",,$19.98,2,"CHECK BOARD HALF MOON SLICE RUG - GREEN",,,$0.00,,,
-$1.00,-$1.06,-$1.95,-$2.85,18-Jun-16,107-2891785-0939437,SUA-790-PPK,"Order Payment","Product charges",,$18.99,1,"Double Swag Shower Curtain With Liner Set, Taupe (Tan), 70x72",,,,,,
-$1.00,-$1.06,-$1.95,-$1.78,18-Jun-16,114-1876186-4343469,VG6-VKY-SRF,"Order Payment","Product charges",,$11.85,1,"Better Home New Crochet Vinyl Lace Tablecloth, 70"" Round, White",,,,,,
-$1.00,-$1.06,-$0.96,-$1.65,18-Jun-16,103-5040808-2571448,Q0-OA97-BH2V,"Order Payment","Product charges",,$10.99,1,"Mental Beats Car Mount Dashboard and Windshield Phone Holder Car Accessories Universal for all Smartphones (Black / Silver )",,,$0.00,,,
-$1.00,-$1.06,-$0.96,-$2.25,17-Jun-16,108-1983782-5803435,IID-VCY-8DP,"Order Payment","Product charges",,$14.99,1,"Smartekå¨ Rechargeable Fabric Defuzzer Cloth Shaver Black Cord/Cordless",,,,,,
-$1.00,-$3.18,-$2.88,-$4.95,17-Jun-16,114-3244936-7106642,GK-51IE-0Z62,"Order Payment","Product charges",,$32.97,3,"Mental Beats Car Mount Dashboard and Windshield Phone Holder Car Accessories Universal for all Smartphones (Black / Red)",,,,,,
-$1.00,-$1.06,-$0.96,-$1.65,17-Jun-16,104-3735837-9453868,CM-W5HY-8L8C,"Order Payment","Product charges",,$10.99,1,"Bioworld Adventure Time Mountain Cinch Bag 13"", Blue/White",,,,,,
-$1.00,-$1.06,-$2.34,-$2.71,17-Jun-16,113-9408179-3755445,6EH-GXK-TMB,"Order Payment","Product charges",,$18.05,1,"Double Swag Shower Curtain Liner and Rings, Beige",,$3.01,$0.00,-$3.01,,
,,,-$2.00,17-Jun-16,103-1391906-7485018,0B-682D-5E7G,"Order Payment","Product charges",,$7.98,2,"Disney Finding Nemo Friends Cupcake Rings - 24 ct",,,,,,
,-$4.09,-$8.30,-$6.74,17-Jun-16,109-7148703-5061835,Q3-3IFR-V1ZN,"Order Payment","Product charges",,$44.90,1,"Humanscale Zon Air Purifier in White",,,,,,
,,,-$1.15,16-Jun-16,107-1111308-8017833,7XN-RSK-3N9,"Order Payment","Product charges",,$7.65,1,"Boude Wipes Hanging Flushable Wipe Dispenser, 42 Count Wipes",,,,,,
,,,-$0.56,16-Jun-16,002-9925828-6885848,CF-EMV0-5CEM,"Order Payment","Product charges",,$3.70,1,"12 Cupcake Toppers Rings Dora the Explorer Boots Gemstones Party Decorations",,$4.54,,,,-$0.68
,,,-$3.45,16-Jun-16,108-4102783-3477864,7UE-5WG-0YE,"Order Payment","Product charges",,$22.99,1,"Ball Wide Mouth Half Gallon 64 Oz Jars with Lids and Bands, Set of 6",,$10.47,,,,-$1.57
,,,-$3.45,16-Jun-16,111-8802490-7513845,7UE-5WG-0YE,"Order Payment","Product charges",,$22.99,1,"Ball Wide Mouth Half Gallon 64 Oz Jars with Lids and Bands, Set of 6",,,,,,
-$1.00,-$1.06,-$0.96,-$1.65,16-Jun-16,113-4316939-0402659,Q0-OA97-BH2V,"Order Payment","Product charges",,$10.99,1,"Mental Beats Car Mount Dashboard and Windshield Phone Holder Car Accessories Universal for all Smartphones (Black / Silver )",,,,,,
-$1.00,-$1.06,-$0.96,-$1.65,16-Jun-16,112-3720363-7131456,Q0-OA97-BH2V,"Order Payment","Product charges",,$10.99,1,"Mental Beats Car Mount Dashboard and Windshield Phone Holder Car Accessories Universal for all Smartphones (Black / Silver )",,,,,,
-$1.00,-$1.06,-$3.51,-$1.65,15-Jun-16,114-8367011-1267447,13-PAI1-IANH,"Order Payment","Product charges",,$10.99,1,"Bioworld Regular Show Mordecai Hooded Blue Backpack",,,,,,
-$1.00,-$5.30,-$11.70,-$8.25,15-Jun-16,108-0110158-5717860,0W-I967-F2HV,"Order Payment","Product charges",,$43.96,4,"Flocked Ultra Thin Heavy Duty Velvet Hangers (10, Forrest Green)",,,,,,
,-$4.09,-$3.62,-$3.75,15-Jun-16,112-0083142-3839450,22-Q94M-YDGP,"Order Payment","Product charges",,$24.99,1,"D&S Infused Cool Gel Ventilated Core Hypoallergenic MEMORY FOAM Pillow - Cool Ultra Soft Pillow",,,,,,
,-$4.09,-$2.45,-$1.50,15-Jun-16,115-6902576-4291450,A7A-6FG-MTL,"Order Payment","Product charges",,$9.99,1,"CHECK BOARD HALF MOON SLICE RUG - GREEN",,,,,,
-$1.00,-$2.12,-$1.92,-$3.30,15-Jun-16,116-0207499-1854652,Q0-OA97-BH2V,"Order Payment","Product charges",,$21.98,2,"Mental Beats Car Mount Dashboard and Windshield Phone Holder Car Accessories Universal for all Smartphones (Black / Silver )",,,,,,
,-$8.18,-$7.24,-$7.50,15-Jun-16,112-6306183-0429041,22-Q94M-YDGP,"Order Payment","Product charges",,$24.99,1,"D&S Infused Cool Gel Ventilated Core Hypoallergenic MEMORY FOAM Pillow - Cool Ultra Soft Pillow",-$12.97,$12.97,,,,
-$1.00,-$1.06,-$0.96,-$2.25,15-Jun-16,108-2133368-6056264,IID-VCY-8DP,"Order Payment","Product charges",,$14.99,1,"Smartekå¨ Rechargeable Fabric Defuzzer Cloth Shaver Black Cord/Cordless",,$2.19,$0.00,-$2.19,,
-$4.75,-$0.75,,,,,,,,,,,,,,,,-$0.90,
-$1.00,-$1.06,-$0.96,-$1.65,15-Jun-16,109-3934089-4001827,GK-51IE-0Z62,"Order Payment","Product charges",,$10.99,1,"Mental Beats Car Mount Dashboard and Windshield Phone Holder Car Accessories Universal for all Smartphones (Black / Red)",,,,,,
-$1.00,-$1.06,-$0.96,-$2.85,15-Jun-16,113-3211929-1533009,58-PK5O-DVBE,"Order Payment","Product charges",,$18.99,1,"Mental Beats Xclusive High Quality Metal Earbuds With Mic and 4' FT Cable (Blue,)",,,,,,
-$1.00,-$1.06,-$0.96,-$1.65,14-Jun-16,111-5553535-3293001,GK-51IE-0Z62,"Order Payment","Product charges",,$10.99,1,"Mental Beats Car Mount Dashboard and Windshield Phone Holder Car Accessories Universal for all Smartphones (Black / Red)",-$3.78,$3.78,,,,
-$4.75,-$0.75,,,,,,,,,,,,,,,,-$0.90,
-$1.00,-$1.06,-$0.96,-$3.45,14-Jun-16,111-2694895-9895459,35-XQ66-Y2X5,"Order Payment","Product charges",,$22.99,1,"Mental Beats Xpert Ultimate Comfort Pillow Soft Over the Ear Headphones with Mic (White)",,,,,,
,-$12.27,-$10.86,-$11.19,14-Jun-16,110-9893589-8897801,CSL-662-M1T,"Order Payment","Product charges",,$74.67,3,"Feel At Ease Mat 24 x 36 - Espresso",,,,,,
,-$4.09,-$3.62,-$3.75,14-Jun-16,114-8130442-4649829,22-Q94M-YDGP,"Order Payment","Product charges",,$24.99,1,"D&S Infused Cool Gel Ventilated Core Hypoallergenic MEMORY FOAM Pillow - Cool Ultra Soft Pillow",,,,,,
-$1.00,-$1.06,-$0.96,-$1.65,14-Jun-16,110-0580111-9783461,GK-51IE-0Z62,"Order Payment","Product charges",,$10.99,1,"Mental Beats Car Mount Dashboard and Windshield Phone Holder Car Accessories Universal for all Smartphones (Black / Red)",-$6.17,$6.17,,,,
,-$4.09,-$3.62,-$3.73,14-Jun-16,107-6020497-8862649,CSL-662-M1T,"Order Payment","Product charges",,$24.89,1,"Feel At Ease Mat 24 x 36 - Espresso",,,,,,
-$1.00,-$1.06,-$0.96,-$3.75,14-Jun-16,115-9763959-4077818,7W-PCJK-3BVK,"Order Payment","Product charges",,$24.99,1,"Mental Beats Xpert Ultimate Comfort Pillow Soft Over the Ear Headphones with Mic (Champagne)",,,,,,
,,,-$8.25,14-Jun-16,113-9169664-4057842,VO6-KH8-U2Q,"Order Payment","Product charges",,$54.99,1,"Oster 8-Speed Blender",,,,,,
,,,-$2.30,14-Jun-16,107-0764858-9106636,7XN-RSK-3N9,"Order Payment","Product charges",,$15.30,2,"Boude Wipes Hanging Flushable Wipe Dispenser, 42 Count Wipes",,,,,,
,,,-$1.50,14-Jun-16,115-6306399-3199458,F9-A7O4-Y0BX,"Order Payment","Product charges",,$9.99,1,"Anti Slip Bathtub Shower Mat - Assorted Colors (yellow)",,,,,,
,,,-$3.45,14-Jun-16,116-2807258-2765839,99-YUZG-PWXK,"Order Payment","Product charges",,$22.99,1,"Floral Style Water Resistant Printed Jumbo Canvas Beach Bag with Inner Wet Suit Pocket - Assorted Colors (Navy Floral)",,,,,,
,,,-$1.00,14-Jun-16,105-1389541-8113045,7WF-F8A-YGP,"Order Payment","Product charges",,$4.59,1,"Suit Bag, Zippered, Clear Plastic, 24"" x 40""",,,,,,
,,,-$9.00,14-Jun-16,107-0741597-9865850,KHO-UI7-4YM,"Order Payment","Product charges",,$59.98,2,"Garden Well Self Watering 28 Inch Flower Pot / Planter",,,,,,
-$1.00,-$1.06,-$4.29,-$2.55,13-Jun-16,108-8993544-5162650,BX-YPD9-FBE5,"Order Payment","Product charges",,$16.99,1,"Flocked Ultra Thin Heavy Duty Velvet Hangers (25, Grey)",,,,,,
-$1.00,-$1.06,-$0.96,-$1.65,13-Jun-16,106-3258438-8329857,Q0-OA97-BH2V,"Order Payment","Product charges",,$10.99,1,"Mental Beats Car Mount Dashboard and Windshield Phone Holder Car Accessories Universal for all Smartphones (Black / Silver )",,,,,,
-$1.00,-$1.06,-$0.96,-$1.65,13-Jun-16,102-9108438-0238604,GK-51IE-0Z62,"Order Payment","Product charges",,$10.99,1,"Mental Beats Car Mount Dashboard and Windshield Phone Holder Car Accessories Universal for all Smartphones (Black / Red)",,,,,,
-$1.00,-$1.06,-$0.96,-$1.65,13-Jun-16,002-5520059-4310613,Q0-OA97-BH2V,"Order Payment","Product charges",,$10.99,1,"Mental Beats Car Mount Dashboard and Windshield Phone Holder Car Accessories Universal for all Smartphones (Black / Silver )",,,,,,
-$1.00,-$1.06,-$0.96,-$1.65,13-Jun-16,113-8861071-0103425,Q0-OA97-BH2V,"Order Payment","Product charges",,$10.99,1,"Mental Beats Car Mount Dashboard and Windshield Phone Holder Car Accessories Universal for all Smartphones (Black / Silver )",,$2.68,$0.00,-$2.68,,
,-$4.09,-$3.62,-$3.73,13-Jun-16,112-2153975-8637851,CSL-662-M1T,"Order Payment","Product charges",,$24.89,1,"Feel At Ease Mat 24 x 36 - Espresso",,$2.83,$0.00,-$2.83,,
,-$4.09,-$3.62,-$3.75,13-Jun-16,106-9256439-1144232,22-Q94M-YDGP,"Order Payment","Product charges",,$24.99,1,"D&S Infused Cool Gel Ventilated Core Hypoallergenic MEMORY FOAM Pillow - Cool Ultra Soft Pillow",,,,,,
-$1.00,-$1.06,-$0.96,-$3.00,13-Jun-16,104-1041628-0185039,32-P5XA-EGJY,"Order Payment","Product charges",,$19.99,1,"Mental Beats XCENTRICS Xcentric Earbuds with Metal Mic Includes Tangle Free Flatwire Cord - Teal",-$3.99,$3.99,,,,
,-$4.09,-$3.62,-$3.75,13-Jun-16,112-2376168-0993831,22-Q94M-YDGP,"Order Payment","Product charges",,$24.99,1,"D&S Infused Cool Gel Ventilated Core Hypoallergenic MEMORY FOAM Pillow - Cool Ultra Soft Pillow",,,,,,
-$1.00,-$2.12,-$1.92,-$2.00,13-Jun-16,113-1925145-4117039,OQ-AM1V-8KP3,"Order Payment","Product charges",,$17.98,2,"Xtreme Cables MFI 8 Pin 3ft Flat Tangle Free Sync & Charge Cable (Neon Green)",,,$0.00,,,
,-$4.09,-$2.45,-$1.50,13-Jun-16,112-7788806-1838637,A7A-6FG-MTL,"Order Payment","Product charges",,$9.99,1,"CHECK BOARD HALF MOON SLICE RUG - GREEN",,,,,,
,-$4.09,-$3.62,-$3.75,12-Jun-16,114-3654212-9640265,22-Q94M-YDGP,"Order Payment","Product charges",,$24.99,1,"D&S Infused Cool Gel Ventilated Core Hypoallergenic MEMORY FOAM Pillow - Cool Ultra Soft Pillow",,,$0.00,,,
-$1.00,-$1.06,-$0.96,-$1.65,12-Jun-16,111-8720793-9643419,Q0-OA97-BH2V,"Order Payment","Product charges",,$10.99,1,"Mental Beats Car Mount Dashboard and Windshield Phone Holder Car Accessories Universal for all Smartphones (Black / Silver )",,,,,,
-$1.00,-$1.06,-$0.96,-$3.45,12-Jun-16,102-7290242-8144203,35-XQ66-Y2X5,"Order Payment","Product charges",,$22.99,1,"Mental Beats Xpert Ultimate Comfort Pillow Soft Over the Ear Headphones with Mic (White)",-$5.44,$5.44,,,,
-$1.00,-$1.06,-$0.96,-$1.65,12-Jun-16,108-8231527-1495447,Q0-OA97-BH2V,"Order Payment","Product charges",,$10.99,1,"Mental Beats Car Mount Dashboard and Windshield Phone Holder Car Accessories Universal for all Smartphones (Black / Silver )",,,,,,
-$1.00,-$1.06,-$0.96,-$1.65,12-Jun-16,108-3625945-6486631,LA-WNVM-684G,"Order Payment","Product charges",,$10.99,1,"Mental Beats Car Mount Dashboard and Windshield Phone Holder Car Accessories Universal for all Smartphones (Black / White)",-$3.30,$3.30,,,,
-$1.00,-$1.06,-$0.96,-$1.65,11-Jun-16,102-1807512-2780261,Q0-OA97-BH2V,"Order Payment","Product charges",,$10.99,1,"Mental Beats Car Mount Dashboard and Windshield Phone Holder Car Accessories Universal for all Smartphones (Black / Silver )",,,,,,
-$1.00,-$1.06,-$0.96,-$1.65,11-Jun-16,103-3901382-5846617,Q0-OA97-BH2V,"Order Payment","Product charges",,$10.99,1,"Mental Beats Car Mount Dashboard and Windshield Phone Holder Car Accessories Universal for all Smartphones (Black / Silver )",,,,,,
-$1.00,-$1.06,-$0.96,-$1.65,10-Jun-16,110-0196288-5827469,GK-51IE-0Z62,"Order Payment","Product charges",,$10.99,1,"Mental Beats Car Mount Dashboard and Windshield Phone Holder Car Accessories Universal for all Smartphones (Black / Red)",,,,,,
-$1.00,-$1.06,-$0.50,-$1.05,10-Jun-16,116-9632473-2158610,CA0-038-BBP,"Order Payment","Product charges",,$6.99,1,"Post-it Mobile Attach and Go Insert, 3.94 x 5.5 Inches, Includes Attach and Go Full Adhesive Notes and Flags Dispenser (PM-INSERT1)",,,,,,
,-$8.18,-$7.24,-$7.50,10-Jun-16,111-8407754-1522663,22-Q94M-YDGP,"Order Payment","Product charges",,$24.99,1,"D&S Infused Cool Gel Ventilated Core Hypoallergenic MEMORY FOAM Pillow - Cool Ultra Soft Pillow",,,,,,
-$1.00,-$1.06,-$0.50,-$1.05,10-Jun-16,106-2212406-4434638,CA0-038-BBP,"Order Payment","Product charges",,$6.99,1,"Post-it Mobile Attach and Go Insert, 3.94 x 5.5 Inches, Includes Attach and Go Full Adhesive Notes and Flags Dispenser (PM-INSERT1)",,,,,,
-$1.00,-$1.06,-$0.96,-$1.65,10-Jun-16,113-3549086-7612241,Q0-OA97-BH2V,"Order Payment","Product charges",,$10.99,1,"Mental Beats Car Mount Dashboard and Windshield Phone Holder Car Accessories Universal for all Smartphones (Black / Silver )",,,,,,
,-$8.18,-$4.90,-$3.00,10-Jun-16,102-1497640-4617814,A7A-6FG-MTL,"Order Payment","Product charges",,$19.98,2,"CHECK BOARD HALF MOON SLICE RUG - GREEN",-$5.64,$5.64,,,,
-$1.00,-$1.06,-$0.96,-$1.65,10-Jun-16,112-6466111-6140249,Q0-OA97-BH2V,"Order Payment","Product charges",,$10.99,1,"Mental Beats Car Mount Dashboard and Windshield Phone Holder Car Accessories Universal for all Smartphones (Black / Silver )",,,,,,
-$1.00,-$1.06,-$4.29,-$2.55,9-Jun-16,115-4478843-0452264,BX-YPD9-FBE5,"Order Payment","Product charges",,$16.99,1,"Flocked Ultra Thin Heavy Duty Velvet Hangers (25, Grey)",,,,,,
-$1.00,-$1.06,-$0.50,-$1.05,9-Jun-16,115-2962794-2412203,CA0-038-BBP,"Order Payment","Product charges",,$6.99,1,"Post-it Mobile Attach and Go Insert, 3.94 x 5.5 Inches, Includes Attach and Go Full Adhesive Notes and Flags Dispenser (PM-INSERT1)",,,$0.00,,,
-$1.00,-$1.06,-$0.96,-$3.00,9-Jun-16,112-6082825-8919447,3G-5P9S-KWAT,"Order Payment","Product charges",,$19.99,1,"Mental Beats Xcentric Earbuds with Metal Mic Includes Tangle Free Flatwire Cord (Silver)",,,,,,
,-$4.09,-$3.62,-$3.75,9-Jun-16,115-0584611-9019419,22-Q94M-YDGP,"Order Payment","Product charges",,$24.99,1,"D&S Infused Cool Gel Ventilated Core Hypoallergenic MEMORY FOAM Pillow - Cool Ultra Soft Pillow",-$7.19,$7.19,,,,
,,,-$9.00,9-Jun-16,107-5248908-9921039,KHO-UI7-4YM,"Order Payment","Product charges",,$59.98,2,"Garden Well Self Watering 28 Inch Flower Pot / Planter",,,,,,
-$1.00,-$1.06,-$0.96,-$1.65,9-Jun-16,111-4232381-0133003,LA-WNVM-684G,"Order Payment","Product charges",,$10.99,1,"Mental Beats Car Mount Dashboard and Windshield Phone Holder Car Accessories Universal for all Smartphones (Black / White)",-$2.18,$2.18,,,,
-$1.00,-$1.06,-$0.96,-$1.65,9-Jun-16,112-9487289-0643402,Q0-OA97-BH2V,"Order Payment","Product charges",,$10.99,1,"Mental Beats Car Mount Dashboard and Windshield Phone Holder Car Accessories Universal for all Smartphones (Black / Silver )",,,,,,
-$1.00,-$1.06,-$4.29,-$2.55,8-Jun-16,114-6423333-5073824,BX-YPD9-FBE5,"Order Payment","Product charges",,$16.99,1,"Flocked Ultra Thin Heavy Duty Velvet Hangers (25, Grey)",,,,,,
-$1.00,-$1.06,-$4.29,-$2.55,8-Jun-16,111-3634062-6397847,BX-YPD9-FBE5,"Order Payment","Product charges",,$16.99,1,"Flocked Ultra Thin Heavy Duty Velvet Hangers (25, Grey)",,,,,,
,-$4.09,-$2.45,-$1.50,8-Jun-16,106-6486269-7224234,A7A-6FG-MTL,"Order Payment","Product charges",,$9.99,1,"CHECK BOARD HALF MOON SLICE RUG - GREEN",,,,,,
-$1.00,-$1.06,-$0.96,-$1.65,8-Jun-16,114-9548609-2306667,WE-YEB6-Q279,"Order Payment","Product charges",,$10.99,1,"Flocked Ultra Thin Heavy Duty Velvet Hangers (10, Grey)",,,,,,
,-$8.18,-$4.90,-$3.00,8-Jun-16,116-2864756-6837044,A7A-6FG-MTL,"Order Payment","Product charges",,$19.98,2,"CHECK BOARD HALF MOON SLICE RUG - GREEN",,,,,,
-$4.75,-$0.75,,,,,,,,,,,,,,,,-$0.45,
-$4.75,-$0.75,,,,,,,,,,,,,,,,-$0.45,
-$4.75,-$0.75,,,,,,,,,,,,,,,,-$0.45,
,,,-$4.50,8-Jun-16,114-9091275-8315463,77-GU8X-A4MB,"Order Payment","Product charges",,$29.99,1,"Bamboo Medium Firm Hypoallergenic Memory Foam Pillow (Standard )",,,,,,
,-$8.18,-$4.90,-$3.00,8-Jun-16,109-7048587-9089819,A7A-6FG-MTL,"Order Payment","Product charges",,$19.98,2,"CHECK BOARD HALF MOON SLICE RUG - GREEN",,,,,,
,-$4.09,-$3.62,-$3.75,7-Jun-16,115-4013812-6302667,22-Q94M-YDGP,"Order Payment","Product charges",,$24.99,1,"D&S Infused Cool Gel Ventilated Core Hypoallergenic MEMORY FOAM Pillow - Cool Ultra Soft Pillow",,,,,,
-$1.00,-$1.06,-$0.96,-$1.65,7-Jun-16,107-2026609-3533805,Q0-OA97-BH2V,"Order Payment","Product charges",,$10.99,1,"Mental Beats Car Mount Dashboard and Windshield Phone Holder Car Accessories Universal for all Smartphones (Black / Silver )",,,,,,
-$1.00,-$1.06,-$4.29,-$2.55,7-Jun-16,110-3466260-6971414,BX-YPD9-FBE5,"Order Payment","Product charges",,$16.99,1,"Flocked Ultra Thin Heavy Duty Velvet Hangers (25, Grey)",,,,,,
,-$4.09,-$2.45,-$1.50,7-Jun-16,116-5948677-9578622,A7A-6FG-MTL,"Order Payment","Product charges",,$9.99,1,"CHECK BOARD HALF MOON SLICE RUG - GREEN",,,,,,
,-$4.09,-$3.62,-$3.75,7-Jun-16,105-0175441-0389039,22-Q94M-YDGP,"Order Payment","Product charges",,$24.99,1,"D&S Infused Cool Gel Ventilated Core Hypoallergenic MEMORY FOAM Pillow - Cool Ultra Soft Pillow",-$2.30,$2.30,,,,
,,,-$2.25,7-Jun-16,103-0574689-5664228,I4O-1YB-0MA,"Order Payment","Product charges",,$14.99,1,"Sterlite Medium Size Sink Dish Rack Drainer (White)",,,,,,
,,,-$8.25,7-Jun-16,115-0422552-1866655,VO6-KH8-U2Q,"Order Payment","Product charges",,$54.99,1,"Oster 8-Speed Blender",,,,,,
,,,-$2.55,7-Jun-16,103-3384184-4649808,2H-FGMO-4THC,"Order Payment","Product charges",,$16.99,1,"Flocked Ultra Thin Heavy Duty Velvet Hangers (25, Forrest Green)",,,,,,
,,,-$2.36,7-Jun-16,111-7521233-6717021,ZJH-MG3-YN1,"Order Payment","Product charges",,$15.75,1,"CHECK BOARD HALF MOON SLICE RUG - LIGHT BLUE",,,,,,
-$1.00,-$1.06,-$0.96,-$3.75,7-Jun-16,114-7840476-6961002,7W-PCJO-3BVK,"Order Payment","Product charges",,$24.99,1,"Mental Beats Xpert Ultimate Comfort Pillow Soft Over the Ear Headphones with Mic (Black)",,,,,,
,-$4.09,-$4.01,-$5.25,7-Jun-16,104-7641283-5745823,3Y-2VGV-AZ21,"Order Payment","Product charges",,$34.99,1,"DS Cool Gel Memory Foam Ventilated Core Hypoallergenic Standard Pillow",,,,,,
-$1.00,-$1.06,-$0.96,-$2.25,7-Jun-16,103-8626104-1932222,IID-VCY-8DP,"Order Payment","Product charges",,$14.99,1,"Smartekå¨ Rechargeable Fabric Defuzzer Cloth Shaver Black Cord/Cordless",,,,,,
-$1.00,-$1.06,-$0.96,-$3.00,7-Jun-16,111-9676823-6185001,MD-86QZ-5W4G,"Order Payment","Product charges",,$19.99,1,"Mental Beats Xcentric Earbuds with Metal Mic Includes Tangle Free Flatwire Cord (Blue)",,,,,,
-$1.00,-$1.06,-$0.96,-$1.35,7-Jun-16,107-4218214-9349063,AU-EZ32-FNN0,"Order Payment","Product charges",,$8.99,1,"Xtreme Cables MFI 8 Pin 3ft Flat Tangle Free Sync & Charge Cable (Pink)",,,,,,
-$1.00,-$1.06,-$1.95,-$2.85,6-Jun-16,002-0219719-0713072,SUA-790-PPK,"Order Payment","Product charges",,$18.99,1,"Double Swag Shower Curtain With Liner Set, Taupe (Tan), 70x72",,,,,,
-$1.00,-$1.06,-$0.96,-$1.50,6-Jun-16,103-1725711-3969020,6T3-1R4-UX4,"Order Payment","Product charges",,$9.99,1,"Superman Lunch Bag ( Man of Steel Movie )",,,,,,
-$1.00,-$1.06,-$0.96,-$1.65,6-Jun-16,115-6324970-8158658,GK-51IE-0Z62,"Order Payment","Product charges",,$10.99,1,"Mental Beats Car Mount Dashboard and Windshield Phone Holder Car Accessories Universal for all Smartphones (Black / Red)",,,,,,
-$1.00,-$1.06,-$0.96,-$1.65,6-Jun-16,105-0774939-8581862,Q0-OA97-BH2V,"Order Payment","Product charges",,$10.99,1,"Mental Beats Car Mount Dashboard and Windshield Phone Holder Car Accessories Universal for all Smartphones (Black / Silver )",,,$0.00,,,
-$1.00,-$1.06,-$0.96,-$1.65,6-Jun-16,002-0397764-0826606,Q0-OA97-BH2V,"Order Payment","Product charges",,$10.99,1,"Mental Beats Car Mount Dashboard and Windshield Phone Holder Car Accessories Universal for all Smartphones (Black / Silver )",,,,,,
,-$8.18,-$7.24,-$7.46,6-Jun-16,113-7724442-4969025,CSL-662-M1T,"Order Payment","Product charges",,$24.89,1,"Feel At Ease Mat 24 x 36 - Espresso",,,,,,
,-$4.09,-$3.62,-$3.73,6-Jun-16,103-9624207-2824214,CSL-662-M1T,"Order Payment","Product charges",,$24.89,1,"Feel At Ease Mat 24 x 36 - Espresso",,,,,,
-$1.00,-$1.06,-$0.96,-$1.65,6-Jun-16,115-7598984-2156200,GK-51IE-0Z62,"Order Payment","Product charges",,$10.99,1,"Mental Beats Car Mount Dashboard and Windshield Phone Holder Car Accessories Universal for all Smartphones (Black / Red)",-$1.57,$1.57,$0.00,,,
,-$8.18,-$4.90,-$3.00,6-Jun-16,104-6638226-0838630,A7A-6FG-MTL,"Order Payment","Product charges",,$9.99,1,"CHECK BOARD HALF MOON SLICE RUG - GREEN",,,,,,
-$1.00,-$1.06,-$0.96,-$1.50,6-Jun-16,114-1668958-0024205,6T3-1R4-UX4,"Order Payment","Product charges",,$9.99,1,"Superman Lunch Bag ( Man of Steel Movie )",,,$0.00,,,
-$4.75,-$0.75,,,,,,,,,,,,,,,,-$0.45,
-$4.75,-$0.75,,,,,,,,,,,,,,,,-$0.45,
-$1.00,-$1.06,-$0.96,-$3.45,6-Jun-16,116-8277248-2804231,35-XQ66-Y2X5,"Order Payment","Product charges",,$22.99,1,"Mental Beats Xpert Ultimate Comfort Pillow Soft Over the Ear Headphones with Mic (White)",-$5.44,$5.44,,,,
,,,-$9.75,6-Jun-16,002-6862704-1790639,CF-TEVC-5FHU,"Order Payment","Product charges",,$64.99,1,"Mizone Glitter Reversible Printed Plush Comforter Mini Set - Black, Full / Queen",,,,,,
,,,-$2.85,6-Jun-16,109-5943531-1919414,HMR-UM4-V1X,"Order Payment","Product charges",,$18.99,1,"DOUBLE SWAG SHOWER CURTAIN, LINER & RINGS , Rose Pink",,,,,,
,,,-$1.15,6-Jun-16,108-6694475-8168208,7XN-RSK-3N9,"Order Payment","Product charges",,$7.65,1,"Boude Wipes Hanging Flushable Wipe Dispenser, 42 Count Wipes",,,,,,
,,,-$1.50,6-Jun-16,115-7738110-3919407,70-FVIS-6TNP,"Order Payment","Product charges",,$9.99,1,"Anti Slip Bathtub Shower Mat - Assorted Colors (clear)",,,,,,
,-$4.09,-$3.62,-$3.75,6-Jun-16,105-1755570-9154616,22-Q94M-YDGP,"Order Payment","Product charges",,$24.99,1,"D&S Infused Cool Gel Ventilated Core Hypoallergenic MEMORY FOAM Pillow - Cool Ultra Soft Pillow",,,,,,
-$1.00,-$1.06,-$0.96,-$1.65,6-Jun-16,115-0355397-7591414,GK-51IE-0Z62,"Order Payment","Product charges",,$10.99,1,"Mental Beats Car Mount Dashboard and Windshield Phone Holder Car Accessories Universal for all Smartphones (Black / Red)",,,,,,
,-$4.09,-$4.01,-$5.25,6-Jun-16,102-1785215-6162622,3Y-2VGV-AZ21,"Order Payment","Product charges",,$34.99,1,"D&S Cool Gel Memory Foam Ventilated Core Hypoallergenic Standard Pillow",,,,,,
-$1.00,-$1.06,-$0.96,-$1.80,5-Jun-16,108-8335673-3665008,Q0-OA97-BH2V,"Order Payment","Product charges",,$11.99,1,"Mental Beats Car Mount Dashboard and Windshield Phone Holder Car Accessories Universal for all Smartphones (Black / Silver )",-$3.18,$3.18,,,,
,-$4.09,-$3.62,-$3.75,5-Jun-16,109-4850862-1935403,22-Q94M-YDGP,"Order Payment","Product charges",,$24.99,1,"D&S Infused Cool Gel Ventilated Core Hypoallergenic MEMORY FOAM Pillow - Cool Ultra Soft Pillow",,,,,,
-$1.00,-$1.06,-$1.95,-$2.85,5-Jun-16,106-2676813-8405015,SUA-790-PPK,"Order Payment","Product charges",,$18.99,1,"Double Swag Shower Curtain With Liner Set, Taupe (Tan), 70x72",,,,,,
-$1.00,-$1.06,-$0.96,-$1.65,5-Jun-16,002-5755534-7549042,LA-WNVM-684G,"Order Payment","Product charges",,$10.99,1,"Mental Beats Car Mount Dashboard and Windshield Phone Holder Car Accessories Universal for all Smartphones (Black / White)",-$6.17,$6.17,,,,
,-$4.09,-$2.45,-$1.50,5-Jun-16,110-1677944-8595421,A7A-6FG-MTL,"Order Payment","Product charges",,$9.99,1,"CHECK BOARD HALF MOON SLICE RUG - GREEN",,,,,,
-$1.00,-$1.06,-$0.96,-$1.65,4-Jun-16,106-7963518-1431402,LA-WNVM-684G,"Order Payment","Product charges",,$10.99,1,"Mental Beats Car Mount Dashboard and Windshield Phone Holder Car Accessories Universal for all Smartphones (Black / White)",,,,,,
-$1.00,-$1.06,-$1.95,-$2.85,4-Jun-16,111-0840617-0930635,SUA-790-PPK,"Order Payment","Product charges",,$18.99,1,"Double Swag Shower Curtain With Liner Set, Taupe (Tan), 70x72",,,$0.00,,,
,-$8.18,-$7.24,-$7.46,4-Jun-16,107-2315625-2965839,CSL-662-M1T,"Order Payment","Product charges",,$24.89,1,"Feel At Ease Mat 24 x 36 - Espresso",,,$0.00,,,
-$1.00,-$1.06,-$1.95,-$2.85,4-Jun-16,116-1727247-7722662,SUA-790-PPK,"Order Payment","Product charges",,$18.99,1,"Double Swag Shower Curtain With Liner Set, Taupe (Tan), 70x72",-$3.16,$3.16,$0.00,,,
-$1.00,-$1.06,-$0.96,-$1.65,4-Jun-16,102-4766693-4973054,Q0-OA97-BH2V,"Order Payment","Product charges",,$10.99,1,"Mental Beats Car Mount Dashboard and Windshield Phone Holder Car Accessories Universal for all Smartphones (Black / Silver )",,,,,,
,-$4.09,-$2.45,-$1.50,4-Jun-16,104-9455203-8694610,A7A-6FG-MTL,"Order Payment","Product charges",,$9.99,1,"CHECK BOARD HALF MOON SLICE RUG - GREEN",,,,,,
,-$4.09,-$2.45,-$1.50,4-Jun-16,113-8691794-0509860,A7A-6FG-MTL,"Order Payment","Product charges",,$9.99,1,"CHECK BOARD HALF MOON SLICE RUG - GREEN",,,,,,
-$1.00,-$1.06,-$0.96,-$1.80,4-Jun-16,108-2221551-6539423,GK-51IE-0Z62,"Order Payment","Product charges",,$11.99,1,"Mental Beats Car Mount Dashboard and Windshield Phone Holder Car Accessories Universal for all Smartphones (Black / Red)",,,,,,
,-$4.09,-$3.62,-$3.75,4-Jun-16,113-7180020-3791463,22-Q94M-YDGP,"Order Payment","Product charges",,$24.99,1,"D&S Infused Cool Gel Ventilated Core Hypoallergenic MEMORY FOAM Pillow - Cool Ultra Soft Pillow",-$3.18,$3.18,,,,
-$1.00,-$1.06,-$0.96,-$1.65,3-Jun-16,114-5657384-3297030,Q0-OA97-BH2V,"Order Payment","Product charges",,$10.99,1,"Mental Beats Car Mount Dashboard and Windshield Phone Holder Car Accessories Universal for all Smartphones (Black / Silver )",,,,,,
,-$4.09,-$3.62,-$3.75,3-Jun-16,110-5814298-4588213,22-Q94M-YDGP,"Order Payment","Product charges",,$24.99,1,"D&S Infused Cool Gel Ventilated Core Hypoallergenic MEMORY FOAM Pillow - Cool Ultra Soft Pillow",,,,,,
-$4.75,-$0.75,,,,,,,,,,,,,,,,-$0.45,
,,,-$1.35,3-Jun-16,103-4450709-3989035,OT1-83U-XWZ,"Order Payment","Product charges",,$9.00,1,"Guard Security 681 Vinyl Coated Coiled Cable with Loop Ends, 6-Feet x 5/16-Inch",,,,,,
,,,-$1.88,3-Jun-16,111-4885030-5862640,58-DDQT-DY4N,"Order Payment","Product charges",,$12.50,1,"Hanes Women's T-Shirt Underwire Bra, Nude,38B",,,,,,
,,,-$1.20,3-Jun-16,105-4317230-4639461,NC-MU4S-M0SS,"Order Payment","Product charges",,$7.99,1,"Cuispro Snap-Fit Pop Molds: 6 Rocket and 6 Boat shapes",,,,,,
-$1.00,-$3.18,-$7.02,-$4.95,3-Jun-16,108-9832730-9132248,0W-I967-F2HV,"Order Payment","Product charges",,$10.99,1,"Flocked Ultra Thin Heavy Duty Velvet Hangers (10, Forrest Green)",,,,,,
,-$4.09,-$3.62,-$3.75,3-Jun-16,113-8295739-2506602,22-Q94M-YDGP,"Order Payment","Product charges",,$24.99,1,"D&S Infused Cool Gel Ventilated Core Hypoallergenic MEMORY FOAM Pillow - Cool Ultra Soft Pillow",,,,,,
-$1.00,-$1.06,-$0.96,-$1.65,3-Jun-16,111-3386776-4616214,Q0-OA97-BH2V,"Order Payment","Product charges",,$10.99,1,"Mental Beats Car Mount Dashboard and Windshield Phone Holder Car Accessories Universal for all Smartphones (Black / Silver )",,,,,,
-$1.00,-$2.12,-$1.92,-$3.60,2-Jun-16,105-8976655-6776257,CM-O188-8KK2,"Order Payment","Product charges",,$11.99,1,"Mental Beats ICON High Quality Earbuds with 4' FT Tangle Free Cable with Mic (Black)",,,,,,
-$1.00,-$1.06,-$1.95,-$1.65,2-Jun-16,114-8265158-7197853,WE-YEB6-Q279,"Order Payment","Product charges",,$10.99,1,"Flocked Ultra Thin Heavy Duty Velvet Hangers (10, Grey)",,,,,,
-$1.00,-$1.06,-$2.34,-$1.65,2-Jun-16,106-7740142-9437857,0W-I967-F2HV,"Order Payment","Product charges",,$10.99,1,"Flocked Ultra Thin Heavy Duty Velvet Hangers (10, Forrest Green)",,,,,,
-$1.00,-$1.06,-$0.96,-$1.80,2-Jun-16,105-9074969-2608234,Q0-OA97-BH2V,"Order Payment","Product charges",,$11.99,1,"Mental Beats Car Mount Dashboard and Windshield Phone Holder Car Accessories Universal for all Smartphones (Black / Silver )",,,,,,
-$1.00,-$1.06,-$4.29,-$2.55,2-Jun-16,115-1863696-5413051,BX-YPD9-FBE5,"Order Payment","Product charges",,$16.99,1,"Flocked Ultra Thin Heavy Duty Velvet Hangers (25, Grey)",,,,,,
-$1.00,-$1.06,-$0.96,-$1.80,2-Jun-16,114-0426748-6684233,Q0-OA97-BH2V,"Order Payment","Product charges",,$11.99,1,"Mental Beats Car Mount Dashboard and Windshield Phone Holder Car Accessories Universal for all Smartphones (Black / Silver )",,,,,,
-$1.00,-$1.06,-$1.95,-$2.85,1-Jun-16,113-1838349-6903463,SUA-790-PPK,"Order Payment","Product charges",,$18.99,1,"Double Swag Shower Curtain With Liner Set, Taupe (Tan), 70x72",,,,,,
-$1.00,-$1.06,-$0.96,-$1.80,1-Jun-16,102-6292868-6562650,GK-51IE-0Z62,"Order Payment","Product charges",,$11.99,1,"Mental Beats Car Mount Dashboard and Windshield Phone Holder Car Accessories Universal for all Smartphones (Black / Red)",,,,,,
-$1.00,-$1.06,-$3.51,-$1.65,1-Jun-16,111-3709095-8556269,13-PAI1-IANH,"Order Payment","Product charges",,$10.99,1,"Regular Show Mordecai Hooded Blue Backpack",,,,,,
-$1.00,-$1.06,-$0.96,-$1.80,1-Jun-16,107-0709681-9989051,GK-51IE-0Z62,"Order Payment","Product charges",,$11.99,1,"Mental Beats Car Mount Dashboard and Windshield Phone Holder Car Accessories Universal for all Smartphones (Black / Red)",,,,,,
,,,-$4.50,1-Jun-16,106-4488669-3219413,2H-FAZS-4VMR,"Order Payment","Product charges",,$29.98,2,"17"" x 24"" Ultra Soft Memory Foam Comfort Bath Mat (Orange)",,,,,,
-$1.00,-$1.06,-$1.95,-$2.85,1-Jun-16,111-9019667-0129847,SUA-790-PPK,"Order Payment","Product charges",,$18.99,1,"Double Swag Shower Curtain With Liner Set, Taupe (Tan), 70x72",-$7.65,$7.65,,,,
-$1.00,-$1.06,-$2.34,-$1.65,1-Jun-16,106-8941607-7204222,0W-I967-F2HV,"Order Payment","Product charges",,$10.99,1,"Flocked Ultra Thin Heavy Duty Velvet Hangers (10, Forrest Green)",,,,,,
