"Amazon fees - Referral Fee on Item Price",Date,"Order ID",SKU,"Transaction type","Payment Type","Payment Detail",Amount,Quantity,"Product Title","Amazon fees - FBA Pick & Pack Fee","Amazon fees - FBA Weight Handling Fee","Promo rebates - ","Promo rebates - Shipping","Other - Shipping","Amazon fees - FBA Order Handling Fee","Amazon fees - Shipping Chargeback","Amazon fees - FBA transportation fee"
-$2.00,18-Apr-16,108-5087027-1856213,9G-CDVH-T2B4,"Order Payment","Product charges",,$3.98,2,"DecoPac How to Train Your Dragon 2 Hiccup and Friends Cupcake Rings (12 Count)",,,,,,,,
-$2.55,18-Apr-16,107-2182773-1293019,2H-FGMO-4THC,"Order Payment","Product charges",,$16.99,1,"Flocked Ultra Thin Heavy Duty Velvet Hangers (25, Forrest Green)",,,,,,,,
-$9.00,18-Apr-16,104-1102082-2466646,BQ-4FEP-C3OH,"Order Payment","Product charges",,$59.98,2,"Hypoallergenic Contour Bamboo Memory Foam Pillow Great for Relieving Neck and Shoulder Aches",-$8.18,-$7.24,$0.00,-$6.49,$6.49,,,
-$4.50,18-Apr-16,113-7492529-8437847,Q0-OA97-BH2V,"Order Payment","Product charges",,$29.98,2,"Mental Beats Car Mount Dashboard and Windshield Phone Holder Car Accessories Universal for all Smartphones (Black / Silver )",-$2.12,-$1.00,$0.00,-$2.08,$2.08,-$1.00,,
-$6.00,18-Apr-16,109-0423078-3013065,3Y-2VGV-AZ21,"Order Payment","Product charges",,$39.99,1,"Cool Gel Memory Foam Ventilated Core Hypoallergenic Standard Pillow",-$4.09,-$4.01,,,$10.02,,-$10.02,
-$6.75,18-Apr-16,105-7259317-6757065,Q3-3IFR-V1ZN,"Order Payment","Product charges",,$44.99,1,"Humanscale Zon Air Purifier in White",-$4.09,-$8.30,$0.00,,,,,
-$9.00,18-Apr-16,115-6274552-3122627,BQ-4FEP-C3OH,"Order Payment","Product charges",,$59.98,2,"Hypoallergenic Contour Bamboo Memory Foam Pillow Great for Relieving Neck and Shoulder Aches",-$8.18,-$7.24,,,,,,
-$4.50,17-Apr-16,109-0121144-2902679,BQ-4FEP-C3OH,"Order Payment","Product charges",,$29.99,1,"Hypoallergenic Contour Bamboo Memory Foam Pillow Great for Relieving Neck and Shoulder Aches",-$4.09,-$3.62,,,,,,
-$9.00,17-Apr-16,115-9041282-6193023,BQ-4FEP-C3OH,"Order Payment","Product charges",,$29.99,1,"Hypoallergenic Contour Bamboo Memory Foam Pillow Great for Relieving Neck and Shoulder Aches",-$8.18,-$7.24,,,,,,
-$4.50,17-Apr-16,110-4715282-5600209,BQ-4FEP-C3OH,"Order Payment","Product charges",,$29.99,1,"Hypoallergenic Contour Bamboo Memory Foam Pillow Great for Relieving Neck and Shoulder Aches",-$4.09,-$3.62,,,,,,
-$4.50,17-Apr-16,112-2687052-8376241,BQ-4FEP-C3OH,"Order Payment","Product charges",,$29.99,1,"Hypoallergenic Contour Bamboo Memory Foam Pillow Great for Relieving Neck and Shoulder Aches",-$4.09,-$3.62,,,,,,
-$4.50,17-Apr-16,102-6352905-4540269,22-Q94M-YDGP,"Order Payment","Product charges",,$29.99,1,"Infused Cool Gel Ventilated Core Hypoallergenic MEMORY FOAM Pillow - Cool Ultra Soft Pillow",-$4.09,-$3.62,,,,,,
-$4.50,17-Apr-16,106-5518689-7312255,22-Q94M-YDGP,"Order Payment","Product charges",,$29.99,1,"Infused Cool Gel Ventilated Core Hypoallergenic MEMORY FOAM Pillow - Cool Ultra Soft Pillow",-$4.09,-$3.62,$0.00,-$2.52,$2.52,,,
-$6.00,16-Apr-16,102-7704372-4426658,3Y-2VGV-AZ21,"Order Payment","Product charges",,$39.99,1,"Cool Gel Memory Foam Ventilated Core Hypoallergenic Standard Pillow",-$4.09,-$4.01,,,,,,
-$3.00,16-Apr-16,116-2389148-0332234,32-P5XA-EGJY,"Order Payment","Product charges",,$19.99,1,"Mental Beats Xcentric Earbuds with Metal Mic Includes Tangle Free Flatwire Cord (teal)",-$1.06,-$0.96,,,,-$1.00,,
-$3.75,16-Apr-16,002-1733708-3913026,7W-PCJO-3BVK,"Order Payment","Product charges",,$24.99,1,"Mental Beats Xpert Ultimate Comfort Pillow Soft Over the Ear Headphones with Mic (Black)",-$1.06,-$0.96,,,$5.55,-$1.00,-$5.55,
-$4.50,16-Apr-16,102-2615444-6303452,22-Q94M-YDGP,"Order Payment","Product charges",,$29.99,1,"Infused Cool Gel Ventilated Core Hypoallergenic MEMORY FOAM Pillow - Cool Ultra Soft Pillow",-$4.09,-$3.62,$0.00,-$2.64,$2.64,,,
-$9.00,16-Apr-16,112-9474491-0359463,22-Q94M-YDGP,"Order Payment","Product charges",,$29.99,1,"Infused Cool Gel Ventilated Core Hypoallergenic MEMORY FOAM Pillow - Cool Ultra Soft Pillow",-$8.18,-$7.24,,,$8.10,,-$8.10,
-$1.65,16-Apr-16,102-2625447-7898612,0W-I967-F2HV,"Order Payment","Product charges",,$10.99,1,"Flocked Ultra Thin Heavy Duty Velvet Hangers (10, Forrest Green)",-$1.06,-$2.34,,,,-$1.00,,
-$4.50,16-Apr-16,111-4433925-7505808,BQ-4FEP-C3OH,"Order Payment","Product charges",,$29.99,1,"Hypoallergenic Contour Bamboo Memory Foam Pillow Great for Relieving Neck and Shoulder Aches",-$4.09,-$3.62,,,,,,
-$4.50,15-Apr-16,112-3883320-6572244,BQ-4FEP-C3OH,"Order Payment","Product charges",,$29.99,1,"Hypoallergenic Contour Bamboo Memory Foam Pillow Great for Relieving Neck and Shoulder Aches",-$4.09,-$3.62,,,,,,
-$4.50,15-Apr-16,113-2214241-8808250,22-Q94M-YDGP,"Order Payment","Product charges",,$29.99,1,"Infused Cool Gel Ventilated Core Hypoallergenic MEMORY FOAM Pillow - Cool Ultra Soft Pillow",-$4.09,-$3.62,,,,,,
-$6.00,15-Apr-16,103-0132155-9720201,3Y-2VGV-AZ21,"Order Payment","Product charges",,$39.99,1,"Cool Gel Memory Foam Ventilated Core Hypoallergenic Standard Pillow",-$4.09,-$4.01,,,,,,
-$1.34,15-Apr-16,113-2318044-6174645,FV-XXFT-7P69,"Order Payment","Product charges",,$8.95,1,"My Little Pony Soft Tote Lunch Box",-$1.06,-$0.96,,,,-$1.00,,
-$6.00,15-Apr-16,116-0110993-7633060,3Y-2VGV-AZ21,"Order Payment","Product charges",,$39.99,1,"Cool Gel Memory Foam Ventilated Core Hypoallergenic Standard Pillow",-$4.09,-$4.01,,,,,,
-$1.78,15-Apr-16,114-6142881-4133860,VG6-VKY-SRF,"Order Payment","Product charges",,$11.85,1,"Better Home New Crochet Vinyl Lace Tablecloth, 70"" Round, White",-$1.06,-$1.95,,,,-$1.00,,
-$4.50,15-Apr-16,116-1352687-9673861,BQ-4FEP-C3OH,"Order Payment","Product charges",,$29.99,1,"Hypoallergenic Contour Bamboo Memory Foam Pillow Great for Relieving Neck and Shoulder Aches",-$4.09,-$3.62,$0.00,-$2.41,$2.41,,,
-$4.50,15-Apr-16,114-7390862-5412234,BQ-4FEP-C3OH,"Order Payment","Product charges",,$29.99,1,"Hypoallergenic Contour Bamboo Memory Foam Pillow Great for Relieving Neck and Shoulder Aches",-$4.09,-$3.62,,,,,,
-$9.00,15-Apr-16,106-1641826-8950614,BQ-4FEP-C3OH,"Order Payment","Product charges",,$29.99,1,"Hypoallergenic Contour Bamboo Memory Foam Pillow Great for Relieving Neck and Shoulder Aches",-$8.18,-$7.24,$0.00,-$6.49,$6.49,,,
-$1.78,15-Apr-16,103-6192935-3165032,VG6-VKY-SRF,"Order Payment","Product charges",,$11.85,1,"Better Home New Crochet Vinyl Lace Tablecloth, 70"" Round, White",-$1.06,-$1.95,,,,-$1.00,,
-$4.50,15-Apr-16,116-7808227-6080234,BQ-4FEP-C3OH,"Order Payment","Product charges",,$29.99,1,"Hypoallergenic Contour Bamboo Memory Foam Pillow Great for Relieving Neck and Shoulder Aches",-$4.09,-$3.62,,,,,,
-$4.50,14-Apr-16,103-9446428-5886665,BQ-4FEP-C3OH,"Order Payment","Product charges",,$29.99,1,"Hypoallergenic Contour Bamboo Memory Foam Pillow Great for Relieving Neck and Shoulder Aches",-$4.09,-$3.62,,,$3.99,,-$3.99,
-$1.65,14-Apr-16,002-0867450-2476206,0W-I967-F2HV,"Order Payment","Product charges",,$10.99,1,"Flocked Ultra Thin Heavy Duty Velvet Hangers (10, Forrest Green)",-$1.06,-$2.34,,,,-$1.00,,
-$9.00,14-Apr-16,114-9622816-7733018,22-Q94M-YDGP,"Order Payment","Product charges",,$29.99,1,"Infused Cool Gel Ventilated Core Hypoallergenic MEMORY FOAM Pillow - Cool Ultra Soft Pillow",-$8.18,-$7.24,,,,,,
-$3.00,14-Apr-16,109-5228117-6941058,3G-5P9S-KWAT,"Order Payment","Product charges",,$19.99,1,"Mental Beats Xcentric Earbuds with Metal Mic Includes Tangle Free Flatwire Cord (Silver)",-$1.06,-$0.96,,,,-$1.00,,
-$8.10,14-Apr-16,110-8782757-9256217,K3-C2EG-MXOE,"Order Payment","Product charges",,$53.94,6,"Xtreme Cables MFI 8 Pin 3ft Flat Tangle Free Sync & Charge Cable (Red)",-$6.36,-$5.76,,,,-$1.00,,
-$2.25,14-Apr-16,106-1205567-4332218,IID-VCY-8DP,"Order Payment","Product charges",,$14.99,1,"Smartekå¨ Rechargeable Fabric Defuzzer Cloth Shaver Black Cord/Cordless",-$1.06,-$0.96,,,,-$1.00,,
-$4.50,14-Apr-16,106-8594184-9595419,22-Q94M-YDGP,"Order Payment","Product charges",,$29.99,1,"Infused Cool Gel Ventilated Core Hypoallergenic MEMORY FOAM Pillow - Cool Ultra Soft Pillow",-$4.09,-$3.62,,,,,,
-$6.00,14-Apr-16,102-2986139-1593833,3Y-2VGV-AZ21,"Order Payment","Product charges",,$39.99,1,"Cool Gel Memory Foam Ventilated Core Hypoallergenic Standard Pillow",-$4.09,-$4.01,,,$6.99,,-$6.99,
-$4.50,14-Apr-16,110-8445485-3705051,BQ-4FEP-C3OH,"Order Payment","Product charges",,$29.99,1,"Hypoallergenic Contour Bamboo Memory Foam Pillow Great for Relieving Neck and Shoulder Aches",-$4.09,-$3.62,,,,,,
-$1.34,14-Apr-16,110-6055476-6266668,FV-XXFT-7P69,"Order Payment","Product charges",,$8.95,1,"My Little Pony Soft Tote Lunch Box",-$1.06,-$0.96,$0.00,,$3.64,-$1.00,-$3.64,
,,,,,,,,,,-$0.75,,,,,-$4.75,,-$0.45
-$4.50,14-Apr-16,111-8154218-2074654,22-Q94M-YDGP,"Order Payment","Product charges",,$29.99,1,"Infused Cool Gel Ventilated Core Hypoallergenic MEMORY FOAM Pillow - Cool Ultra Soft Pillow",-$4.09,-$3.62,,,,,,
-$4.50,13-Apr-16,106-4870555-0285811,22-Q94M-YDGP,"Order Payment","Product charges",,$29.99,1,"Infused Cool Gel Ventilated Core Hypoallergenic MEMORY FOAM Pillow - Cool Ultra Soft Pillow",-$4.09,-$3.62,,,,,,
-$2.55,13-Apr-16,002-2594876-4319437,BX-YPD9-FBE5,"Order Payment","Product charges",,$16.99,1,"Flocked Ultra Thin Heavy Duty Velvet Hangers (25, Grey)",-$1.06,-$0.96,,,,-$1.00,,
-$4.50,13-Apr-16,112-9257509-1099430,BQ-4FEP-C3OH,"Order Payment","Product charges",,$29.99,1,"Hypoallergenic Contour Bamboo Memory Foam Pillow Great for Relieving Neck and Shoulder Aches",-$4.09,-$3.62,,,$3.99,,-$3.99,
-$7.50,13-Apr-16,103-0285446-8858631,VO6-KH8-U2Q,"Order Payment","Product charges",,$49.99,1,"Oster 8-Speed Blender",,,,,,,,
-$6.00,13-Apr-16,112-1783078-8033856,3Y-2VGV-AZ21,"Order Payment","Product charges",,$39.99,1,"Cool Gel Memory Foam Ventilated Core Hypoallergenic Standard Pillow",-$4.09,-$4.01,,,,,,
-$2.55,13-Apr-16,114-3404032-7843416,2H-FGMO-4THC,"Order Payment","Product charges",,$16.99,1,"Flocked Ultra Thin Heavy Duty Velvet Hangers (25, Forrest Green)",,,,,,,,
-$1.00,13-Apr-16,115-6036581-9785859,NC-MU4S-M0SS,"Order Payment","Product charges",,$5.99,1,"Cuispro Snap-Fit Pop Molds: 6 Rocket and 6 Boat shapes",,,,,,,,
-$4.50,13-Apr-16,002-3387262-1504246,BQ-4FEP-C3OH,"Order Payment","Product charges",,$29.99,1,"Hypoallergenic Contour Bamboo Memory Foam Pillow Great for Relieving Neck and Shoulder Aches",-$4.09,-$3.62,,,$7.19,,-$7.19,
-$4.50,13-Apr-16,103-2077608-4477803,BQ-4FEP-C3OH,"Order Payment","Product charges",,$29.99,1,"Hypoallergenic Contour Bamboo Memory Foam Pillow Great for Relieving Neck and Shoulder Aches",-$4.09,-$3.62,,,,,,
-$4.50,13-Apr-16,002-2775859-6889855,BQ-4FEP-C3OH,"Order Payment","Product charges",,$29.99,1,"Hypoallergenic Contour Bamboo Memory Foam Pillow Great for Relieving Neck and Shoulder Aches",-$4.09,-$3.62,,,,,,
-$1.34,12-Apr-16,111-2314124-5179436,FV-XXFT-7P69,"Order Payment","Product charges",,$8.95,1,"My Little Pony Soft Tote Lunch Box",-$1.06,-$0.96,,,,-$1.00,,
-$4.50,12-Apr-16,113-1834041-2205844,BQ-4FEP-C3OH,"Order Payment","Product charges",,$29.99,1,"Hypoallergenic Contour Bamboo Memory Foam Pillow Great for Relieving Neck and Shoulder Aches",-$4.09,-$3.62,$0.00,-$3.24,$3.24,,,
-$3.00,12-Apr-16,106-2626540-9573856,3G-5P9S-KWAT,"Order Payment","Product charges",,$19.99,1,"Mental Beats Xcentric Earbuds with Metal Mic Includes Tangle Free Flatwire Cord (Silver)",-$1.06,-$0.96,,,,-$1.00,,
-$4.50,12-Apr-16,112-8554539-7298658,BQ-4FEP-C3OH,"Order Payment","Product charges",,$29.99,1,"Hypoallergenic Contour Bamboo Memory Foam Pillow Great for Relieving Neck and Shoulder Aches",-$4.09,-$3.62,,,,,,
-$12.00,12-Apr-16,105-0795528-6400223,3Y-2VGV-AZ21,"Order Payment","Product charges",,$79.98,2,"Cool Gel Memory Foam Ventilated Core Hypoallergenic Standard Pillow",-$8.18,-$8.02,,,,,,
-$6.00,12-Apr-16,116-1674871-5299462,3Y-2VGV-AZ21,"Order Payment","Product charges",,$39.99,1,"Cool Gel Memory Foam Ventilated Core Hypoallergenic Standard Pillow",-$4.09,-$4.01,,,,,,
-$3.75,12-Apr-16,114-0912233-1502657,7W-PCJO-3BVK,"Order Payment","Product charges",,$24.99,1,"Mental Beats Xpert Ultimate Comfort Pillow Soft Over the Ear Headphones with Mic (Black)",-$1.06,-$0.96,,,,-$1.00,,
-$3.30,12-Apr-16,102-1393247-8855457,0W-I967-F2HV,"Order Payment","Product charges",,$10.99,1,"Flocked Ultra Thin Heavy Duty Velvet Hangers (10, Forrest Green)",-$2.12,-$4.29,,,,-$1.00,,
-$4.50,12-Apr-16,111-8136600-2798613,22-Q94M-YDGP,"Order Payment","Product charges",,$29.99,1,"Infused Cool Gel Ventilated Core Hypoallergenic MEMORY FOAM Pillow - Standard Ultra Soft Pillow",-$4.09,-$3.62,,,,,,
-$4.50,12-Apr-16,106-1277920-0791462,22-Q94M-YDGP,"Order Payment","Product charges",,$29.99,1,"Infused Cool Gel Ventilated Core Hypoallergenic MEMORY FOAM Pillow - Cool Ultra Soft Pillow",-$4.09,-$3.62,,,,,,
,,,,,,,,,,-$0.75,,,,,-$4.75,,-$0.45
,,,,,,,,,,-$0.75,,,,,-$4.75,,-$0.45
-$7.05,12-Apr-16,114-0521579-9366606,IM-VFRS-GRIO,"Order Payment","Product charges",,$46.99,1,"Humanscale Zon Air Purifier in Red",-$4.09,-$8.69,,,,,,
-$9.00,12-Apr-16,111-5157799-1432206,22-Q94M-YDGP,"Order Payment","Product charges",,$29.99,1,"Infused Cool Gel Ventilated Core Hypoallergenic MEMORY FOAM Pillow - Cool Ultra Soft Pillow",-$8.18,-$7.24,,,,,,
-$1.50,12-Apr-16,106-1354958-4717803,70-FVIS-6TNP,"Order Payment","Product charges",,$9.99,1,"Anti Slip Bathtub Shower Mat - Assorted Colors (clear)",,,,,,,,
-$1.78,12-Apr-16,002-4001007-3336264,VG6-VKY-SRF,"Order Payment","Product charges",,$11.85,1,"Better Home New Crochet Vinyl Lace Tablecloth, 70"" Round, White",-$1.06,-$1.95,,,,-$1.00,,
-$6.00,12-Apr-16,114-3900731-0185801,3Y-2VGV-AZ21,"Order Payment","Product charges",,$39.99,1,"Cool Gel Memory Foam Ventilated Core Hypoallergenic Standard Pillow",-$4.09,-$4.01,,,$3.19,,-$3.19,
-$6.00,11-Apr-16,111-2304698-3005861,3Y-2VGV-AZ21,"Order Payment","Product charges",,$39.99,1,"Cool Gel Memory Foam Ventilated Core Hypoallergenic Standard Pillow",-$4.09,-$4.01,,,,,,
-$4.50,11-Apr-16,110-7856701-0748219,22-Q94M-YDGP,"Order Payment","Product charges",,$29.99,1,"Infused Cool Gel Ventilated Core Hypoallergenic MEMORY FOAM Pillow - Cool Ultra Soft Pillow",-$4.09,-$3.62,,,,,,
-$4.50,11-Apr-16,115-9452433-0197049,22-Q94M-YDGP,"Order Payment","Product charges",,$29.99,1,"Infused Cool Gel Ventilated Core Hypoallergenic MEMORY FOAM Pillow - Standard Ultra Soft Pillow",-$4.09,-$3.62,,,,,,
-$4.50,11-Apr-16,107-6113273-2977069,22-Q94M-YDGP,"Order Payment","Product charges",,$29.99,1,"Infused Cool Gel Ventilated Core Hypoallergenic MEMORY FOAM Pillow - Cool Ultra Soft Pillow",-$4.09,-$3.62,,,,,,
-$4.50,11-Apr-16,002-1630351-7490615,BQ-4FEP-C3OH,"Order Payment","Product charges",,$29.99,1,"Hypoallergenic Contour Bamboo Memory Foam Pillow Great for Relieving Neck and Shoulder Aches",-$4.09,-$3.62,,,,,,
-$5.70,11-Apr-16,104-9594395-5654661,JE-0F9S-TM6N,"Order Payment","Product charges",,$37.98,2,"Mental Beats Xclusive High Quality Metal Earbuds With Mic and 4' FT Cable (Red,)",-$2.12,-$1.92,,,,-$1.00,,
-$4.50,11-Apr-16,105-0037496-4646621,BQ-4FEP-C3OH,"Order Payment","Product charges",,$29.99,1,"Hypoallergenic Contour Bamboo Memory Foam Pillow Great for Relieving Neck and Shoulder Aches",-$4.09,-$3.62,,,,,,
-$4.50,11-Apr-16,105-4076279-7474633,BQ-4FEP-C3OH,"Order Payment","Product charges",,$29.99,1,"Hypoallergenic Contour Bamboo Memory Foam Pillow Great for Relieving Neck and Shoulder Aches",-$4.09,-$3.62,,,,,,
-$9.00,11-Apr-16,112-3582400-8659459,22-Q94M-YDGP,"Order Payment","Product charges",,$29.99,1,"Infused Cool Gel Ventilated Core Hypoallergenic MEMORY FOAM Pillow - Standard Ultra Soft Pillow",-$8.18,-$7.24,,,,,,
-$9.00,11-Apr-16,108-1721907-2431469,22-Q94M-YDGP,"Order Payment","Product charges",,$59.98,2,"Infused Cool Gel Ventilated Core Hypoallergenic MEMORY FOAM Pillow - Cool Ultra Soft Pillow",-$8.18,-$7.24,,,,,,
-$5.85,11-Apr-16,111-1653501-8817804,RO-6RXH-KT8V,"Order Payment","Product charges",,$16.99,1,"Flocked Ultra Thin Heavy Duty Velvet Hangers (25, Ivory)",-$3.18,-$6.21,,,,-$1.00,,
-$4.50,11-Apr-16,103-2730517-0813030,BQ-4FEP-C3OH,"Order Payment","Product charges",,$29.99,1,"Hypoallergenic Contour Bamboo Memory Foam Pillow Great for Relieving Neck and Shoulder Aches",-$4.09,-$3.62,,,,,,
-$4.50,11-Apr-16,106-2101501-7527460,22-Q94M-YDGP,"Order Payment","Product charges",,$29.99,1,"Infused Cool Gel Ventilated Core Hypoallergenic MEMORY FOAM Pillow - Standard Ultra Soft Pillow",-$4.09,-$3.62,,,$3.99,,-$3.99,
-$6.00,11-Apr-16,002-1828521-2093848,3Y-2VGV-AZ21,"Order Payment","Product charges",,$39.99,1,"Cool Gel Memory Foam Ventilated Core Hypoallergenic Standard Pillow",-$4.09,-$4.01,$0.00,-$5.43,$5.43,,,
-$6.00,11-Apr-16,105-6097260-4823412,3Y-2VGV-AZ21,"Order Payment","Product charges",,$39.99,1,"Cool Gel Memory Foam Ventilated Core Hypoallergenic Standard Pillow",-$4.09,-$4.01,,,,,,
-$6.00,11-Apr-16,107-8297362-5284200,3Y-2VGV-AZ21,"Order Payment","Product charges",,$39.99,1,"Cool Gel Memory Foam Ventilated Core Hypoallergenic Standard Pillow",-$4.09,-$4.01,,,,,,
-$3.00,11-Apr-16,112-1666583-2284226,32-P5XA-EGJY,"Order Payment","Product charges",,$19.99,1,"Mental Beats Xcentric Earbuds with Metal Mic Includes Tangle Free Flatwire Cord (teal)",-$1.06,-$0.96,$0.00,-$1.77,$1.77,-$1.00,,
-$4.50,11-Apr-16,110-4716253-0713867,BQ-4FEP-C3OH,"Order Payment","Product charges",,$29.99,1,"Hypoallergenic Contour Bamboo Memory Foam Pillow Great for Relieving Neck and Shoulder Aches",-$4.09,-$3.62,,,,,,
-$6.00,11-Apr-16,116-4373311-3062607,3Y-2VGV-AZ21,"Order Payment","Product charges",,$39.99,1,"Cool Gel Memory Foam Ventilated Core Hypoallergenic Standard Pillow",-$4.09,-$4.01,,,,,,
-$4.50,11-Apr-16,002-0683093-3299439,22-Q94M-YDGP,"Order Payment","Product charges",,$29.99,1,"Infused Cool Gel Ventilated Core Hypoallergenic MEMORY FOAM Pillow - Standard Ultra Soft Pillow",-$4.09,-$3.62,,,,,,
-$4.50,11-Apr-16,109-9164195-3955402,BQ-4FEP-C3OH,"Order Payment","Product charges",,$29.99,1,"Hypoallergenic Contour Bamboo Memory Foam Pillow Great for Relieving Neck and Shoulder Aches",-$4.09,-$3.62,,,,,,
-$6.00,11-Apr-16,108-9403357-8165000,3Y-2VGV-AZ21,"Order Payment","Product charges",,$39.99,1,"Cool Gel Memory Foam Ventilated Core Hypoallergenic Standard Pillow",-$4.09,-$4.01,,,,,,
-$9.00,10-Apr-16,102-7189825-7491469,22-Q94M-YDGP,"Order Payment","Product charges",,$29.99,1,"Infused Cool Gel Ventilated Core Hypoallergenic MEMORY FOAM Pillow - Standard Ultra Soft Pillow",-$8.18,-$7.24,,,,,,
-$4.50,10-Apr-16,103-8833975-8455437,22-Q94M-YDGP,"Order Payment","Product charges",,$29.99,1,"Infused Cool Gel Ventilated Core Hypoallergenic MEMORY FOAM Pillow - Standard Ultra Soft Pillow",-$4.09,-$3.62,$0.00,-$2.53,$2.53,,,
-$4.50,10-Apr-16,107-5792518-4446667,BQ-4FEP-C3OH,"Order Payment","Product charges",,$29.99,1,"Hypoallergenic Contour Bamboo Memory Foam Pillow Great for Relieving Neck and Shoulder Aches",-$4.09,-$3.62,,,,,,
-$4.50,10-Apr-16,108-1691737-9888253,22-Q94M-YDGP,"Order Payment","Product charges",,$29.99,1,"Infused Cool Gel Ventilated Core Hypoallergenic MEMORY FOAM Pillow - Standard Ultra Soft Pillow",-$4.09,-$3.62,,,,,,
-$6.00,10-Apr-16,104-6736133-5961829,3Y-2VGV-AZ21,"Order Payment","Product charges",,$39.99,1,"Cool Gel Memory Foam Ventilated Core Hypoallergenic Standard Pillow",-$4.09,-$4.01,,,,,,
-$4.50,10-Apr-16,105-2530354-1184253,22-Q94M-YDGP,"Order Payment","Product charges",,$29.99,1,"Infused Cool Gel Ventilated Core Hypoallergenic MEMORY FOAM Pillow - Standard Ultra Soft Pillow",-$4.09,-$3.62,,,,,,
-$4.50,10-Apr-16,111-7432888-7749033,BQ-4FEP-C3OH,"Order Payment","Product charges",,$29.99,1,"Hypoallergenic Contour Bamboo Memory Foam Pillow Great for Relieving Neck and Shoulder Aches",-$4.09,-$3.62,$0.00,-$3.25,$3.25,,,
-$4.50,9-Apr-16,002-1468230-7281054,BQ-4FEP-C3OH,"Order Payment","Product charges",,$29.99,1,"Hypoallergenic Contour Bamboo Memory Foam Pillow Great for Relieving Neck and Shoulder Aches",-$4.09,-$3.62,$0.00,-$1.88,$1.88,,,
-$3.56,9-Apr-16,111-4966031-5232267,VG6-VKY-SRF,"Order Payment","Product charges",,$23.70,2,"Better Home New Crochet Vinyl Lace Tablecloth, 70"" Round, White",-$2.12,-$3.90,,,,-$1.00,,
-$4.50,9-Apr-16,107-9898289-1214642,22-Q94M-YDGP,"Order Payment","Product charges",,$29.99,1,"Infused Cool Gel Ventilated Core Hypoallergenic MEMORY FOAM Pillow - Standard Ultra Soft Pillow",-$4.09,-$3.62,,,$4.05,,-$4.05,
-$4.50,9-Apr-16,112-7312386-2197828,22-Q94M-YDGP,"Order Payment","Product charges",,$29.99,1,"Infused Cool Gel Ventilated Core Hypoallergenic MEMORY FOAM Pillow - Standard Ultra Soft Pillow",-$4.09,-$3.62,,,$3.99,,-$3.99,
-$4.50,9-Apr-16,112-7912768-5309032,BQ-4FEP-C3OH,"Order Payment","Product charges",,$29.99,1,"Hypoallergenic Contour Bamboo Memory Foam Pillow Great for Relieving Neck and Shoulder Aches",-$4.09,-$3.62,$0.00,,,,,
-$6.00,9-Apr-16,113-6848465-9439442,3Y-2VGV-AZ21,"Order Payment","Product charges",,$39.99,1,"Cool Gel Memory Foam Ventilated Core Hypoallergenic Standard Pillow",-$4.09,-$4.01,,,,,,
-$3.75,9-Apr-16,114-1883289-2006603,BQ-4FEP-C3OH,"Order Payment","Product charges",,$24.99,1,"Hypoallergenic Contour Bamboo Memory Foam Pillow Great for Relieving Neck and Shoulder Aches",-$4.09,-$3.62,$0.00,-$2.67,$2.67,,,
-$4.50,9-Apr-16,105-7222425-6112202,BQ-4FEP-C3OH,"Order Payment","Product charges",,$29.99,1,"Hypoallergenic Contour Bamboo Memory Foam Pillow Great for Relieving Neck and Shoulder Aches",-$4.09,-$3.62,,,,,,
-$2.55,9-Apr-16,116-0484934-8821814,BX-YPD9-FBE5,"Order Payment","Product charges",,$16.99,1,"Flocked Ultra Thin Heavy Duty Velvet Hangers (25, Grey)",-$1.06,-$0.96,,,,-$1.00,,
-$4.50,9-Apr-16,116-7895774-6990609,BQ-4FEP-C3OH,"Order Payment","Product charges",,$29.99,1,"Hypoallergenic Contour Bamboo Memory Foam Pillow Great for Relieving Neck and Shoulder Aches",-$4.09,-$3.62,,,,,,
-$9.00,8-Apr-16,105-9986078-6536243,22-Q94M-YDGP,"Order Payment","Product charges",,$29.99,1,"Infused Cool Gel Ventilated Core Hypoallergenic MEMORY FOAM Pillow - Standard Ultra Soft Pillow",-$8.18,-$7.24,$0.00,-$3.30,$3.30,,,
-$3.00,8-Apr-16,109-8424849-6693065,32-P5XA-EGJY,"Order Payment","Product charges",,$19.99,1,"Mental Beats Xcentric Earbuds with Metal Mic Includes Tangle Free Flatwire Cord (teal)",-$1.06,-$0.96,,,$11.14,-$1.00,-$11.14,
-$4.50,8-Apr-16,110-0869940-7079428,BQ-4FEP-C3OH,"Order Payment","Product charges",,$29.99,1,"Hypoallergenic Contour Bamboo Memory Foam Pillow Great for Relieving Neck and Shoulder Aches",-$4.09,-$3.62,,,,,,
-$9.00,8-Apr-16,108-3106664-6039452,BQ-4FEP-C3OH,"Order Payment","Product charges",,$59.98,2,"Hypoallergenic Contour Bamboo Memory Foam Pillow Great for Relieving Neck and Shoulder Aches",-$8.18,-$7.24,$0.00,-$6.49,$6.49,,,
-$1.79,8-Apr-16,113-0258233-8168254,R6-ADU0-UQOZ,"Order Payment","Product charges",,$11.94,1,"Sunbeam Ultra Slim Space Saving Multi Tier Velvet Trouser Hangers (Pack of 3)",,,,,,,,
-$4.50,8-Apr-16,102-2641518-3057029,22-Q94M-YDGP,"Order Payment","Product charges",,$29.99,1,"Infused Cool Gel Ventilated Core Hypoallergenic MEMORY FOAM Pillow - Standard Ultra Soft Pillow",-$4.09,-$3.62,,,,,,
-$6.00,7-Apr-16,114-2921817-7053041,3Y-2VGV-AZ21,"Order Payment","Product charges",,$39.99,1,"Cool Gel Memory Foam Ventilated Core Hypoallergenic Standard Pillow",-$4.09,-$4.01,,,,,,
-$2.55,7-Apr-16,115-9020386-1451422,RO-6RXH-KT8V,"Order Payment","Product charges",,$16.99,1,"Flocked Ultra Thin Heavy Duty Velvet Hangers (25, Ivory)",-$1.06,-$4.29,,,,-$1.00,,
-$6.00,7-Apr-16,110-3936440-0670618,CW-OY03-VE7M,"Order Payment","Product charges",,$19.99,1,"Mental Beats Xcentric Earbuds with Metal Mic Includes Tangle Free Flatwire Cord (Pink)",-$2.12,-$1.92,,,,-$1.00,,
-$4.50,7-Apr-16,112-7069067-9256225,22-Q94M-YDGP,"Order Payment","Product charges",,$29.99,1,"Infused Cool Gel Ventilated Core Hypoallergenic MEMORY FOAM Pillow - Standard Ultra Soft Pillow",-$4.09,-$3.62,,,$7.30,,-$7.30,
-$4.50,7-Apr-16,107-1932192-3965841,BQ-4FEP-C3OH,"Order Payment","Product charges",,$29.99,1,"Hypoallergenic Contour Bamboo Memory Foam Pillow Great for Relieving Neck and Shoulder Aches",-$4.09,-$3.62,,,,,,
-$4.50,7-Apr-16,103-3271408-4141018,BQ-4FEP-C3OH,"Order Payment","Product charges",,$29.99,1,"Hypoallergenic Contour Bamboo Memory Foam Pillow Great for Relieving Neck and Shoulder Aches",-$4.09,-$3.62,,,,,,
-$4.50,7-Apr-16,108-9339620-2715467,BQ-4FEP-C3OH,"Order Payment","Product charges",,$29.99,1,"Hypoallergenic Contour Bamboo Memory Foam Pillow Great for Relieving Neck and Shoulder Aches",-$4.09,-$3.62,,,,,,
-$4.50,7-Apr-16,115-2470658-4365827,BQ-4FEP-C3OH,"Order Payment","Product charges",,$29.99,1,"Hypoallergenic Contour Bamboo Memory Foam Pillow Great for Relieving Neck and Shoulder Aches",-$4.09,-$3.62,,,,,,
-$3.00,7-Apr-16,108-8070630-6960200,CW-OXZZ-VE7M,"Order Payment","Product charges",,$19.99,1,"Mental Beats Xcentric Earbuds with Metal Mic Includes Tangle Free Flatwire Cord (Green)",-$1.06,-$0.96,,,$3.99,-$1.00,-$3.99,
-$4.50,7-Apr-16,107-2384388-5571421,BQ-4FEP-C3OH,"Order Payment","Product charges",,$29.99,1,"Hypoallergenic Contour Bamboo Memory Foam Pillow Great for Relieving Neck and Shoulder Aches",-$4.09,-$3.62,,,,,,
-$2.55,7-Apr-16,115-7115551-5260209,2O-P69W-826P,"Order Payment","Product charges",,$16.99,1,"Guardmax - Waterproof Mattress Protector Cover - Fitted Style - Quiet! - Twin Size (39""x75"") - Skirt Stretches to 16""!",-$1.06,-$2.34,$0.00,-$2.34,$2.34,-$1.00,,
-$4.50,7-Apr-16,112-0317766-3537054,BQ-4FEP-C3OH,"Order Payment","Product charges",,$29.99,1,"Hypoallergenic Contour Bamboo Memory Foam Pillow Great for Relieving Neck and Shoulder Aches",-$4.09,-$3.62,,,,,,
-$6.00,7-Apr-16,110-2714236-6784252,3Y-2VGV-AZ21,"Order Payment","Product charges",,$39.99,1,"Cool Gel Memory Foam Ventilated Core Hypoallergenic Standard Pillow",-$4.09,-$4.01,,,$6.99,,-$6.99,
-$3.00,6-Apr-16,111-3289972-9069042,CW-OXZZ-VE7M,"Order Payment","Product charges",,$19.99,1,"Mental Beats Xcentric Earbuds with Metal Mic Includes Tangle Free Flatwire Cord (Green)",-$1.06,-$0.96,,,,-$1.00,,
-$5.25,6-Apr-16,002-8780968-7386635,3Y-2VGV-AZ21,"Order Payment","Product charges",,$34.99,1,"Cool Gel Memory Foam Ventilated Core Hypoallergenic Standard Pillow",-$4.09,-$4.01,,,,,,
-$4.50,6-Apr-16,106-0002123-9149018,22-Q94M-YDGP,"Order Payment","Product charges",,$29.99,1,"Infused Cool Gel Ventilated Core Hypoallergenic MEMORY FOAM Pillow - Standard Ultra Soft Pillow",-$4.09,-$3.62,,,,,,
-$3.00,6-Apr-16,104-0257212-2868278,CW-OY03-VE7M,"Order Payment","Product charges",,$19.99,1,"Mental Beats Xcentric Earbuds with Metal Mic Includes Tangle Free Flatwire Cord (Pink)",-$1.06,-$0.96,,,,-$1.00,,
-$5.25,6-Apr-16,102-6406573-0964208,3Y-2VGV-AZ21,"Order Payment","Product charges",,$34.99,1,"Cool Gel Memory Foam Ventilated Core Hypoallergenic Standard Pillow",-$4.09,-$4.01,,,,,,
-$6.00,6-Apr-16,116-4493055-7029061,3Y-2VGV-AZ21,"Order Payment","Product charges",,$39.99,1,"Cool Gel Memory Foam Ventilated Core Hypoallergenic Standard Pillow",-$4.09,-$4.01,,,,,,
-$10.50,6-Apr-16,116-6661051-1406605,3Y-2VGV-AZ21,"Order Payment","Product charges",,$34.99,1,"Cool Gel Memory Foam Ventilated Core Hypoallergenic Standard Pillow",-$8.18,-$8.02,,,,,,
-$4.50,6-Apr-16,106-7042016-6094650,BQ-4FEP-C3OH,"Order Payment","Product charges",,$29.99,1,"Hypoallergenic Contour Bamboo Memory Foam Pillow Great for Relieving Neck and Shoulder Aches",-$4.09,-$3.62,,,,,,
-$4.50,6-Apr-16,113-8143804-2374628,22-Q94M-YDGP,"Order Payment","Product charges",,$29.99,1,"Infused Cool Gel Ventilated Core Hypoallergenic MEMORY FOAM Pillow - Standard Ultra Soft Pillow",-$4.09,-$3.62,,,,,,
-$2.00,6-Apr-16,112-7158184-7327412,NC-MU4S-M0SS,"Order Payment","Product charges",,$11.98,2,"Cuispro Snap-Fit Pop Molds: 6 Rocket and 6 Boat shapes",,,,,,,,
-$5.25,6-Apr-16,112-5808356-5225830,3Y-2VGV-AZ21,"Order Payment","Product charges",,$34.99,1,"Cool Gel Memory Foam Ventilated Core Hypoallergenic Standard Pillow",-$4.09,-$4.01,,,,,,
-$4.50,6-Apr-16,115-1847038-7842605,22-Q94M-YDGP,"Order Payment","Product charges",,$29.99,1,"Infused Cool Gel Ventilated Core Hypoallergenic MEMORY FOAM Pillow - Standard Ultra Soft Pillow",-$4.09,-$3.62,,,,,,
-$4.50,6-Apr-16,113-4830728-7763461,22-Q94M-YDGP,"Order Payment","Product charges",,$29.99,1,"Infused Cool Gel Ventilated Core Hypoallergenic MEMORY FOAM Pillow - Standard Ultra Soft Pillow",-$4.09,-$3.62,,,,,,
-$1.12,6-Apr-16,104-3485886-8341857,Q0-OA97-BH2V,"Order Payment","Product charges",,$14.99,1,"Mental Beats Car Mount Dashboard and Windshield Phone Holder Car Accessories Universal for all Smartphones (Black / Silver )",-$1.06,-$0.50,-$7.50,,$6.03,-$1.00,-$6.03,
-$4.50,5-Apr-16,105-7963332-9279441,22-Q94M-YDGP,"Order Payment","Product charges",,$29.99,1,"Infused Cool Gel Ventilated Core Hypoallergenic MEMORY FOAM Pillow - Standard Ultra Soft Pillow",-$4.09,-$3.62,,,,,,
-$9.00,5-Apr-16,102-7264275-0965056,BQ-4FEP-C3OH,"Order Payment","Product charges",,$59.98,2,"Hypoallergenic Contour Bamboo Memory Foam Pillow Great for Relieving Neck and Shoulder Aches",-$8.18,-$7.24,$0.00,,,,,
-$4.50,5-Apr-16,111-8904208-7350625,22-Q94M-YDGP,"Order Payment","Product charges",,$29.99,1,"Infused Cool Gel Ventilated Core Hypoallergenic MEMORY FOAM Pillow - Standard Ultra Soft Pillow",-$4.09,-$3.62,,,,,,
-$4.50,5-Apr-16,110-4512308-3009005,22-Q94M-YDGP,"Order Payment","Product charges",,$29.99,1,"Infused Cool Gel Ventilated Core Hypoallergenic MEMORY FOAM Pillow - Standard Ultra Soft Pillow",-$4.09,-$3.62,$0.00,,,,,
-$4.50,5-Apr-16,116-9201431-2690633,22-Q94M-YDGP,"Order Payment","Product charges",,$29.99,1,"Infused Cool Gel Ventilated Core Hypoallergenic MEMORY FOAM Pillow - Standard Ultra Soft Pillow",-$4.09,-$3.62,,,,,,
-$4.50,5-Apr-16,115-1296720-2764269,22-Q94M-YDGP,"Order Payment","Product charges",,$29.99,1,"Infused Cool Gel Ventilated Core Hypoallergenic MEMORY FOAM Pillow - Standard Ultra Soft Pillow",-$4.09,-$3.62,$0.00,-$3.15,$3.15,,,
,,,,,,,,,,-$0.75,,,,,-$4.75,,-$0.45
-$1.12,5-Apr-16,102-4358747-9157037,Q0-OA97-BH2V,"Order Payment","Product charges",,$14.99,1,"Mental Beats Car Mount Dashboard and Windshield Phone Holder Car Accessories Universal for all Smartphones (Black / Silver )",-$1.06,-$0.50,-$7.50,,,-$1.00,,
-$1.65,5-Apr-16,105-7864971-7593808,13-PAI1-IANH,"Order Payment","Product charges",,$10.99,1,"Regular Show Mordecai Hooded Blue Backpack",-$1.06,-$3.51,,,,-$1.00,,
-$4.50,5-Apr-16,106-9585986-4857868,BQ-4FEP-C3OH,"Order Payment","Product charges",,$29.99,1,"Hypoallergenic Contour Bamboo Memory Foam Pillow Great for Relieving Neck and Shoulder Aches",-$4.09,-$3.62,,,$3.94,,-$3.94,
-$4.50,5-Apr-16,102-3989200-4091418,BQ-4FEP-C3OH,"Order Payment","Product charges",,$29.99,1,"Hypoallergenic Contour Bamboo Memory Foam Pillow Great for Relieving Neck and Shoulder Aches",-$4.09,-$3.62,,,,,,
,,,,,,,,,,-$0.75,,,,,-$4.75,,-$0.45
-$4.50,5-Apr-16,104-7966260-1890606,22-Q94M-YDGP,"Order Payment","Product charges",,$29.99,1,"Infused Cool Gel Ventilated Core Hypoallergenic MEMORY FOAM Pillow - Standard Ultra Soft Pillow",-$4.09,-$3.62,,,$7.30,,-$7.30,
-$4.50,5-Apr-16,103-3271408-4141018,BQ-4FEP-C3OH,"Order Payment","Product charges",,$29.99,1,"Hypoallergenic Contour Bamboo Memory Foam Pillow Great for Relieving Neck and Shoulder Aches",-$4.09,-$3.62,,,,,,
-$1.65,5-Apr-16,105-9273125-2145042,13-PAI1-IANH,"Order Payment","Product charges",,$10.99,1,"Regular Show Mordecai Hooded Blue Backpack",-$1.06,-$3.51,,,$4.21,-$1.00,-$4.21,
-$13.50,5-Apr-16,112-1111605-4660220,22-Q94M-YDGP,"Order Payment","Product charges",,$29.99,1,"Infused Cool Gel Ventilated Core Hypoallergenic MEMORY FOAM Pillow - Standard Ultra Soft Pillow",-$12.27,-$10.86,,,,,,
-$4.50,5-Apr-16,112-4431799-3569045,BQ-4FEP-C3OH,"Order Payment","Product charges",,$29.99,1,"Hypoallergenic Contour Bamboo Memory Foam Pillow Great for Relieving Neck and Shoulder Aches",-$4.09,-$3.62,,,,,,
-$3.00,5-Apr-16,115-6786285-6048235,CW-OY03-VE7M,"Order Payment","Product charges",,$19.99,1,"Mental Beats Xcentric Earbuds with Metal Mic Includes Tangle Free Flatwire Cord (Pink)",-$1.06,-$0.96,$0.00,-$1.99,$1.99,-$1.00,,
-$3.00,4-Apr-16,112-5176864-4413853,CW-OY03-VE7M,"Order Payment","Product charges",,$19.99,1,"Mental Beats Xcentric Earbuds with Metal Mic Includes Tangle Free Flatwire Cord (Pink)",-$1.06,-$0.96,,,$2.32,-$1.00,-$2.32,
-$5.25,4-Apr-16,103-3401191-4681012,3Y-2VGV-AZ21,"Order Payment","Product charges",,$34.99,1,"Cool Gel Memory Foam Ventilated Core Hypoallergenic Standard Pillow",-$4.09,-$4.01,$0.00,,,,,
-$5.25,4-Apr-16,104-2638128-6038603,3Y-2VGV-AZ21,"Order Payment","Product charges",,$34.99,1,"Cool Gel Memory Foam Ventilated Core Hypoallergenic Standard Pillow",-$4.09,-$4.01,,,,,,
-$4.50,4-Apr-16,114-7453497-2598627,22-Q94M-YDGP,"Order Payment","Product charges",,$29.99,1,"Infused Cool Gel Ventilated Core Hypoallergenic MEMORY FOAM Pillow - Standard Ultra Soft Pillow",-$4.09,-$3.62,,,,,,
-$5.25,4-Apr-16,108-3747918-4523421,3Y-2VGV-AZ21,"Order Payment","Product charges",,$34.99,1,"Cool Gel Memory Foam Ventilated Core Hypoallergenic Standard Pillow",-$4.09,-$4.01,,,,,,
-$4.50,4-Apr-16,105-7292766-1031452,22-Q94M-YDGP,"Order Payment","Product charges",,$29.99,1,"Infused Cool Gel Ventilated Core Hypoallergenic MEMORY FOAM Pillow - Standard Ultra Soft Pillow",-$4.09,-$3.62,,,,,,
-$4.50,4-Apr-16,104-3590664-4716237,BQ-4FEP-C3OH,"Order Payment","Product charges",,$29.99,1,"Hypoallergenic Contour Bamboo Memory Foam Pillow Great for Relieving Neck and Shoulder Aches",-$4.09,-$3.62,$0.00,,$3.99,,-$3.99,
-$5.25,4-Apr-16,108-8955242-7135464,3Y-2VGV-AZ21,"Order Payment","Product charges",,$34.99,1,"Cool Gel Memory Foam Ventilated Core Hypoallergenic Standard Pillow",-$4.09,-$4.01,,,,,,
-$4.50,4-Apr-16,107-4525931-1750653,22-Q94M-YDGP,"Order Payment","Product charges",,$29.99,1,"Infused Cool Gel Ventilated Core Hypoallergenic MEMORY FOAM Pillow - Standard Ultra Soft Pillow",-$4.09,-$3.62,,,,,,
-$4.50,4-Apr-16,104-5059642-4403425,22-Q94M-YDGP,"Order Payment","Product charges",,$29.99,1,"Infused Cool Gel Ventilated Core Hypoallergenic MEMORY FOAM Pillow - Standard Ultra Soft Pillow",-$4.09,-$3.62,,,,,,
-$4.50,4-Apr-16,108-2867293-5482637,22-Q94M-YDGP,"Order Payment","Product charges",,$29.99,1,"Infused Cool Gel Ventilated Core Hypoallergenic MEMORY FOAM Pillow - Standard Ultra Soft Pillow",-$4.09,-$3.62,,,,,,
-$4.50,4-Apr-16,110-6258514-4259458,BQ-4FEP-C3OH,"Order Payment","Product charges",,$29.99,1,"Hypoallergenic Contour Bamboo Memory Foam Pillow Great for Relieving Neck and Shoulder Aches",-$4.09,-$3.62,,,,,,
-$4.50,4-Apr-16,002-7414083-1743459,22-Q94M-YDGP,"Order Payment","Product charges",,$29.99,1,"Infused Cool Gel Ventilated Core Hypoallergenic MEMORY FOAM Pillow - Standard Ultra Soft Pillow",-$4.09,-$3.62,$0.00,-$2.19,$2.19,,,
-$4.50,4-Apr-16,107-3146075-9085040,22-Q94M-YDGP,"Order Payment","Product charges",,$29.99,1,"Infused Cool Gel Ventilated Core Hypoallergenic MEMORY FOAM Pillow - Standard Ultra Soft Pillow",-$4.09,-$3.62,,,,,,
-$4.50,4-Apr-16,116-3186852-4454625,BQ-4FEP-C3OH,"Order Payment","Product charges",,$29.99,1,"Hypoallergenic Contour Bamboo Memory Foam Pillow Great for Relieving Neck and Shoulder Aches",-$4.09,-$3.62,,,,,,
-$1.42,4-Apr-16,110-4877618-1837027,JE-0F9S-TM6N,"Order Payment","Product charges",,$18.99,1,"Mental Beats Xclusive High Quality Metal Earbuds With Mic and 4' FT Cable (Red,)",-$1.06,-$0.96,-$9.50,,,-$1.00,,
-$9.00,4-Apr-16,112-5679979-3626610,BQ-4FEP-C3OH,"Order Payment","Product charges",,$59.98,2,"Hypoallergenic Contour Bamboo Memory Foam Pillow Great for Relieving Neck and Shoulder Aches",-$8.18,-$7.24,,,,,,
-$9.00,4-Apr-16,113-1787844-6505855,22-Q94M-YDGP,"Order Payment","Product charges",,$29.99,1,"Infused Cool Gel Ventilated Core Hypoallergenic MEMORY FOAM Pillow - Standard Ultra Soft Pillow",-$8.18,-$7.24,,,,,,
-$1.79,4-Apr-16,115-8180416-3749021,R6-ADU0-UQOZ,"Order Payment","Product charges",,$11.94,1,"Sunbeam Ultra Slim Space Saving Multi Tier Velvet Trouser Hangers (Pack of 3)",,,,,,,,
-$4.50,4-Apr-16,002-1480887-1482629,BQ-4FEP-C3OH,"Order Payment","Product charges",,$29.99,1,"Hypoallergenic Contour Bamboo Memory Foam Pillow Great for Relieving Neck and Shoulder Aches",-$4.09,-$3.62,,,$6.48,,-$6.48,
-$4.50,4-Apr-16,116-3071124-8590645,22-Q94M-YDGP,"Order Payment","Product charges",,$29.99,1,"Infused Cool Gel Ventilated Core Hypoallergenic MEMORY FOAM Pillow - Standard Ultra Soft Pillow",-$4.09,-$3.62,,,,,,
-$3.00,4-Apr-16,002-9024280-7371443,CW-OXZZ-VE7M,"Order Payment","Product charges",,$19.99,1,"Mental Beats Xcentric Earbuds with Metal Mic Includes Tangle Free Flatwire Cord (Green)",-$1.06,-$0.96,,,,-$1.00,,
-$4.50,4-Apr-16,113-8587091-4833046,BQ-4FEP-C3OH,"Order Payment","Product charges",,$29.99,1,"Hypoallergenic Contour Bamboo Memory Foam Pillow Great for Relieving Neck and Shoulder Aches",-$4.09,-$3.62,,,,,,
-$1.42,3-Apr-16,111-1105655-7997868,JE-0F9S-TM6N,"Order Payment","Product charges",,$18.99,1,"Mental Beats Xclusive High Quality Metal Earbuds With Mic and 4' FT Cable (Red,)",-$1.06,-$0.96,-$9.50,,,-$1.00,,
-$1.12,3-Apr-16,111-1936370-1529861,Q0-OA97-BH2V,"Order Payment","Product charges",,$14.99,1,"Mental Beats Car Mount Dashboard and Windshield Phone Holder Car Accessories Universal for all Smartphones (Black / Silver )",-$1.06,-$0.50,-$7.50,,,-$1.00,,
-$5.25,3-Apr-16,113-6859722-3814643,3Y-2VGV-AZ21,"Order Payment","Product charges",,$34.99,1,"Cool Gel Memory Foam Ventilated Core Hypoallergenic Standard Pillow",-$4.09,-$4.01,,,,,,
-$2.85,3-Apr-16,114-9862795-0277064,0I-XXS8-8MCZ,"Order Payment","Product charges",,$18.99,1,"Mental Beats Xclusive High Quality Metal Earbuds With Mic and 4' FT Cable (Silver,)",-$1.06,-$0.96,,,,-$1.00,,
-$4.50,3-Apr-16,103-8658418-3572234,22-Q94M-YDGP,"Order Payment","Product charges",,$29.99,1,"Infused Cool Gel Ventilated Core Hypoallergenic MEMORY FOAM Pillow - Standard Ultra Soft Pillow",-$4.09,-$3.62,,,,,,
-$1.80,3-Apr-16,002-9255337-1910630,CM-O188-8KK2,"Order Payment","Product charges",,$11.99,1,"Mental Beats ICON High Quality Earbuds with 4' FT Tangle Free Cable with Mic (Black)",-$1.06,-$0.96,,,,-$1.00,,
-$4.50,3-Apr-16,114-8497730-8079426,22-Q94M-YDGP,"Order Payment","Product charges",,$29.99,1,"Infused Cool Gel Ventilated Core Hypoallergenic MEMORY FOAM Pillow - Standard Ultra Soft Pillow",-$4.09,-$3.62,,,,,,
-$4.50,3-Apr-16,103-0934225-3484253,22-Q94M-YDGP,"Order Payment","Product charges",,$29.99,1,"Infused Cool Gel Ventilated Core Hypoallergenic MEMORY FOAM Pillow - Standard Ultra Soft Pillow",-$4.09,-$3.62,$0.00,-$3.35,$3.35,,,
-$9.00,3-Apr-16,107-3480108-8444261,22-Q94M-YDGP,"Order Payment","Product charges",,$29.99,1,"Infused Cool Gel Ventilated Core Hypoallergenic MEMORY FOAM Pillow - Standard Ultra Soft Pillow",-$8.18,-$7.24,,,,,,
-$4.50,3-Apr-16,110-7743218-8406607,BQ-4FEP-C3OH,"Order Payment","Product charges",,$29.99,1,"Hypoallergenic Contour Bamboo Memory Foam Pillow Great for Relieving Neck and Shoulder Aches",-$4.09,-$3.62,,,,,,
-$4.50,3-Apr-16,105-9116394-0909803,22-Q94M-YDGP,"Order Payment","Product charges",,$29.99,1,"Infused Cool Gel Ventilated Core Hypoallergenic MEMORY FOAM Pillow - Standard Ultra Soft Pillow",-$4.09,-$3.62,,,,,,
-$4.50,3-Apr-16,106-3658756-3833837,BQ-4FEP-C3OH,"Order Payment","Product charges",,$29.99,1,"Hypoallergenic Contour Bamboo Memory Foam Pillow Great for Relieving Neck and Shoulder Aches",-$4.09,-$3.62,$0.00,-$2.67,$2.67,,,
-$5.25,3-Apr-16,109-6594051-3185836,3Y-2VGV-AZ21,"Order Payment","Product charges",,$34.99,1,"Cool Gel Memory Foam Ventilated Core Hypoallergenic Standard Pillow",-$4.09,-$4.01,$0.00,-$5.91,$5.91,,,
-$4.50,3-Apr-16,103-3805162-7981861,22-Q94M-YDGP,"Order Payment","Product charges",,$29.99,1,"Infused Cool Gel Ventilated Core Hypoallergenic MEMORY FOAM Pillow - Standard Ultra Soft Pillow",-$4.09,-$3.62,,,,,,
-$4.50,3-Apr-16,103-9899345-4712240,BQ-4FEP-C3OH,"Order Payment","Product charges",,$29.99,1,"Hypoallergenic Contour Bamboo Memory Foam Pillow Great for Relieving Neck and Shoulder Aches",-$4.09,-$3.62,,,,,,
-$4.50,3-Apr-16,103-9388889-1877026,BQ-4FEP-C3OH,"Order Payment","Product charges",,$29.99,1,"Hypoallergenic Contour Bamboo Memory Foam Pillow Great for Relieving Neck and Shoulder Aches",-$4.09,-$3.62,,,,,,
-$3.30,3-Apr-16,106-4459470-5793012,13-PAI1-IANH,"Order Payment","Product charges",,$10.99,1,"Bioworld Regular Show Mordecai Hooded Blue Backpack",-$2.12,-$7.02,,,,-$1.00,,
-$4.50,3-Apr-16,102-4236422-6116269,BQ-4FEP-C3OH,"Order Payment","Product charges",,$29.99,1,"Hypoallergenic Contour Bamboo Memory Foam Pillow Great for Relieving Neck and Shoulder Aches",-$4.09,-$3.62,,,,,,
-$4.50,3-Apr-16,109-5067482-3565024,BQ-4FEP-C3OH,"Order Payment","Product charges",,$29.99,1,"Hypoallergenic Contour Bamboo Memory Foam Pillow Great for Relieving Neck and Shoulder Aches",-$4.09,-$3.62,,,,,,
-$4.50,3-Apr-16,104-3591468-1983415,BQ-4FEP-C3OH,"Order Payment","Product charges",,$29.99,1,"Hypoallergenic Contour Bamboo Memory Foam Pillow Great for Relieving Neck and Shoulder Aches",-$4.09,-$3.62,,,,,,
-$4.50,3-Apr-16,104-2921343-7505052,BQ-4FEP-C3OH,"Order Payment","Product charges",,$29.99,1,"Hypoallergenic Contour Bamboo Memory Foam Pillow Great for Relieving Neck and Shoulder Aches",-$4.09,-$3.62,,,$7.19,,-$7.19,
-$4.50,3-Apr-16,113-2815576-8683404,BQ-4FEP-C3OH,"Order Payment","Product charges",,$29.99,1,"Hypoallergenic Contour Bamboo Memory Foam Pillow Great for Relieving Neck and Shoulder Aches",-$4.09,-$3.62,,,,,,
-$9.00,3-Apr-16,109-3691872-7436212,22-Q94M-YDGP,"Order Payment","Product charges",,$29.99,1,"Infused Cool Gel Ventilated Core Hypoallergenic MEMORY FOAM Pillow - Standard Ultra Soft Pillow",-$8.18,-$7.24,,,,,,
-$5.25,3-Apr-16,109-7604440-9220236,3Y-2VGV-AZ21,"Order Payment","Product charges",,$34.99,1,"Cool Gel Memory Foam Ventilated Core Hypoallergenic Standard Pillow",-$4.09,-$4.01,,,,,,
-$2.55,3-Apr-16,114-7111645-6157812,RO-6RXH-KT8V,"Order Payment","Product charges",,$16.99,1,"Flocked Ultra Thin Heavy Duty Velvet Hangers (25, Ivory)",-$1.06,-$4.29,,,,-$1.00,,
-$1.42,3-Apr-16,111-5390534-4752206,JE-0F9S-TM6N,"Order Payment","Product charges",,$18.99,1,"Mental Beats Xclusive High Quality Metal Earbuds With Mic and 4' FT Cable (Red,)",-$1.06,-$0.96,-$9.50,,,-$1.00,,
-$4.50,3-Apr-16,105-9871236-3239428,BQ-4FEP-C3OH,"Order Payment","Product charges",,$29.99,1,"Hypoallergenic Contour Bamboo Memory Foam Pillow Great for Relieving Neck and Shoulder Aches",-$4.09,-$3.62,,,,,,
-$3.75,2-Apr-16,109-7171884-0825027,7W-PCJM-3BVK,"Order Payment","Product charges",,$24.99,1,"Xpert DEEP BASS Ultimate Comfort Pillow Soft Over the Ear Headphones with Mic (Red)",-$1.06,-$0.96,,,,-$1.00,,
-$5.25,2-Apr-16,102-9939915-1906654,3Y-2VGV-AZ21,"Order Payment","Product charges",,$34.99,1,"Cool Gel Memory Foam Ventilated Core Hypoallergenic Standard Pillow",-$4.09,-$4.01,,,,,,
-$4.50,2-Apr-16,112-6477544-2681057,22-Q94M-YDGP,"Order Payment","Product charges",,$29.99,1,"Infused Cool Gel Ventilated Core Hypoallergenic MEMORY FOAM Pillow - Standard Ultra Soft Pillow",-$4.09,-$3.62,$0.00,-$2.21,$2.21,,,
-$4.50,2-Apr-16,103-6221017-5086605,BQ-4FEP-C3OH,"Order Payment","Product charges",,$29.99,1,"Hypoallergenic Contour Bamboo Memory Foam Pillow Great for Relieving Neck and Shoulder Aches",-$4.09,-$3.62,,,,,,
-$4.50,2-Apr-16,105-7098112-9465853,BQ-4FEP-C3OH,"Order Payment","Product charges",,$29.99,1,"Hypoallergenic Contour Bamboo Memory Foam Pillow Great for Relieving Neck and Shoulder Aches",-$4.09,-$3.62,$0.00,,$4.37,,-$4.37,
-$4.50,2-Apr-16,112-9909841-7626639,22-Q94M-YDGP,"Order Payment","Product charges",,$29.99,1,"Infused Cool Gel Ventilated Core Hypoallergenic MEMORY FOAM Pillow - Standard Ultra Soft Pillow",-$4.09,-$3.62,,,,,,
-$4.50,2-Apr-16,109-3831128-0082631,BQ-4FEP-C3OH,"Order Payment","Product charges",,$29.99,1,"Hypoallergenic Contour Bamboo Memory Foam Pillow Great for Relieving Neck and Shoulder Aches",-$4.09,-$3.62,,,,,,
-$13.50,2-Apr-16,116-5056575-3587462,22-Q94M-YDGP,"Order Payment","Product charges",,$29.99,1,"Infused Cool Gel Ventilated Core Hypoallergenic MEMORY FOAM Pillow - Standard Ultra Soft Pillow",-$12.27,-$10.86,,,,,,
-$4.50,2-Apr-16,110-3415895-6347418,22-Q94M-YDGP,"Order Payment","Product charges",,$29.99,1,"Infused Cool Gel Ventilated Core Hypoallergenic MEMORY FOAM Pillow - Standard Ultra Soft Pillow",-$4.09,-$3.62,,,,,,
-$1.65,1-Apr-16,103-3323852-1236228,0W-I967-F2HV,"Order Payment","Product charges",,$10.99,1,"Flocked Ultra Thin Heavy Duty Velvet Hangers (10, Forrest Green)",-$1.06,-$2.34,,,,-$1.00,,
-$4.50,1-Apr-16,106-0967113-6636226,BQ-4FEP-C3OH,"Order Payment","Product charges",,$29.99,1,"Hypoallergenic Contour Bamboo Memory Foam Pillow Great for Relieving Neck and Shoulder Aches",-$4.09,-$3.62,,,,,,
-$1.65,1-Apr-16,107-9480549-9724215,CM-W5HY-8L8C,"Order Payment","Product charges",,$10.99,1,"Bioworld Adventure Time Mountain Cinch Bag 13"", Blue/White",-$1.06,-$0.96,,,$3.36,-$1.00,-$3.36,
-$4.50,1-Apr-16,108-5861465-0705017,22-Q94M-YDGP,"Order Payment","Product charges",,$29.99,1,"Infused Cool Gel Ventilated Core Hypoallergenic MEMORY FOAM Pillow - Standard Ultra Soft Pillow",-$4.09,-$3.62,,,$4.48,,-$4.48,
