"Amazon fees - FBA Order Handling Fee","Amazon fees - FBA Pick & Pack Fee","Amazon fees - FBA Weight Handling Fee","Amazon fees - Referral Fee on Item Price",Date,"Order ID",SKU,"Transaction type","Payment Type","Payment Detail",Amount,Quantity,"Product Title","Amazon fees - FBA transportation fee","Amazon fees - Shipping Chargeback","Other - Shipping","Promo rebates - ","Amazon fees - Shipping commission","Promo rebates - Shipping"
-$1.00,-$1.06,-$0.50,-$1.00,30-Apr-16,109-4953175-0640258,6NH-FQV-FRP,"Order Payment","Product charges",,$5.55,1,"Post-it Note Tabs, 3-3/8 x 2-3/4-Inches, Green and Blue, Lined Paper, 25-Sheets/Pad, 2-Pads/Pack",,,,,,
-$1.00,-$1.06,-$0.50,-$1.00,30-Apr-16,114-1635398-7091437,6NH-FQV-FRP,"Order Payment","Product charges",,$5.55,1,"Post-it Note Tabs, 3-3/8 x 2-3/4-Inches, Green and Blue, Lined Paper, 25-Sheets/Pad, 2-Pads/Pack",,,,,,
-$1.00,-$2.12,-$1.92,-$6.00,30-Apr-16,106-5962335-3461802,CW-OY03-VE7M,"Order Payment","Product charges",,$19.99,1,"Mental Beats Xcentric Earbuds with Metal Mic Includes Tangle Free Flatwire Cord (Pink)",,,,,,
-$1.00,-$1.06,-$0.50,-$1.00,30-Apr-16,106-9741370-6059453,6NH-FQV-FRP,"Order Payment","Product charges",,$5.55,1,"Post-it Note Tabs, 3-3/8 x 2-3/4-Inches, Green and Blue, Lined Paper, 25-Sheets/Pad, 2-Pads/Pack",,,,,,
-$1.00,-$1.06,-$0.50,-$1.00,30-Apr-16,115-2430206-3013816,6NH-FQV-FRP,"Order Payment","Product charges",,$5.55,1,"Post-it Note Tabs, 3-3/8 x 2-3/4-Inches, Green and Blue, Lined Paper, 25-Sheets/Pad, 2-Pads/Pack",,,,,,
-$1.00,-$1.06,-$0.96,-$3.45,30-Apr-16,113-8277592-0732267,7W-PCJM-3BVK,"Order Payment","Product charges",,$22.99,1,"Mental Beats Xpert Ultimate Comfort Pillow Soft Over the Ear Headphones with Mic (Red)",,,,,,
-$1.00,-$1.06,-$0.50,-$1.00,30-Apr-16,102-0488490-1749842,6NH-FQV-FRP,"Order Payment","Product charges",,$5.55,1,"Post-it Note Tabs, 3-3/8 x 2-3/4-Inches, Green and Blue, Lined Paper, 25-Sheets/Pad, 2-Pads/Pack",,,,,,
-$1.00,-$1.06,-$4.29,-$2.55,30-Apr-16,107-7980019-5450658,RO-6RXH-KT8V,"Order Payment","Product charges",,$16.99,1,"Flocked Ultra Thin Heavy Duty Velvet Hangers (25, Ivory)",,,,,,
,-$4.09,-$3.62,-$4.50,30-Apr-16,104-5450043-0071414,22-Q94M-YDGP,"Order Payment","Product charges",,$29.99,1,"Infused Cool Gel Ventilated Core Hypoallergenic MEMORY FOAM Pillow - Cool Ultra Soft Pillow",,,,,,
-$1.00,-$1.06,-$0.50,-$1.00,30-Apr-16,107-5226973-9901836,6NH-FQV-FRP,"Order Payment","Product charges",,$5.55,1,"Post-it Note Tabs, 3-3/8 x 2-3/4-Inches, Green and Blue, Lined Paper, 25-Sheets/Pad, 2-Pads/Pack",,,,,,
-$1.00,-$1.06,-$0.50,-$1.00,29-Apr-16,108-1859518-6937017,6NH-FQV-FRP,"Order Payment","Product charges",,$5.55,1,"Post-it Note Tabs, 3-3/8 x 2-3/4-Inches, Green and Blue, Lined Paper, 25-Sheets/Pad, 2-Pads/Pack",,,,,,
-$1.00,-$4.24,-$2.00,-$4.00,29-Apr-16,109-7986901-0244221,6NH-FQV-FRP,"Order Payment","Product charges",,$22.20,4,"Post-it Note Tabs, 3-3/8 x 2-3/4-Inches, Green and Blue, Lined Paper, 25-Sheets/Pad, 2-Pads/Pack",,,,,,
-$1.00,-$1.06,-$0.50,-$1.00,29-Apr-16,113-3357945-1721813,6NH-FQV-FRP,"Order Payment","Product charges",,$5.55,1,"Post-it Note Tabs, 3-3/8 x 2-3/4-Inches, Green and Blue, Lined Paper, 25-Sheets/Pad, 2-Pads/Pack",,,,,,
-$4.75,-$0.75,,,,,,,,,,,,-$0.45,,,,,
-$1.00,-$3.18,-$1.50,-$3.00,29-Apr-16,111-8283221-7564233,6NH-FQV-FRP,"Order Payment","Product charges",,$16.65,3,"Post-it Note Tabs, 3-3/8 x 2-3/4-Inches, Green and Blue, Lined Paper, 25-Sheets/Pad, 2-Pads/Pack",,,,,,
-$4.75,-$0.75,,,,,,,,,,,,-$0.45,,,,,
-$1.00,-$2.12,-$1.00,-$2.00,29-Apr-16,108-3018229-1193819,6NH-FQV-FRP,"Order Payment","Product charges",,$11.10,2,"Post-it Note Tabs, 3-3/8 x 2-3/4-Inches, Green and Blue, Lined Paper, 25-Sheets/Pad, 2-Pads/Pack",,,,,,
,-$4.09,-$4.01,-$6.00,29-Apr-16,106-4818027-4129809,3Y-2VGV-AZ21,"Order Payment","Product charges",,$39.99,1,"Cool Gel Memory Foam Ventilated Core Hypoallergenic Standard Pillow",,,,,,
-$1.00,-$1.06,-$0.96,-$1.80,28-Apr-16,109-3627082-2408221,CM-O188-8KK2,"Order Payment","Product charges",,$11.99,1,"Mental Beats ICON High Quality Earbuds with 4' FT Tangle Free Cable with Mic (Black)",,,,,,
-$1.00,-$2.12,-$1.92,-$6.00,28-Apr-16,111-7841055-7919467,3G-5P9S-KWAT,"Order Payment","Product charges",,$39.98,2,"Mental Beats Xcentric Earbuds with Metal Mic Includes Tangle Free Flatwire Cord (Silver)",,,,,,
-$1.00,-$1.06,-$0.50,-$1.00,28-Apr-16,113-7835874-2690630,6NH-FQV-FRP,"Order Payment","Product charges",,$5.55,1,"Post-it Note Tabs, 3-3/8 x 2-3/4-Inches, Green and Blue, Lined Paper, 25-Sheets/Pad, 2-Pads/Pack",,,,,,
-$1.00,-$1.06,-$0.96,-$3.00,28-Apr-16,002-5523877-9289041,CW-OXZZ-VE7M,"Order Payment","Product charges",,$19.99,1,"Mental Beats Xcentric Earbuds with Metal Mic Includes Tangle Free Flatwire Cord (Green)",,,,,,
-$1.00,-$1.06,-$0.50,-$1.00,28-Apr-16,111-0020711-8385018,6NH-FQV-FRP,"Order Payment","Product charges",,$5.55,1,"Post-it Note Tabs, 3-3/8 x 2-3/4-Inches, Green and Blue, Lined Paper, 25-Sheets/Pad, 2-Pads/Pack",,,,,,
-$1.00,-$2.12,-$4.29,-$3.30,28-Apr-16,106-5663081-4838623,WE-YEB6-Q279,"Order Payment","Product charges",,$10.99,1,"Flocked Ultra Thin Heavy Duty Velvet Hangers (10, Grey)",,-$5.84,$5.84,,,
,-$4.09,-$3.62,-$4.50,28-Apr-16,108-0333728-9107472,22-Q94M-YDGP,"Order Payment","Product charges",,$29.99,1,"Infused Cool Gel Ventilated Core Hypoallergenic MEMORY FOAM Pillow - Cool Ultra Soft Pillow",,,,,,
-$4.75,-$1.50,,,,,,,,,,,,-$0.45,,,,,
-$1.00,-$1.06,-$1.95,-$1.65,28-Apr-16,108-3588197-5263442,WE-YEB6-Q279,"Order Payment","Product charges",,$10.99,1,"Flocked Ultra Thin Heavy Duty Velvet Hangers (10, Grey)",,-$3.99,$3.99,,,
-$1.00,-$1.06,-$0.50,-$1.00,28-Apr-16,114-3243556-8508243,6NH-FQV-FRP,"Order Payment","Product charges",,$5.55,1,"Post-it Note Tabs, 3-3/8 x 2-3/4-Inches, Green and Blue, Lined Paper, 25-Sheets/Pad, 2-Pads/Pack",,,,,,
-$1.00,-$1.06,-$0.50,-$1.00,28-Apr-16,105-0418498-9593812,6NH-FQV-FRP,"Order Payment","Product charges",,$5.55,1,"Post-it Note Tabs, 3-3/8 x 2-3/4-Inches, Green and Blue, Lined Paper, 25-Sheets/Pad, 2-Pads/Pack",,,,,,
-$1.00,-$1.06,-$0.50,-$1.00,28-Apr-16,108-1719705-8349062,6NH-FQV-FRP,"Order Payment","Product charges",,$5.55,1,"Post-it Note Tabs, 3-3/8 x 2-3/4-Inches, Green and Blue, Lined Paper, 25-Sheets/Pad, 2-Pads/Pack",,,,,,
-$1.00,-$1.06,-$0.50,-$1.00,28-Apr-16,108-2538616-3985003,6NH-FQV-FRP,"Order Payment","Product charges",,$5.55,1,"Post-it Note Tabs, 3-3/8 x 2-3/4-Inches, Green and Blue, Lined Paper, 25-Sheets/Pad, 2-Pads/Pack",,,,,,
-$4.75,-$0.75,,,,,,,,,,,,-$0.45,,,,,
,,,-$1.80,28-Apr-16,109-5532072-7212253,IMD-7O9-F1E,"Order Payment","Product charges",,$11.99,1,"New Fabric Sink Skirt - Burgundy 56'wide 32'long",,,,,,
,,,-$2.25,28-Apr-16,109-0980253-1405848,6KL-QTZ-BIN,"Order Payment","Product charges",,$14.99,1,"Achim Home Furnishings Outdoor Rubber Mat, Welcome Palms",,,,,,
,-$4.09,-$4.01,-$6.00,28-Apr-16,107-4326165-5128260,3Y-2VGV-AZ21,"Order Payment","Product charges",,$39.99,1,"Cool Gel Memory Foam Ventilated Core Hypoallergenic Standard Pillow",,,,,,
,-$4.09,-$3.62,-$4.50,28-Apr-16,002-1941849-0004220,BQ-4FEP-C3OH,"Order Payment","Product charges",,$29.99,1,"Hypoallergenic Contour Bamboo Memory Foam Pillow Great for Relieving Neck and Shoulder Aches",,,,,,
-$1.00,-$2.12,-$8.58,-$5.10,28-Apr-16,107-3721287-6349817,RO-6RXH-KT8V,"Order Payment","Product charges",,$33.98,2,"Flocked Ultra Thin Heavy Duty Velvet Hangers (25, Ivory)",,,,,,
-$1.00,-$1.06,-$0.96,-$3.75,28-Apr-16,108-8183432-4462603,7W-PCJO-3BVK,"Order Payment","Product charges",,$24.99,1,"Mental Beats Xpert Ultimate Comfort Pillow Soft Over the Ear Headphones with Mic (Black)",,,,,,
-$1.00,-$1.06,-$0.96,-$1.65,28-Apr-16,106-6256073-2554603,CM-W5HY-8L8C,"Order Payment","Product charges",,$10.99,1,"Bioworld Adventure Time Mountain Cinch Bag 13"", Blue/White",,,,,,
-$1.00,-$1.06,-$0.50,-$1.00,28-Apr-16,105-5134259-6961018,6NH-FQV-FRP,"Order Payment","Product charges",,$5.55,1,"Post-it Note Tabs, 3-3/8 x 2-3/4-Inches, Green and Blue, Lined Paper, 25-Sheets/Pad, 2-Pads/Pack",,,,,,
,-$4.09,-$3.62,-$4.50,28-Apr-16,103-3161252-2100263,BQ-4FEP-C3OH,"Order Payment","Product charges",,$29.99,1,"Hypoallergenic Contour Bamboo Memory Foam Pillow Great for Relieving Neck and Shoulder Aches",,-$9.74,$9.74,,,
-$1.00,-$1.06,-$0.50,-$1.00,27-Apr-16,111-5449162-1992222,6NH-FQV-FRP,"Order Payment","Product charges",,$5.55,1,"Post-it Note Tabs, 3-3/8 x 2-3/4-Inches, Green and Blue, Lined Paper, 25-Sheets/Pad, 2-Pads/Pack",,,,,,
-$1.00,-$1.06,-$0.96,-$1.65,27-Apr-16,116-5962571-2827423,CM-W5HY-8L8C,"Order Payment","Product charges",,$10.99,1,"Bioworld Adventure Time Mountain Cinch Bag 13"", Blue/White",,,,,,
-$1.00,-$2.12,-$1.00,-$2.00,27-Apr-16,102-6782957-8175415,6NH-FQV-FRP,"Order Payment","Product charges",,$11.10,2,"Post-it Note Tabs, 3-3/8 x 2-3/4-Inches, Green and Blue, Lined Paper, 25-Sheets/Pad, 2-Pads/Pack",,,,,,
,-$4.09,-$8.30,-$6.75,27-Apr-16,116-9507422-6008228,Q3-3IFR-V1ZN,"Order Payment","Product charges",,$44.99,1,"Humanscale Zon Air Purifier in White",,,,,,
-$1.00,-$1.06,-$0.50,-$1.00,27-Apr-16,102-8414081-4281063,6NH-FQV-FRP,"Order Payment","Product charges",,$5.55,1,"Post-it Note Tabs, 3-3/8 x 2-3/4-Inches, Green and Blue, Lined Paper, 25-Sheets/Pad, 2-Pads/Pack",,,,,,
-$1.00,-$1.06,-$0.96,-$2.85,27-Apr-16,105-8596100-6779466,0I-XXS3-8MCZ,"Order Payment","Product charges",,$18.99,1,"Mental Beats Xclusive High Quality Metal Earbuds With Mic and 4' FT Cable (Gold)",,,,,,
-$1.00,-$1.06,-$4.29,-$2.55,27-Apr-16,108-5607903-8071456,RO-6RXH-KT8V,"Order Payment","Product charges",,$16.99,1,"Flocked Ultra Thin Heavy Duty Velvet Hangers (25, Ivory)",,,,,,
-$1.00,-$1.06,-$0.50,-$1.00,27-Apr-16,110-5330980-1690608,6NH-FQV-FRP,"Order Payment","Product charges",,$5.55,1,"Post-it Note Tabs, 3-3/8 x 2-3/4-Inches, Green and Blue, Lined Paper, 25-Sheets/Pad, 2-Pads/Pack",,,,,,
-$1.00,-$6.36,-$5.76,-$6.00,27-Apr-16,110-9456249-1780242,K3-C2EG-MXOE,"Order Payment","Product charges",,$53.94,6,"Xtreme Cables MFI 8 Pin 3ft Flat Tangle Free Sync & Charge Cable (Red)",,,,$0.00,,
-$1.00,-$1.06,-$0.50,-$1.00,27-Apr-16,108-4845682-2647421,6NH-FQV-FRP,"Order Payment","Product charges",,$5.55,1,"Post-it Note Tabs, 3-3/8 x 2-3/4-Inches, Green and Blue, Lined Paper, 25-Sheets/Pad, 2-Pads/Pack",,,,$0.00,,
-$1.00,-$1.06,-$0.50,-$1.00,27-Apr-16,114-9462570-4345834,6NH-FQV-FRP,"Order Payment","Product charges",,$5.55,1,"Post-it Note Tabs, 3-3/8 x 2-3/4-Inches, Green and Blue, Lined Paper, 25-Sheets/Pad, 2-Pads/Pack",,,,,,
-$4.75,-$0.75,,,,,,,,,,,,-$0.45,,,,,
-$1.00,-$3.18,-$1.50,-$3.00,27-Apr-16,115-0661106-8768200,6NH-FQV-FRP,"Order Payment","Product charges",,$16.65,3,"Post-it Note Tabs, 3-3/8 x 2-3/4-Inches, Green and Blue, Lined Paper, 25-Sheets/Pad, 2-Pads/Pack",,,,,,
,,,-$2.55,27-Apr-16,111-5804842-1950658,2H-FGMO-4THC,"Order Payment","Product charges",,$16.99,1,"Flocked Ultra Thin Heavy Duty Velvet Hangers (25, Forrest Green)",,,,,,
,,,-$6.14,27-Apr-16,110-1864255-3734639,H60-VAS-111,"Order Payment","Product charges",,$40.99,1,"Delta Children Umbrella Stroller, Disney Mickey",,,$8.04,,-$1.21,
,,,-$1.00,27-Apr-16,103-7563243-2964231,O8-YX5O-IHZH,"Order Payment","Product charges",,$4.90,1,"Spherical Ice Tray Large",,,,,,
-$1.00,-$1.06,-$0.50,-$1.00,27-Apr-16,103-9098009-5131423,6NH-FQV-FRP,"Order Payment","Product charges",,$5.55,1,"Post-it Note Tabs, 3-3/8 x 2-3/4-Inches, Green and Blue, Lined Paper, 25-Sheets/Pad, 2-Pads/Pack",,,,,,
-$1.00,-$1.06,-$0.96,-$3.75,27-Apr-16,106-4606863-9541005,7W-PCJK-3BVK,"Order Payment","Product charges",,$24.99,1,"Mental Beats Xpert Ultimate Comfort Pillow Soft Over the Ear Headphones with Mic (Champagne)",,,,$0.00,,
-$1.00,-$1.06,-$1.95,-$1.78,27-Apr-16,108-0014373-2741018,VG6-VKY-SRF,"Order Payment","Product charges",,$11.85,1,"Better Home New Crochet Vinyl Lace Tablecloth, 70"" Round, White",,,,,,
-$1.00,-$1.06,-$0.96,-$3.00,27-Apr-16,107-5051564-7396231,CW-OY03-VE7M,"Order Payment","Product charges",,$19.99,1,"Mental Beats Xcentric Earbuds with Metal Mic Includes Tangle Free Flatwire Cord (Pink)",,,,,,
-$1.00,-$1.06,-$0.50,-$1.00,26-Apr-16,111-9082993-9085865,6NH-FQV-FRP,"Order Payment","Product charges",,$5.55,1,"Post-it Note Tabs, 3-3/8 x 2-3/4-Inches, Green and Blue, Lined Paper, 25-Sheets/Pad, 2-Pads/Pack",,,,,,
-$1.00,-$2.12,-$1.92,-$5.70,26-Apr-16,002-7523026-0071431,0I-XXS8-8MCZ,"Order Payment","Product charges",,$18.99,1,"Mental Beats Xclusive High Quality Metal Earbuds With Mic and 4' FT Cable (Silver,)",,,,$0.00,,
,-$4.09,-$4.01,-$6.00,26-Apr-16,109-0830255-4070608,3Y-2VGV-AZ21,"Order Payment","Product charges",,$39.99,1,"Cool Gel Memory Foam Ventilated Core Hypoallergenic Standard Pillow",,,,,,
-$1.00,-$1.06,-$0.50,-$1.00,26-Apr-16,111-7265294-1489002,6NH-FQV-FRP,"Order Payment","Product charges",,$5.55,1,"Post-it Note Tabs, 3-3/8 x 2-3/4-Inches, Green and Blue, Lined Paper, 25-Sheets/Pad, 2-Pads/Pack",,,,$0.00,,
-$1.00,-$1.06,-$0.50,-$1.00,26-Apr-16,110-8954180-8356219,6NH-FQV-FRP,"Order Payment","Product charges",,$5.55,1,"Post-it Note Tabs, 3-3/8 x 2-3/4-Inches, Green and Blue, Lined Paper, 25-Sheets/Pad, 2-Pads/Pack",,,,$0.00,,
-$1.00,-$1.06,-$0.50,-$1.00,26-Apr-16,105-3424847-5579424,6NH-FQV-FRP,"Order Payment","Product charges",,$5.55,1,"Post-it Note Tabs, 3-3/8 x 2-3/4-Inches, Green and Blue, Lined Paper, 25-Sheets/Pad, 2-Pads/Pack",,,,,,
-$1.00,-$1.06,-$0.50,-$1.00,26-Apr-16,002-2010146-3212204,6NH-FQV-FRP,"Order Payment","Product charges",,$5.55,1,"Post-it Note Tabs, 3-3/8 x 2-3/4-Inches, Green and Blue, Lined Paper, 25-Sheets/Pad, 2-Pads/Pack",,,,,,
-$1.00,-$2.12,-$1.00,-$2.00,26-Apr-16,110-6505999-4594618,6NH-FQV-FRP,"Order Payment","Product charges",,$11.10,2,"Post-it Note Tabs, 3-3/8 x 2-3/4-Inches, Green and Blue, Lined Paper, 25-Sheets/Pad, 2-Pads/Pack",,,,,,
-$1.00,-$1.06,-$1.95,-$1.78,26-Apr-16,102-1227927-5766666,VG6-VKY-SRF,"Order Payment","Product charges",,$11.85,1,"Better Home New Crochet Vinyl Lace Tablecloth, 70"" Round, White",,-$7.26,$7.26,,,
-$1.00,-$1.06,-$0.96,-$2.55,26-Apr-16,116-7672847-0393819,BX-YPD9-FBE5,"Order Payment","Product charges",,$16.99,1,"Flocked Ultra Thin Heavy Duty Velvet Hangers (25, Grey)",,,,,,
-$1.00,-$2.12,-$1.00,-$2.00,26-Apr-16,106-6243440-3191429,6NH-FQV-FRP,"Order Payment","Product charges",,$11.10,2,"Post-it Note Tabs, 3-3/8 x 2-3/4-Inches, Green and Blue, Lined Paper, 25-Sheets/Pad, 2-Pads/Pack",,,,,,
-$1.00,-$1.06,-$1.95,-$1.78,26-Apr-16,107-1006146-2821042,VG6-VKY-SRF,"Order Payment","Product charges",,$11.85,1,"Better Home New Crochet Vinyl Lace Tablecloth, 70"" Round, White",,,,,,
-$1.00,-$1.06,-$0.50,-$1.00,26-Apr-16,115-7718663-1980269,6NH-FQV-FRP,"Order Payment","Product charges",,$5.55,1,"Post-it Note Tabs, 3-3/8 x 2-3/4-Inches, Green and Blue, Lined Paper, 25-Sheets/Pad, 2-Pads/Pack",,-$6.10,$6.10,,,
-$1.00,-$3.18,-$1.50,-$3.00,26-Apr-16,114-5542162-6312203,6NH-FQV-FRP,"Order Payment","Product charges",,$16.65,3,"Post-it Note Tabs, 3-3/8 x 2-3/4-Inches, Green and Blue, Lined Paper, 25-Sheets/Pad, 2-Pads/Pack",,,,,,
-$1.00,-$3.18,-$1.50,-$3.00,26-Apr-16,114-4393640-3722646,6NH-FQV-FRP,"Order Payment","Product charges",,$16.65,3,"Post-it Note Tabs, 3-3/8 x 2-3/4-Inches, Green and Blue, Lined Paper, 25-Sheets/Pad, 2-Pads/Pack",,,,,,
,,,-$2.48,26-Apr-16,111-3102899-1381828,IGC-CRV-5SP,"Order Payment","Product charges",,$16.56,1,"DOUBLE SWAG SHOWER CURTAIN, LINER & RINGS , White",,,,,,
,,,-$2.85,26-Apr-16,002-3256059-3334623,CI1-XOX-PXU,"Order Payment","Product charges",,$18.99,1,"Better Home Double Swag Shower Curtain with Liner Size 70"" X 72"" Navy",,,,,,
,,,-$4.50,26-Apr-16,113-0175626-8407409,F9-A7O4-Y0BX,"Order Payment","Product charges",,$29.97,3,"Anti Slip Bathtub Shower Mat - Assorted Colors (yellow)",,,,,,
-$1.00,-$1.06,-$0.96,-$3.00,26-Apr-16,116-2490343-9275424,32-P5XA-EGJY,"Order Payment","Product charges",,$19.99,1,"Mental Beats Xcentric Earbuds with Metal Mic Includes Tangle Free Flatwire Cord (teal)",,,,,,
-$1.00,-$1.06,-$0.50,-$1.00,26-Apr-16,002-6117051-4710658,6NH-FQV-FRP,"Order Payment","Product charges",,$5.55,1,"Post-it Note Tabs, 3-3/8 x 2-3/4-Inches, Green and Blue, Lined Paper, 25-Sheets/Pad, 2-Pads/Pack",,,,,,
,-$4.09,-$4.01,-$6.00,26-Apr-16,109-9147258-5985010,3Y-2VGV-AZ21,"Order Payment","Product charges",,$39.99,1,"Cool Gel Memory Foam Ventilated Core Hypoallergenic Standard Pillow",,,,,,
-$1.00,-$1.06,-$0.50,-$1.00,26-Apr-16,107-4604466-1604243,6NH-FQV-FRP,"Order Payment","Product charges",,$5.55,1,"Post-it Note Tabs, 3-3/8 x 2-3/4-Inches, Green and Blue, Lined Paper, 25-Sheets/Pad, 2-Pads/Pack",,,,,,
-$1.00,-$1.06,-$0.50,-$1.00,26-Apr-16,107-6970748-2026648,6NH-FQV-FRP,"Order Payment","Product charges",,$6.00,1,"Post-it Note Tabs, 3-3/8 x 2-3/4-Inches, Green and Blue, Lined Paper, 25-Sheets/Pad, 2-Pads/Pack",,,,$0.00,,
-$1.00,-$3.18,-$7.02,-$4.95,26-Apr-16,113-7764676-3086633,0W-I967-F2HV,"Order Payment","Product charges",,$32.97,3,"Flocked Ultra Thin Heavy Duty Velvet Hangers (10, Forrest Green)",,,,,,
-$1.00,-$2.12,-$1.00,-$2.00,25-Apr-16,106-8354449-0163458,6NH-FQV-FRP,"Order Payment","Product charges",,$11.10,2,"Post-it Note Tabs, 3-3/8 x 2-3/4-Inches, Green and Blue, Lined Paper, 25-Sheets/Pad, 2-Pads/Pack",,,,,,
,-$4.09,-$3.62,-$4.50,25-Apr-16,105-8829947-3912219,BQ-4FEP-C3OH,"Order Payment","Product charges",,$29.99,1,"Hypoallergenic Contour Bamboo Memory Foam Pillow Great for Relieving Neck and Shoulder Aches",,,,,,
-$1.00,-$1.06,-$0.50,-$1.00,25-Apr-16,107-4493376-7034644,6NH-FQV-FRP,"Order Payment","Product charges",,$6.00,1,"Post-it Note Tabs, 3-3/8 x 2-3/4-Inches, Green and Blue, Lined Paper, 25-Sheets/Pad, 2-Pads/Pack",,,,,,
,-$4.09,-$3.62,-$4.50,25-Apr-16,115-4647701-4402664,22-Q94M-YDGP,"Order Payment","Product charges",,$29.99,1,"Infused Cool Gel Ventilated Core Hypoallergenic MEMORY FOAM Pillow - Cool Ultra Soft Pillow",,,$2.58,$0.00,,-$2.58
,-$4.09,-$4.01,-$6.00,25-Apr-16,108-9395931-2885857,3Y-2VGV-AZ21,"Order Payment","Product charges",,$39.99,1,"Cool Gel Memory Foam Ventilated Core Hypoallergenic Standard Pillow",,-$13.82,$13.82,,,
-$1.00,-$1.06,-$0.50,-$1.00,25-Apr-16,116-5655117-2149850,6NH-FQV-FRP,"Order Payment","Product charges",,$6.00,1,"Post-it Note Tabs, 3-3/8 x 2-3/4-Inches, Green and Blue, Lined Paper, 25-Sheets/Pad, 2-Pads/Pack",,,,,,
-$1.00,-$1.06,-$0.50,-$1.00,25-Apr-16,116-7156474-8756226,6NH-FQV-FRP,"Order Payment","Product charges",,$6.00,1,"Post-it Note Tabs, 3-3/8 x 2-3/4-Inches, Green and Blue, Lined Paper, 25-Sheets/Pad, 2-Pads/Pack",,,,,,
,,,-$2.48,25-Apr-16,114-5515423-2475444,IGC-CRV-5SP,"Order Payment","Product charges",,$16.56,1,"DOUBLE SWAG SHOWER CURTAIN, LINER & RINGS , White",,,,,,
,,,-$4.50,25-Apr-16,002-7756799-9954608,2H-WEOU-4VE8,"Order Payment","Product charges",,$29.99,1,"14"" Portable Tabel Top BBQ Charcoal Grill (Turqouise )",,,,,,
,,,-$8.25,25-Apr-16,110-6448244-0855421,VO6-KH8-U2Q,"Order Payment","Product charges",,$54.99,1,"Oster 8-Speed Blender",,,,,,
,,,-$1.79,25-Apr-16,102-5500136-7770658,R6-ADU0-UQOZ,"Order Payment","Product charges",,$11.94,1,"Sunbeam Ultra Slim Space Saving Multi Tier Velvet Trouser Hangers (Pack of 3)",,,,,,
,-$4.09,-$3.62,-$4.50,25-Apr-16,105-3228857-7321065,BQ-4FEP-C3OH,"Order Payment","Product charges",,$29.99,1,"Hypoallergenic Contour Bamboo Memory Foam Pillow Great for Relieving Neck and Shoulder Aches",,,,,,
,-$4.09,-$3.62,-$4.50,25-Apr-16,108-1435864-2324225,22-Q94M-YDGP,"Order Payment","Product charges",,$29.99,1,"Infused Cool Gel Ventilated Core Hypoallergenic MEMORY FOAM Pillow - Cool Ultra Soft Pillow",,-$7.30,$7.30,,,
-$1.00,-$1.06,-$0.50,-$1.00,25-Apr-16,109-1772522-9174642,6NH-FQV-FRP,"Order Payment","Product charges",,$6.00,1,"Post-it Note Tabs, 3-3/8 x 2-3/4-Inches, Green and Blue, Lined Paper, 25-Sheets/Pad, 2-Pads/Pack",,,,,,
-$1.00,-$1.06,-$0.50,-$1.00,24-Apr-16,106-4826367-1092257,6NH-FQV-FRP,"Order Payment","Product charges",,$6.00,1,"Post-it Note Tabs, 3-3/8 x 2-3/4-Inches, Green and Blue, Lined Paper, 25-Sheets/Pad, 2-Pads/Pack",,,,,,
-$1.00,-$1.06,-$0.50,-$1.00,24-Apr-16,111-7660586-9434650,6NH-FQV-FRP,"Order Payment","Product charges",,$6.00,1,"Post-it Note Tabs, 3-3/8 x 2-3/4-Inches, Green and Blue, Lined Paper, 25-Sheets/Pad, 2-Pads/Pack",,,,,,
,-$4.09,-$4.01,-$6.00,24-Apr-16,113-9494319-5297001,3Y-2VGV-AZ21,"Order Payment","Product charges",,$39.99,1,"Cool Gel Memory Foam Ventilated Core Hypoallergenic Standard Pillow",,,$6.88,$0.00,,-$6.88
-$1.00,-$4.24,-$2.00,-$4.00,24-Apr-16,106-8954488-7151405,6NH-FQV-FRP,"Order Payment","Product charges",,$24.00,4,"Post-it Note Tabs, 3-3/8 x 2-3/4-Inches, Green and Blue, Lined Paper, 25-Sheets/Pad, 2-Pads/Pack",,,,,,
-$1.00,-$1.06,-$0.50,-$1.00,24-Apr-16,103-3593648-3582652,6NH-FQV-FRP,"Order Payment","Product charges",,$6.00,1,"Post-it Note Tabs, 3-3/8 x 2-3/4-Inches, Green and Blue, Lined Paper, 25-Sheets/Pad, 2-Pads/Pack",,,,,,
-$1.00,-$1.06,-$0.50,-$1.00,24-Apr-16,116-9443750-1773802,6NH-FQV-FRP,"Order Payment","Product charges",,$6.00,1,"Post-it Note Tabs, 3-3/8 x 2-3/4-Inches, Green and Blue, Lined Paper, 25-Sheets/Pad, 2-Pads/Pack",,,,,,
,-$4.09,-$3.62,-$4.50,24-Apr-16,115-4160919-2853054,BQ-4FEP-C3OH,"Order Payment","Product charges",,$29.99,1,"Hypoallergenic Contour Bamboo Memory Foam Pillow Great for Relieving Neck and Shoulder Aches",,,,,,
,-$4.09,-$3.62,-$4.50,24-Apr-16,103-5780858-9102631,22-Q94M-YDGP,"Order Payment","Product charges",,$29.99,1,"Infused Cool Gel Ventilated Core Hypoallergenic MEMORY FOAM Pillow - Cool Ultra Soft Pillow",,-$1.74,$1.74,,,
-$1.00,-$1.06,-$0.50,-$1.00,24-Apr-16,112-0659159-2049815,6NH-FQV-FRP,"Order Payment","Product charges",,$6.00,1,"Post-it Note Tabs, 3-3/8 x 2-3/4-Inches, Green and Blue, Lined Paper, 25-Sheets/Pad, 2-Pads/Pack",,,,,,
,-$4.09,-$3.62,-$4.50,24-Apr-16,107-4402469-1713063,BQ-4FEP-C3OH,"Order Payment","Product charges",,$29.99,1,"Hypoallergenic Contour Bamboo Memory Foam Pillow Great for Relieving Neck and Shoulder Aches",,,,,,
,-$4.09,-$4.01,-$6.00,23-Apr-16,115-4914779-7419408,3Y-2VGV-AZ21,"Order Payment","Product charges",,$39.99,1,"Cool Gel Memory Foam Ventilated Core Hypoallergenic Standard Pillow",,,,,,
-$1.00,-$1.06,-$0.96,-$3.75,23-Apr-16,109-0289862-5130617,7W-PCJK-3BVK,"Order Payment","Product charges",,$24.99,1,"Mental Beats Xpert Ultimate Comfort Pillow Soft Over the Ear Headphones with Mic (Champagne)",,,,,,
-$1.00,-$1.06,-$0.50,-$1.00,23-Apr-16,002-0689237-8533028,6NH-FQV-FRP,"Order Payment","Product charges",,$6.00,1,"Post-it Note Tabs, 3-3/8 x 2-3/4-Inches, Green and Blue, Lined Paper, 25-Sheets/Pad, 2-Pads/Pack",,,,,,
-$1.00,-$1.06,-$0.50,-$1.00,23-Apr-16,107-4991724-4225038,6NH-FQV-FRP,"Order Payment","Product charges",,$6.00,1,"Post-it Note Tabs, 3-3/8 x 2-3/4-Inches, Green and Blue, Lined Paper, 25-Sheets/Pad, 2-Pads/Pack",,,,,,
-$1.00,-$3.18,-$1.50,-$3.00,23-Apr-16,110-3879930-1236237,6NH-FQV-FRP,"Order Payment","Product charges",,$18.00,3,"Post-it Note Tabs, 3-3/8 x 2-3/4-Inches, Green and Blue, Lined Paper, 25-Sheets/Pad, 2-Pads/Pack",,,,,,
-$1.00,-$1.06,-$0.96,-$3.00,23-Apr-16,111-0181803-6636222,CW-OXZZ-VE7M,"Order Payment","Product charges",,$19.99,1,"Mental Beats Xcentric Earbuds with Metal Mic Includes Tangle Free Flatwire Cord (Green)",,,,,,
-$1.00,-$1.06,-$0.50,-$1.00,23-Apr-16,002-4648764-4813048,6NH-FQV-FRP,"Order Payment","Product charges",,$6.00,1,"Post-it Note Tabs, 3-3/8 x 2-3/4-Inches, Green and Blue, Lined Paper, 25-Sheets/Pad, 2-Pads/Pack",,,,,,
-$1.00,-$1.06,-$0.50,-$1.00,22-Apr-16,110-0219033-2517036,6NH-FQV-FRP,"Order Payment","Product charges",,$6.00,1,"Post-it Note Tabs, 3-3/8 x 2-3/4-Inches, Green and Blue, Lined Paper, 25-Sheets/Pad, 2-Pads/Pack",,,,,,
-$1.00,-$1.06,-$0.50,-$1.00,22-Apr-16,002-6877820-1560213,6NH-FQV-FRP,"Order Payment","Product charges",,$5.55,1,"Post-it Note Tabs, 3-3/8 x 2-3/4-Inches, Green and Blue, Lined Paper, 25-Sheets/Pad, 2-Pads/Pack",,,,,,
-$7.00,-$6.00,,,,,,,,,,,,-$7.50,,,,,
-$1.00,-$1.06,-$0.96,-$3.00,22-Apr-16,106-7219160-3980232,CW-OXZZ-VE7M,"Order Payment","Product charges",,$19.99,1,"Mental Beats Xcentric Earbuds with Metal Mic Includes Tangle Free Flatwire Cord (Green)",,,,,,
-$1.00,-$1.06,-$0.96,-$3.00,22-Apr-16,104-4678436-0197836,CW-OY03-VE7M,"Order Payment","Product charges",,$19.99,1,"Mental Beats Xcentric Earbuds with Metal Mic Includes Tangle Free Flatwire Cord (Pink)",,,,,,
-$1.00,-$1.06,-$0.96,-$3.00,22-Apr-16,107-4610714-9000201,MD-86QZ-5W4G,"Order Payment","Product charges",,$19.99,1,"Mental Beats Xcentric Earbuds with Metal Mic Includes Tangle Free Flatwire Cord (Blue)",,,,,,
-$1.00,-$1.06,-$0.96,-$3.75,22-Apr-16,112-8586992-8166643,35-XQ66-Y2X5,"Order Payment","Product charges",,$24.99,1,"Mental Beats Xpert Ultimate Comfort Pillow Soft Over the Ear Headphones with Mic (White)",,-$8.99,$8.99,,,
,-$4.09,-$3.62,-$4.50,22-Apr-16,112-0258679-5949803,22-Q94M-YDGP,"Order Payment","Product charges",,$29.99,1,"Infused Cool Gel Ventilated Core Hypoallergenic MEMORY FOAM Pillow - Cool Ultra Soft Pillow",,,$3.36,$0.00,,-$3.36
,-$4.09,-$4.01,-$6.00,22-Apr-16,116-2350535-7489813,3Y-2VGV-AZ21,"Order Payment","Product charges",,$39.99,1,"Cool Gel Memory Foam Ventilated Core Hypoallergenic Standard Pillow",,,,,,
-$1.00,-$1.06,-$0.96,-$3.75,22-Apr-16,109-0758570-2890669,7W-PCJO-3BVK,"Order Payment","Product charges",,$24.99,1,"Mental Beats Xpert Ultimate Comfort Pillow Soft Over the Ear Headphones with Mic (Black)",,,,,,
,-$4.09,-$3.62,-$4.50,21-Apr-16,109-4126776-7219460,22-Q94M-YDGP,"Order Payment","Product charges",,$29.99,1,"Infused Cool Gel Ventilated Core Hypoallergenic MEMORY FOAM Pillow - Cool Ultra Soft Pillow",,,,,,
-$1.00,-$1.06,-$3.51,-$1.65,21-Apr-16,114-4280008-6485842,13-PAI1-IANH,"Order Payment","Product charges",,$10.99,1,"Regular Show Mordecai Hooded Blue Backpack",,,,,,
,-$4.09,-$8.30,-$6.75,21-Apr-16,115-8914686-3105859,Q3-3IFR-V1ZN,"Order Payment","Product charges",,$44.99,1,"Humanscale Zon Air Purifier in White",,,,,,
-$1.00,-$1.06,-$0.96,-$1.65,21-Apr-16,116-2395581-4381827,CM-W5HY-8L8C,"Order Payment","Product charges",,$10.99,1,"Bioworld Adventure Time Mountain Cinch Bag 13"", Blue/White",,,,,,
-$1.00,-$12.72,-$11.52,-$16.20,21-Apr-16,110-1700111-1640263,K3-C2EG-MXOE,"Order Payment","Product charges",,$107.88,12,"Xtreme Cables MFI 8 Pin 3ft Flat Tangle Free Sync & Charge Cable (Red)",,,,,,
,-$4.09,-$3.62,-$4.50,21-Apr-16,104-5109980-1949003,BQ-4FEP-C3OH,"Order Payment","Product charges",,$29.99,1,"Hypoallergenic Contour Bamboo Memory Foam Pillow Great for Relieving Neck and Shoulder Aches",,,,,,
-$1.00,-$1.06,-$0.96,-$3.00,21-Apr-16,112-0492953-2875420,CW-OY03-VE7M,"Order Payment","Product charges",,$19.99,1,"Mental Beats Xcentric Earbuds with Metal Mic Includes Tangle Free Flatwire Cord (Pink)",,,,,,
,-$4.09,-$3.62,-$4.50,21-Apr-16,113-1168038-5191403,BQ-4FEP-C3OH,"Order Payment","Product charges",,$29.99,1,"Hypoallergenic Contour Bamboo Memory Foam Pillow Great for Relieving Neck and Shoulder Aches",,,,,,
,-$4.09,-$4.01,-$6.00,21-Apr-16,103-9468794-0037008,3Y-2VGV-AZ21,"Order Payment","Product charges",,$39.99,1,"Cool Gel Memory Foam Ventilated Core Hypoallergenic Standard Pillow",,,$5.43,$0.00,,-$5.43
-$1.00,-$1.06,-$0.96,-$3.00,21-Apr-16,113-2785537-9429050,3G-5P9S-KWAT,"Order Payment","Product charges",,$19.99,1,"Mental Beats Xcentric Earbuds with Metal Mic Includes Tangle Free Flatwire Cord (Silver)",,-$6.16,$6.16,,,
,-$4.09,-$3.62,-$4.50,21-Apr-16,102-9731304-0402658,22-Q94M-YDGP,"Order Payment","Product charges",,$29.99,1,"Infused Cool Gel Ventilated Core Hypoallergenic MEMORY FOAM Pillow - Cool Ultra Soft Pillow",,,$2.33,$0.00,,-$2.33
-$1.00,-$1.06,-$0.96,-$2.85,21-Apr-16,106-2091958-6659429,58-PK5O-DVBE,"Order Payment","Product charges",,$18.99,1,"Mental Beats Xclusive High Quality Metal Earbuds With Mic and 4' FT Cable (Blue,)",,,,,,
-$1.00,-$1.06,-$0.96,-$1.65,21-Apr-16,107-6074915-2210666,RO-6RXN-KT8V,"Order Payment","Product charges",,$10.99,1,"Flocked Ultra Thin Heavy Duty Velvet Hangers (10, Black)",,,,,,
,,,-$8.25,21-Apr-16,110-6108739-6921837,VO6-KH8-U2Q,"Order Payment","Product charges",,$54.99,1,"Oster 8-Speed Blender",,,,,,
,-$8.18,-$7.24,-$9.00,21-Apr-16,113-0679127-7293856,22-Q94M-YDGP,"Order Payment","Product charges",,$59.98,2,"Infused Cool Gel Ventilated Core Hypoallergenic MEMORY FOAM Pillow - Cool Ultra Soft Pillow",,,,,,
-$1.00,-$1.06,-$4.29,-$2.55,21-Apr-16,113-3581610-9345828,RO-6RXH-KT8V,"Order Payment","Product charges",,$16.99,1,"Flocked Ultra Thin Heavy Duty Velvet Hangers (25, Ivory)",,,,,,
-$1.00,-$1.06,-$0.96,-$3.00,21-Apr-16,114-8252911-9141843,3G-5P9S-KWAT,"Order Payment","Product charges",,$19.99,1,"Mental Beats Xcentric Earbuds with Metal Mic Includes Tangle Free Flatwire Cord (Silver)",,,,,,
,-$4.09,-$3.62,-$4.50,21-Apr-16,114-8614923-6112220,BQ-4FEP-C3OH,"Order Payment","Product charges",,$29.99,1,"Hypoallergenic Contour Bamboo Memory Foam Pillow Great for Relieving Neck and Shoulder Aches",,,,,,
,-$4.09,-$3.62,-$4.50,20-Apr-16,113-9866651-7766634,22-Q94M-YDGP,"Order Payment","Product charges",,$29.99,1,"Infused Cool Gel Ventilated Core Hypoallergenic MEMORY FOAM Pillow - Cool Ultra Soft Pillow",,,,,,
-$1.00,-$1.06,-$4.29,-$2.55,20-Apr-16,002-6423471-6331402,RO-6RXH-KT8V,"Order Payment","Product charges",,$16.99,1,"Flocked Ultra Thin Heavy Duty Velvet Hangers (25, Ivory)",,,,,,
,-$4.09,-$3.62,-$4.50,20-Apr-16,105-9291852-8968269,BQ-4FEP-C3OH,"Order Payment","Product charges",,$29.99,1,"Hypoallergenic Contour Bamboo Memory Foam Pillow Great for Relieving Neck and Shoulder Aches",,-$3.99,$3.99,,,
-$1.00,-$1.06,-$0.96,-$3.45,20-Apr-16,107-6142864-5480252,7W-PCJM-3BVK,"Order Payment","Product charges",,$22.99,1,"Mental Beats Xpert Ultimate Comfort Pillow Soft Over the Ear Headphones with Mic (Red)",,-$11.39,$11.39,,,
-$1.00,-$1.06,-$0.96,-$3.00,20-Apr-16,107-7385853-0569859,MD-86QZ-5W4G,"Order Payment","Product charges",,$19.99,1,"Mental Beats Xcentric Earbuds with Metal Mic Includes Tangle Free Flatwire Cord (Blue)",,,,,,
-$1.00,-$1.06,-$0.96,-$3.00,20-Apr-16,002-8304765-5005031,CW-OY03-VE7M,"Order Payment","Product charges",,$19.99,1,"Mental Beats Xcentric Earbuds with Metal Mic Includes Tangle Free Flatwire Cord (Pink)",,,,,,
-$1.00,-$1.06,-$0.50,-$1.00,20-Apr-16,116-8836767-4539443,6NH-FQV-FRP,"Order Payment","Product charges",,$5.55,1,"Post-it Note Tabs, 3-3/8 x 2-3/4-Inches, Green and Blue, Lined Paper, 25-Sheets/Pad, 2-Pads/Pack",,,,$0.00,,
,-$4.09,-$3.62,-$4.50,20-Apr-16,103-5951964-8241818,22-Q94M-YDGP,"Order Payment","Product charges",,$29.99,1,"Infused Cool Gel Ventilated Core Hypoallergenic MEMORY FOAM Pillow - Cool Ultra Soft Pillow",,,$3.36,$0.00,,-$3.36
,-$4.09,-$8.30,-$6.75,20-Apr-16,105-2225113-4749838,Q3-3IFR-V1ZN,"Order Payment","Product charges",,$44.99,1,"Humanscale Zon Air Purifier in White",,,,,,
,,,-$2.02,20-Apr-16,002-5412378-9925049,BM-FMZ9-SGOD,"Order Payment","Product charges",,$13.48,1,"3 pack: gel eye soothing masks for sinus pain- assorted colors",,,,,,
,,,-$1.50,20-Apr-16,104-8530487-5041841,CA0-038-BBP,"Order Payment","Product charges",,$9.99,1,"Post-it Mobile Attach and Go Insert, 3.94 x 5.5 Inches, Includes Attach and Go Full Adhesive Notes and Flags Dispenser (PM-INSERT1)",,,,,,
,,,-$1.79,20-Apr-16,109-3933065-1041857,R6-ADU0-UQOZ,"Order Payment","Product charges",,$11.94,1,"Sunbeam Ultra Slim Space Saving Multi Tier Velvet Trouser Hangers (Pack of 3)",,,,,,
,-$4.09,-$3.62,-$4.50,20-Apr-16,102-8749003-8210653,22-Q94M-YDGP,"Order Payment","Product charges",,$29.99,1,"Infused Cool Gel Ventilated Core Hypoallergenic MEMORY FOAM Pillow - Cool Ultra Soft Pillow",,,,,,
,-$4.09,-$4.01,-$6.00,20-Apr-16,103-6889870-4637016,3Y-2VGV-AZ21,"Order Payment","Product charges",,$39.99,1,"Cool Gel Memory Foam Ventilated Core Hypoallergenic Standard Pillow",,,,,,
-$1.00,-$2.12,-$1.00,-$2.00,20-Apr-16,103-0501536-0393844,6NH-FQV-FRP,"Order Payment","Product charges",,$11.10,2,"Post-it Note Tabs, 3-3/8 x 2-3/4-Inches, Green and Blue, Lined Paper, 25-Sheets/Pad, 2-Pads/Pack",,,,$0.00,,
-$1.00,-$2.12,-$1.00,-$2.00,19-Apr-16,106-4011759-4890604,6NH-FQV-FRP,"Order Payment","Product charges",,$11.10,2,"Post-it Note Tabs, 3-3/8 x 2-3/4-Inches, Green and Blue, Lined Paper, 25-Sheets/Pad, 2-Pads/Pack",,,,,,
,-$4.09,-$3.62,-$4.50,19-Apr-16,105-5850884-5511422,22-Q94M-YDGP,"Order Payment","Product charges",,$29.99,1,"Infused Cool Gel Ventilated Core Hypoallergenic MEMORY FOAM Pillow - Cool Ultra Soft Pillow",,,,,,
,-$4.09,-$3.62,-$4.50,19-Apr-16,115-2669564-5197847,22-Q94M-YDGP,"Order Payment","Product charges",,$29.99,1,"Infused Cool Gel Ventilated Core Hypoallergenic MEMORY FOAM Pillow - Cool Ultra Soft Pillow",,,,,,
,-$4.09,-$3.62,-$4.50,19-Apr-16,002-2607528-9760205,BQ-4FEP-C3OH,"Order Payment","Product charges",,$29.99,1,"Hypoallergenic Contour Bamboo Memory Foam Pillow Great for Relieving Neck and Shoulder Aches",,,,,,
,-$4.09,-$3.62,-$4.50,19-Apr-16,110-0396977-3277825,BQ-4FEP-C3OH,"Order Payment","Product charges",,$29.99,1,"Hypoallergenic Contour Bamboo Memory Foam Pillow Great for Relieving Neck and Shoulder Aches",,,$1.44,$0.00,,-$1.44
-$4.75,-$0.75,,,,,,,,,,,,-$0.45,,,,,
-$4.75,-$1.50,,,,,,,,,,,,-$0.45,,,,,
-$1.00,-$1.06,-$0.96,-$1.35,19-Apr-16,107-5269203-7732248,OQ-AM1V-8KP3,"Order Payment","Product charges",,$8.99,1,"Xtreme Cables MFI 8 Pin 3ft Flat Tangle Free Sync & Charge Cable (Neon Green)",,,,$0.00,,
-$1.00,-$1.06,-$0.50,-$1.00,19-Apr-16,114-0774563-8512250,6NH-FQV-FRP,"Order Payment","Product charges",,$5.55,1,"Post-it Note Tabs, 3-3/8 x 2-3/4-Inches, Green and Blue, Lined Paper, 25-Sheets/Pad, 2-Pads/Pack",,,,,,
,-$4.09,-$3.62,-$4.50,19-Apr-16,104-4520285-1637844,BQ-4FEP-C3OH,"Order Payment","Product charges",,$29.99,1,"Hypoallergenic Contour Bamboo Memory Foam Pillow Great for Relieving Neck and Shoulder Aches",,,,,,
-$1.00,-$1.06,-$1.95,-$1.78,19-Apr-16,112-3711982-2927466,VG6-VKY-SRF,"Order Payment","Product charges",,$11.85,1,"Better Home New Crochet Vinyl Lace Tablecloth, 70"" Round, White",,,,,,
-$1.00,-$1.06,-$0.50,-$1.00,19-Apr-16,109-6402227-7238668,6NH-FQV-FRP,"Order Payment","Product charges",,$5.55,1,"Post-it Note Tabs, 3-3/8 x 2-3/4-Inches, Green and Blue, Lined Paper, 25-Sheets/Pad, 2-Pads/Pack",,,,,,
,-$4.09,-$4.01,-$6.00,19-Apr-16,104-0045844-6985807,3Y-2VGV-AZ21,"Order Payment","Product charges",,$39.99,1,"Cool Gel Memory Foam Ventilated Core Hypoallergenic Standard Pillow",,,,,,
-$1.00,-$1.06,-$3.51,-$1.65,19-Apr-16,114-2793863-4937863,13-PAI1-IANH,"Order Payment","Product charges",,$10.99,1,"Bioworld Regular Show Mordecai Hooded Blue Backpack",,,,,,
-$1.00,-$1.06,-$0.96,-$2.85,18-Apr-16,112-7344223-6897042,58-PK5O-DVBE,"Order Payment","Product charges",,$18.99,1,"Mental Beats Xclusive High Quality Metal Earbuds With Mic and 4' FT Cable (Blue,)",,,,,,
-$1.00,-$1.06,-$0.50,-$1.00,18-Apr-16,002-7497332-8869869,6NH-FQV-FRP,"Order Payment","Product charges",,$5.55,1,"Post-it Note Tabs, 3-3/8 x 2-3/4-Inches, Green and Blue, Lined Paper, 25-Sheets/Pad, 2-Pads/Pack",,,,,,
,-$4.09,-$3.62,-$4.50,18-Apr-16,111-6421887-1038615,22-Q94M-YDGP,"Order Payment","Product charges",,$29.99,1,"Infused Cool Gel Ventilated Core Hypoallergenic MEMORY FOAM Pillow - Cool Ultra Soft Pillow",,,,$0.00,,
,-$4.09,-$3.62,-$4.50,18-Apr-16,112-0582830-9363426,22-Q94M-YDGP,"Order Payment","Product charges",,$29.99,1,"Infused Cool Gel Ventilated Core Hypoallergenic MEMORY FOAM Pillow - Cool Ultra Soft Pillow",,,,,,
-$1.00,-$1.06,-$0.96,-$3.75,18-Apr-16,111-4430500-2107417,7W-PCJK-3BVK,"Order Payment","Product charges",,$24.99,1,"Mental Beats Xpert Ultimate Comfort Pillow Soft Over the Ear Headphones with Mic (Champagne)",,,,,,
,-$4.09,-$3.62,-$4.50,18-Apr-16,108-3814456-6134619,BQ-4FEP-C3OH,"Order Payment","Product charges",,$29.99,1,"Hypoallergenic Contour Bamboo Memory Foam Pillow Great for Relieving Neck and Shoulder Aches",,,,,,
-$1.00,-$1.06,-$0.96,-$1.65,18-Apr-16,107-9066489-8196231,RO-6RXN-KT8V,"Order Payment","Product charges",,$10.99,1,"Flocked Ultra Thin Heavy Duty Velvet Hangers (10, Black)",,,,,,
-$1.00,-$1.06,-$0.96,-$3.00,18-Apr-16,116-1832058-5562641,CW-OY03-VE7M,"Order Payment","Product charges",,$19.99,1,"Mental Beats Xcentric Earbuds with Metal Mic Includes Tangle Free Flatwire Cord (Pink)",,-$22.67,$22.67,,,
,,,-$2.00,18-Apr-16,108-5087027-1856213,9G-CDVH-T2B4,"Order Payment","Product charges",,$3.98,2,"DecoPac How to Train Your Dragon 2 Hiccup and Friends Cupcake Rings (12 Count)",,,,,,
,,,-$2.55,18-Apr-16,107-2182773-1293019,2H-FGMO-4THC,"Order Payment","Product charges",,$16.99,1,"Flocked Ultra Thin Heavy Duty Velvet Hangers (25, Forrest Green)",,,,,,
,-$8.18,-$7.24,-$9.00,18-Apr-16,104-1102082-2466646,BQ-4FEP-C3OH,"Order Payment","Product charges",,$59.98,2,"Hypoallergenic Contour Bamboo Memory Foam Pillow Great for Relieving Neck and Shoulder Aches",,,$6.49,$0.00,,-$6.49
-$1.00,-$2.12,-$1.00,-$4.50,18-Apr-16,113-7492529-8437847,Q0-OA97-BH2V,"Order Payment","Product charges",,$29.98,2,"Mental Beats Car Mount Dashboard and Windshield Phone Holder Car Accessories Universal for all Smartphones (Black / Silver )",,,$2.08,$0.00,,-$2.08
,-$4.09,-$4.01,-$6.00,18-Apr-16,109-0423078-3013065,3Y-2VGV-AZ21,"Order Payment","Product charges",,$39.99,1,"Cool Gel Memory Foam Ventilated Core Hypoallergenic Standard Pillow",,-$10.02,$10.02,,,
,-$4.09,-$8.30,-$6.75,18-Apr-16,105-7259317-6757065,Q3-3IFR-V1ZN,"Order Payment","Product charges",,$44.99,1,"Humanscale Zon Air Purifier in White",,,,$0.00,,
,-$8.18,-$7.24,-$9.00,18-Apr-16,115-6274552-3122627,BQ-4FEP-C3OH,"Order Payment","Product charges",,$59.98,2,"Hypoallergenic Contour Bamboo Memory Foam Pillow Great for Relieving Neck and Shoulder Aches",,,,,,
,-$4.09,-$3.62,-$4.50,17-Apr-16,109-0121144-2902679,BQ-4FEP-C3OH,"Order Payment","Product charges",,$29.99,1,"Hypoallergenic Contour Bamboo Memory Foam Pillow Great for Relieving Neck and Shoulder Aches",,,,,,
,-$8.18,-$7.24,-$9.00,17-Apr-16,115-9041282-6193023,BQ-4FEP-C3OH,"Order Payment","Product charges",,$29.99,1,"Hypoallergenic Contour Bamboo Memory Foam Pillow Great for Relieving Neck and Shoulder Aches",,,,,,
,-$4.09,-$3.62,-$4.50,17-Apr-16,110-4715282-5600209,BQ-4FEP-C3OH,"Order Payment","Product charges",,$29.99,1,"Hypoallergenic Contour Bamboo Memory Foam Pillow Great for Relieving Neck and Shoulder Aches",,,,,,
,-$4.09,-$3.62,-$4.50,17-Apr-16,112-2687052-8376241,BQ-4FEP-C3OH,"Order Payment","Product charges",,$29.99,1,"Hypoallergenic Contour Bamboo Memory Foam Pillow Great for Relieving Neck and Shoulder Aches",,,,,,
,-$4.09,-$3.62,-$4.50,17-Apr-16,102-6352905-4540269,22-Q94M-YDGP,"Order Payment","Product charges",,$29.99,1,"Infused Cool Gel Ventilated Core Hypoallergenic MEMORY FOAM Pillow - Cool Ultra Soft Pillow",,,,,,
,-$4.09,-$3.62,-$4.50,17-Apr-16,106-5518689-7312255,22-Q94M-YDGP,"Order Payment","Product charges",,$29.99,1,"Infused Cool Gel Ventilated Core Hypoallergenic MEMORY FOAM Pillow - Cool Ultra Soft Pillow",,,$2.52,$0.00,,-$2.52
,-$4.09,-$4.01,-$6.00,16-Apr-16,102-7704372-4426658,3Y-2VGV-AZ21,"Order Payment","Product charges",,$39.99,1,"Cool Gel Memory Foam Ventilated Core Hypoallergenic Standard Pillow",,,,,,
-$1.00,-$1.06,-$0.96,-$3.00,16-Apr-16,116-2389148-0332234,32-P5XA-EGJY,"Order Payment","Product charges",,$19.99,1,"Mental Beats Xcentric Earbuds with Metal Mic Includes Tangle Free Flatwire Cord (teal)",,,,,,
-$1.00,-$1.06,-$0.96,-$3.75,16-Apr-16,002-1733708-3913026,7W-PCJO-3BVK,"Order Payment","Product charges",,$24.99,1,"Mental Beats Xpert Ultimate Comfort Pillow Soft Over the Ear Headphones with Mic (Black)",,-$5.55,$5.55,,,
,-$4.09,-$3.62,-$4.50,16-Apr-16,102-2615444-6303452,22-Q94M-YDGP,"Order Payment","Product charges",,$29.99,1,"Infused Cool Gel Ventilated Core Hypoallergenic MEMORY FOAM Pillow - Cool Ultra Soft Pillow",,,$2.64,$0.00,,-$2.64
,-$8.18,-$7.24,-$9.00,16-Apr-16,112-9474491-0359463,22-Q94M-YDGP,"Order Payment","Product charges",,$29.99,1,"Infused Cool Gel Ventilated Core Hypoallergenic MEMORY FOAM Pillow - Cool Ultra Soft Pillow",,-$8.10,$8.10,,,
-$1.00,-$1.06,-$2.34,-$1.65,16-Apr-16,102-2625447-7898612,0W-I967-F2HV,"Order Payment","Product charges",,$10.99,1,"Flocked Ultra Thin Heavy Duty Velvet Hangers (10, Forrest Green)",,,,,,
,-$4.09,-$3.62,-$4.50,16-Apr-16,111-4433925-7505808,BQ-4FEP-C3OH,"Order Payment","Product charges",,$29.99,1,"Hypoallergenic Contour Bamboo Memory Foam Pillow Great for Relieving Neck and Shoulder Aches",,,,,,
,-$4.09,-$3.62,-$4.50,15-Apr-16,112-3883320-6572244,BQ-4FEP-C3OH,"Order Payment","Product charges",,$29.99,1,"Hypoallergenic Contour Bamboo Memory Foam Pillow Great for Relieving Neck and Shoulder Aches",,,,,,
,-$4.09,-$3.62,-$4.50,15-Apr-16,113-2214241-8808250,22-Q94M-YDGP,"Order Payment","Product charges",,$29.99,1,"Infused Cool Gel Ventilated Core Hypoallergenic MEMORY FOAM Pillow - Cool Ultra Soft Pillow",,,,,,
,-$4.09,-$4.01,-$6.00,15-Apr-16,103-0132155-9720201,3Y-2VGV-AZ21,"Order Payment","Product charges",,$39.99,1,"Cool Gel Memory Foam Ventilated Core Hypoallergenic Standard Pillow",,,,,,
-$1.00,-$1.06,-$0.96,-$1.34,15-Apr-16,113-2318044-6174645,FV-XXFT-7P69,"Order Payment","Product charges",,$8.95,1,"My Little Pony Soft Tote Lunch Box",,,,,,
,-$4.09,-$4.01,-$6.00,15-Apr-16,116-0110993-7633060,3Y-2VGV-AZ21,"Order Payment","Product charges",,$39.99,1,"Cool Gel Memory Foam Ventilated Core Hypoallergenic Standard Pillow",,,,,,
-$1.00,-$1.06,-$1.95,-$1.78,15-Apr-16,114-6142881-4133860,VG6-VKY-SRF,"Order Payment","Product charges",,$11.85,1,"Better Home New Crochet Vinyl Lace Tablecloth, 70"" Round, White",,,,,,
,-$4.09,-$3.62,-$4.50,15-Apr-16,116-1352687-9673861,BQ-4FEP-C3OH,"Order Payment","Product charges",,$29.99,1,"Hypoallergenic Contour Bamboo Memory Foam Pillow Great for Relieving Neck and Shoulder Aches",,,$2.41,$0.00,,-$2.41
,-$4.09,-$3.62,-$4.50,15-Apr-16,114-7390862-5412234,BQ-4FEP-C3OH,"Order Payment","Product charges",,$29.99,1,"Hypoallergenic Contour Bamboo Memory Foam Pillow Great for Relieving Neck and Shoulder Aches",,,,,,
,-$8.18,-$7.24,-$9.00,15-Apr-16,106-1641826-8950614,BQ-4FEP-C3OH,"Order Payment","Product charges",,$29.99,1,"Hypoallergenic Contour Bamboo Memory Foam Pillow Great for Relieving Neck and Shoulder Aches",,,$6.49,$0.00,,-$6.49
-$1.00,-$1.06,-$1.95,-$1.78,15-Apr-16,103-6192935-3165032,VG6-VKY-SRF,"Order Payment","Product charges",,$11.85,1,"Better Home New Crochet Vinyl Lace Tablecloth, 70"" Round, White",,,,,,
,-$4.09,-$3.62,-$4.50,15-Apr-16,116-7808227-6080234,BQ-4FEP-C3OH,"Order Payment","Product charges",,$29.99,1,"Hypoallergenic Contour Bamboo Memory Foam Pillow Great for Relieving Neck and Shoulder Aches",,,,,,
,-$4.09,-$3.62,-$4.50,14-Apr-16,103-9446428-5886665,BQ-4FEP-C3OH,"Order Payment","Product charges",,$29.99,1,"Hypoallergenic Contour Bamboo Memory Foam Pillow Great for Relieving Neck and Shoulder Aches",,-$3.99,$3.99,,,
-$1.00,-$1.06,-$2.34,-$1.65,14-Apr-16,002-0867450-2476206,0W-I967-F2HV,"Order Payment","Product charges",,$10.99,1,"Flocked Ultra Thin Heavy Duty Velvet Hangers (10, Forrest Green)",,,,,,
,-$8.18,-$7.24,-$9.00,14-Apr-16,114-9622816-7733018,22-Q94M-YDGP,"Order Payment","Product charges",,$29.99,1,"Infused Cool Gel Ventilated Core Hypoallergenic MEMORY FOAM Pillow - Cool Ultra Soft Pillow",,,,,,
-$1.00,-$1.06,-$0.96,-$3.00,14-Apr-16,109-5228117-6941058,3G-5P9S-KWAT,"Order Payment","Product charges",,$19.99,1,"Mental Beats Xcentric Earbuds with Metal Mic Includes Tangle Free Flatwire Cord (Silver)",,,,,,
-$1.00,-$6.36,-$5.76,-$8.10,14-Apr-16,110-8782757-9256217,K3-C2EG-MXOE,"Order Payment","Product charges",,$53.94,6,"Xtreme Cables MFI 8 Pin 3ft Flat Tangle Free Sync & Charge Cable (Red)",,,,,,
-$1.00,-$1.06,-$0.96,-$2.25,14-Apr-16,106-1205567-4332218,IID-VCY-8DP,"Order Payment","Product charges",,$14.99,1,"SmartekÂ® Rechargeable Fabric Defuzzer Cloth Shaver Black Cord/Cordless",,,,,,
,-$4.09,-$3.62,-$4.50,14-Apr-16,106-8594184-9595419,22-Q94M-YDGP,"Order Payment","Product charges",,$29.99,1,"Infused Cool Gel Ventilated Core Hypoallergenic MEMORY FOAM Pillow - Cool Ultra Soft Pillow",,,,,,
,-$4.09,-$4.01,-$6.00,14-Apr-16,102-2986139-1593833,3Y-2VGV-AZ21,"Order Payment","Product charges",,$39.99,1,"Cool Gel Memory Foam Ventilated Core Hypoallergenic Standard Pillow",,-$6.99,$6.99,,,
,-$4.09,-$3.62,-$4.50,14-Apr-16,110-8445485-3705051,BQ-4FEP-C3OH,"Order Payment","Product charges",,$29.99,1,"Hypoallergenic Contour Bamboo Memory Foam Pillow Great for Relieving Neck and Shoulder Aches",,,,,,
-$1.00,-$1.06,-$0.96,-$1.34,14-Apr-16,110-6055476-6266668,FV-XXFT-7P69,"Order Payment","Product charges",,$8.95,1,"My Little Pony Soft Tote Lunch Box",,-$3.64,$3.64,$0.00,,
-$4.75,-$0.75,,,,,,,,,,,,-$0.45,,,,,
,-$4.09,-$3.62,-$4.50,14-Apr-16,111-8154218-2074654,22-Q94M-YDGP,"Order Payment","Product charges",,$29.99,1,"Infused Cool Gel Ventilated Core Hypoallergenic MEMORY FOAM Pillow - Cool Ultra Soft Pillow",,,,,,
,-$4.09,-$3.62,-$4.50,13-Apr-16,106-4870555-0285811,22-Q94M-YDGP,"Order Payment","Product charges",,$29.99,1,"Infused Cool Gel Ventilated Core Hypoallergenic MEMORY FOAM Pillow - Cool Ultra Soft Pillow",,,,,,
-$1.00,-$1.06,-$0.96,-$2.55,13-Apr-16,002-2594876-4319437,BX-YPD9-FBE5,"Order Payment","Product charges",,$16.99,1,"Flocked Ultra Thin Heavy Duty Velvet Hangers (25, Grey)",,,,,,
,-$4.09,-$3.62,-$4.50,13-Apr-16,112-9257509-1099430,BQ-4FEP-C3OH,"Order Payment","Product charges",,$29.99,1,"Hypoallergenic Contour Bamboo Memory Foam Pillow Great for Relieving Neck and Shoulder Aches",,-$3.99,$3.99,,,
,,,-$7.50,13-Apr-16,103-0285446-8858631,VO6-KH8-U2Q,"Order Payment","Product charges",,$49.99,1,"Oster 8-Speed Blender",,,,,,
,-$4.09,-$4.01,-$6.00,13-Apr-16,112-1783078-8033856,3Y-2VGV-AZ21,"Order Payment","Product charges",,$39.99,1,"Cool Gel Memory Foam Ventilated Core Hypoallergenic Standard Pillow",,,,,,
,,,-$2.55,13-Apr-16,114-3404032-7843416,2H-FGMO-4THC,"Order Payment","Product charges",,$16.99,1,"Flocked Ultra Thin Heavy Duty Velvet Hangers (25, Forrest Green)",,,,,,
,,,-$1.00,13-Apr-16,115-6036581-9785859,NC-MU4S-M0SS,"Order Payment","Product charges",,$5.99,1,"Cuispro Snap-Fit Pop Molds: 6 Rocket and 6 Boat shapes",,,,,,
,-$4.09,-$3.62,-$4.50,13-Apr-16,002-3387262-1504246,BQ-4FEP-C3OH,"Order Payment","Product charges",,$29.99,1,"Hypoallergenic Contour Bamboo Memory Foam Pillow Great for Relieving Neck and Shoulder Aches",,-$7.19,$7.19,,,
,-$4.09,-$3.62,-$4.50,13-Apr-16,103-2077608-4477803,BQ-4FEP-C3OH,"Order Payment","Product charges",,$29.99,1,"Hypoallergenic Contour Bamboo Memory Foam Pillow Great for Relieving Neck and Shoulder Aches",,,,,,
,-$4.09,-$3.62,-$4.50,13-Apr-16,002-2775859-6889855,BQ-4FEP-C3OH,"Order Payment","Product charges",,$29.99,1,"Hypoallergenic Contour Bamboo Memory Foam Pillow Great for Relieving Neck and Shoulder Aches",,,,,,
-$1.00,-$1.06,-$0.96,-$1.34,12-Apr-16,111-2314124-5179436,FV-XXFT-7P69,"Order Payment","Product charges",,$8.95,1,"My Little Pony Soft Tote Lunch Box",,,,,,
,-$4.09,-$3.62,-$4.50,12-Apr-16,113-1834041-2205844,BQ-4FEP-C3OH,"Order Payment","Product charges",,$29.99,1,"Hypoallergenic Contour Bamboo Memory Foam Pillow Great for Relieving Neck and Shoulder Aches",,,$3.24,$0.00,,-$3.24
-$1.00,-$1.06,-$0.96,-$3.00,12-Apr-16,106-2626540-9573856,3G-5P9S-KWAT,"Order Payment","Product charges",,$19.99,1,"Mental Beats Xcentric Earbuds with Metal Mic Includes Tangle Free Flatwire Cord (Silver)",,,,,,
,-$4.09,-$3.62,-$4.50,12-Apr-16,112-8554539-7298658,BQ-4FEP-C3OH,"Order Payment","Product charges",,$29.99,1,"Hypoallergenic Contour Bamboo Memory Foam Pillow Great for Relieving Neck and Shoulder Aches",,,,,,
,-$8.18,-$8.02,-$12.00,12-Apr-16,105-0795528-6400223,3Y-2VGV-AZ21,"Order Payment","Product charges",,$79.98,2,"Cool Gel Memory Foam Ventilated Core Hypoallergenic Standard Pillow",,,,,,
,-$4.09,-$4.01,-$6.00,12-Apr-16,116-1674871-5299462,3Y-2VGV-AZ21,"Order Payment","Product charges",,$39.99,1,"Cool Gel Memory Foam Ventilated Core Hypoallergenic Standard Pillow",,,,,,
-$1.00,-$1.06,-$0.96,-$3.75,12-Apr-16,114-0912233-1502657,7W-PCJO-3BVK,"Order Payment","Product charges",,$24.99,1,"Mental Beats Xpert Ultimate Comfort Pillow Soft Over the Ear Headphones with Mic (Black)",,,,,,
-$1.00,-$2.12,-$4.29,-$3.30,12-Apr-16,102-1393247-8855457,0W-I967-F2HV,"Order Payment","Product charges",,$10.99,1,"Flocked Ultra Thin Heavy Duty Velvet Hangers (10, Forrest Green)",,,,,,
,-$4.09,-$3.62,-$4.50,12-Apr-16,111-8136600-2798613,22-Q94M-YDGP,"Order Payment","Product charges",,$29.99,1,"Infused Cool Gel Ventilated Core Hypoallergenic MEMORY FOAM Pillow - Standard Ultra Soft Pillow",,,,,,
,-$4.09,-$3.62,-$4.50,12-Apr-16,106-1277920-0791462,22-Q94M-YDGP,"Order Payment","Product charges",,$29.99,1,"Infused Cool Gel Ventilated Core Hypoallergenic MEMORY FOAM Pillow - Cool Ultra Soft Pillow",,,,,,
-$4.75,-$0.75,,,,,,,,,,,,-$0.45,,,,,
-$4.75,-$0.75,,,,,,,,,,,,-$0.45,,,,,
,-$4.09,-$8.69,-$7.05,12-Apr-16,114-0521579-9366606,IM-VFRS-GRIO,"Order Payment","Product charges",,$46.99,1,"Humanscale Zon Air Purifier in Red",,,,,,
,-$8.18,-$7.24,-$9.00,12-Apr-16,111-5157799-1432206,22-Q94M-YDGP,"Order Payment","Product charges",,$29.99,1,"Infused Cool Gel Ventilated Core Hypoallergenic MEMORY FOAM Pillow - Cool Ultra Soft Pillow",,,,,,
,,,-$1.50,12-Apr-16,106-1354958-4717803,70-FVIS-6TNP,"Order Payment","Product charges",,$9.99,1,"Anti Slip Bathtub Shower Mat - Assorted Colors (clear)",,,,,,
-$1.00,-$1.06,-$1.95,-$1.78,12-Apr-16,002-4001007-3336264,VG6-VKY-SRF,"Order Payment","Product charges",,$11.85,1,"Better Home New Crochet Vinyl Lace Tablecloth, 70"" Round, White",,,,,,
,-$4.09,-$4.01,-$6.00,12-Apr-16,114-3900731-0185801,3Y-2VGV-AZ21,"Order Payment","Product charges",,$39.99,1,"Cool Gel Memory Foam Ventilated Core Hypoallergenic Standard Pillow",,-$3.19,$3.19,,,
,-$4.09,-$4.01,-$6.00,11-Apr-16,111-2304698-3005861,3Y-2VGV-AZ21,"Order Payment","Product charges",,$39.99,1,"Cool Gel Memory Foam Ventilated Core Hypoallergenic Standard Pillow",,,,,,
,-$4.09,-$3.62,-$4.50,11-Apr-16,110-7856701-0748219,22-Q94M-YDGP,"Order Payment","Product charges",,$29.99,1,"Infused Cool Gel Ventilated Core Hypoallergenic MEMORY FOAM Pillow - Cool Ultra Soft Pillow",,,,,,
,-$4.09,-$3.62,-$4.50,11-Apr-16,115-9452433-0197049,22-Q94M-YDGP,"Order Payment","Product charges",,$29.99,1,"Infused Cool Gel Ventilated Core Hypoallergenic MEMORY FOAM Pillow - Standard Ultra Soft Pillow",,,,,,
,-$4.09,-$3.62,-$4.50,11-Apr-16,107-6113273-2977069,22-Q94M-YDGP,"Order Payment","Product charges",,$29.99,1,"Infused Cool Gel Ventilated Core Hypoallergenic MEMORY FOAM Pillow - Cool Ultra Soft Pillow",,,,,,
,-$4.09,-$3.62,-$4.50,11-Apr-16,002-1630351-7490615,BQ-4FEP-C3OH,"Order Payment","Product charges",,$29.99,1,"Hypoallergenic Contour Bamboo Memory Foam Pillow Great for Relieving Neck and Shoulder Aches",,,,,,
-$1.00,-$2.12,-$1.92,-$5.70,11-Apr-16,104-9594395-5654661,JE-0F9S-TM6N,"Order Payment","Product charges",,$37.98,2,"Mental Beats Xclusive High Quality Metal Earbuds With Mic and 4' FT Cable (Red,)",,,,,,
,-$4.09,-$3.62,-$4.50,11-Apr-16,105-0037496-4646621,BQ-4FEP-C3OH,"Order Payment","Product charges",,$29.99,1,"Hypoallergenic Contour Bamboo Memory Foam Pillow Great for Relieving Neck and Shoulder Aches",,,,,,
,-$4.09,-$3.62,-$4.50,11-Apr-16,105-4076279-7474633,BQ-4FEP-C3OH,"Order Payment","Product charges",,$29.99,1,"Hypoallergenic Contour Bamboo Memory Foam Pillow Great for Relieving Neck and Shoulder Aches",,,,,,
,-$8.18,-$7.24,-$9.00,11-Apr-16,112-3582400-8659459,22-Q94M-YDGP,"Order Payment","Product charges",,$29.99,1,"Infused Cool Gel Ventilated Core Hypoallergenic MEMORY FOAM Pillow - Standard Ultra Soft Pillow",,,,,,
,-$8.18,-$7.24,-$9.00,11-Apr-16,108-1721907-2431469,22-Q94M-YDGP,"Order Payment","Product charges",,$59.98,2,"Infused Cool Gel Ventilated Core Hypoallergenic MEMORY FOAM Pillow - Cool Ultra Soft Pillow",,,,,,
-$1.00,-$3.18,-$6.21,-$5.85,11-Apr-16,111-1653501-8817804,RO-6RXH-KT8V,"Order Payment","Product charges",,$16.99,1,"Flocked Ultra Thin Heavy Duty Velvet Hangers (25, Ivory)",,,,,,
,-$4.09,-$3.62,-$4.50,11-Apr-16,103-2730517-0813030,BQ-4FEP-C3OH,"Order Payment","Product charges",,$29.99,1,"Hypoallergenic Contour Bamboo Memory Foam Pillow Great for Relieving Neck and Shoulder Aches",,,,,,
,-$4.09,-$3.62,-$4.50,11-Apr-16,106-2101501-7527460,22-Q94M-YDGP,"Order Payment","Product charges",,$29.99,1,"Infused Cool Gel Ventilated Core Hypoallergenic MEMORY FOAM Pillow - Standard Ultra Soft Pillow",,-$3.99,$3.99,,,
,-$4.09,-$4.01,-$6.00,11-Apr-16,002-1828521-2093848,3Y-2VGV-AZ21,"Order Payment","Product charges",,$39.99,1,"Cool Gel Memory Foam Ventilated Core Hypoallergenic Standard Pillow",,,$5.43,$0.00,,-$5.43
,-$4.09,-$4.01,-$6.00,11-Apr-16,105-6097260-4823412,3Y-2VGV-AZ21,"Order Payment","Product charges",,$39.99,1,"Cool Gel Memory Foam Ventilated Core Hypoallergenic Standard Pillow",,,,,,
,-$4.09,-$4.01,-$6.00,11-Apr-16,107-8297362-5284200,3Y-2VGV-AZ21,"Order Payment","Product charges",,$39.99,1,"Cool Gel Memory Foam Ventilated Core Hypoallergenic Standard Pillow",,,,,,
-$1.00,-$1.06,-$0.96,-$3.00,11-Apr-16,112-1666583-2284226,32-P5XA-EGJY,"Order Payment","Product charges",,$19.99,1,"Mental Beats Xcentric Earbuds with Metal Mic Includes Tangle Free Flatwire Cord (teal)",,,$1.77,$0.00,,-$1.77
,-$4.09,-$3.62,-$4.50,11-Apr-16,110-4716253-0713867,BQ-4FEP-C3OH,"Order Payment","Product charges",,$29.99,1,"Hypoallergenic Contour Bamboo Memory Foam Pillow Great for Relieving Neck and Shoulder Aches",,,,,,
,-$4.09,-$4.01,-$6.00,11-Apr-16,116-4373311-3062607,3Y-2VGV-AZ21,"Order Payment","Product charges",,$39.99,1,"Cool Gel Memory Foam Ventilated Core Hypoallergenic Standard Pillow",,,,,,
,-$4.09,-$3.62,-$4.50,11-Apr-16,002-0683093-3299439,22-Q94M-YDGP,"Order Payment","Product charges",,$29.99,1,"Infused Cool Gel Ventilated Core Hypoallergenic MEMORY FOAM Pillow - Standard Ultra Soft Pillow",,,,,,
,-$4.09,-$3.62,-$4.50,11-Apr-16,109-9164195-3955402,BQ-4FEP-C3OH,"Order Payment","Product charges",,$29.99,1,"Hypoallergenic Contour Bamboo Memory Foam Pillow Great for Relieving Neck and Shoulder Aches",,,,,,
,-$4.09,-$4.01,-$6.00,11-Apr-16,108-9403357-8165000,3Y-2VGV-AZ21,"Order Payment","Product charges",,$39.99,1,"Cool Gel Memory Foam Ventilated Core Hypoallergenic Standard Pillow",,,,,,
,-$8.18,-$7.24,-$9.00,10-Apr-16,102-7189825-7491469,22-Q94M-YDGP,"Order Payment","Product charges",,$29.99,1,"Infused Cool Gel Ventilated Core Hypoallergenic MEMORY FOAM Pillow - Standard Ultra Soft Pillow",,,,,,
,-$4.09,-$3.62,-$4.50,10-Apr-16,103-8833975-8455437,22-Q94M-YDGP,"Order Payment","Product charges",,$29.99,1,"Infused Cool Gel Ventilated Core Hypoallergenic MEMORY FOAM Pillow - Standard Ultra Soft Pillow",,,$2.53,$0.00,,-$2.53
,-$4.09,-$3.62,-$4.50,10-Apr-16,107-5792518-4446667,BQ-4FEP-C3OH,"Order Payment","Product charges",,$29.99,1,"Hypoallergenic Contour Bamboo Memory Foam Pillow Great for Relieving Neck and Shoulder Aches",,,,,,
,-$4.09,-$3.62,-$4.50,10-Apr-16,108-1691737-9888253,22-Q94M-YDGP,"Order Payment","Product charges",,$29.99,1,"Infused Cool Gel Ventilated Core Hypoallergenic MEMORY FOAM Pillow - Standard Ultra Soft Pillow",,,,,,
,-$4.09,-$4.01,-$6.00,10-Apr-16,104-6736133-5961829,3Y-2VGV-AZ21,"Order Payment","Product charges",,$39.99,1,"Cool Gel Memory Foam Ventilated Core Hypoallergenic Standard Pillow",,,,,,
,-$4.09,-$3.62,-$4.50,10-Apr-16,105-2530354-1184253,22-Q94M-YDGP,"Order Payment","Product charges",,$29.99,1,"Infused Cool Gel Ventilated Core Hypoallergenic MEMORY FOAM Pillow - Standard Ultra Soft Pillow",,,,,,
,-$4.09,-$3.62,-$4.50,10-Apr-16,111-7432888-7749033,BQ-4FEP-C3OH,"Order Payment","Product charges",,$29.99,1,"Hypoallergenic Contour Bamboo Memory Foam Pillow Great for Relieving Neck and Shoulder Aches",,,$3.25,$0.00,,-$3.25
,-$4.09,-$3.62,-$4.50,9-Apr-16,002-1468230-7281054,BQ-4FEP-C3OH,"Order Payment","Product charges",,$29.99,1,"Hypoallergenic Contour Bamboo Memory Foam Pillow Great for Relieving Neck and Shoulder Aches",,,$1.88,$0.00,,-$1.88
-$1.00,-$2.12,-$3.90,-$3.56,9-Apr-16,111-4966031-5232267,VG6-VKY-SRF,"Order Payment","Product charges",,$23.70,2,"Better Home New Crochet Vinyl Lace Tablecloth, 70"" Round, White",,,,,,
,-$4.09,-$3.62,-$4.50,9-Apr-16,107-9898289-1214642,22-Q94M-YDGP,"Order Payment","Product charges",,$29.99,1,"Infused Cool Gel Ventilated Core Hypoallergenic MEMORY FOAM Pillow - Standard Ultra Soft Pillow",,-$4.05,$4.05,,,
,-$4.09,-$3.62,-$4.50,9-Apr-16,112-7312386-2197828,22-Q94M-YDGP,"Order Payment","Product charges",,$29.99,1,"Infused Cool Gel Ventilated Core Hypoallergenic MEMORY FOAM Pillow - Standard Ultra Soft Pillow",,-$3.99,$3.99,,,
,-$4.09,-$3.62,-$4.50,9-Apr-16,112-7912768-5309032,BQ-4FEP-C3OH,"Order Payment","Product charges",,$29.99,1,"Hypoallergenic Contour Bamboo Memory Foam Pillow Great for Relieving Neck and Shoulder Aches",,,,$0.00,,
,-$4.09,-$4.01,-$6.00,9-Apr-16,113-6848465-9439442,3Y-2VGV-AZ21,"Order Payment","Product charges",,$39.99,1,"Cool Gel Memory Foam Ventilated Core Hypoallergenic Standard Pillow",,,,,,
,-$4.09,-$3.62,-$3.75,9-Apr-16,114-1883289-2006603,BQ-4FEP-C3OH,"Order Payment","Product charges",,$24.99,1,"Hypoallergenic Contour Bamboo Memory Foam Pillow Great for Relieving Neck and Shoulder Aches",,,$2.67,$0.00,,-$2.67
,-$4.09,-$3.62,-$4.50,9-Apr-16,105-7222425-6112202,BQ-4FEP-C3OH,"Order Payment","Product charges",,$29.99,1,"Hypoallergenic Contour Bamboo Memory Foam Pillow Great for Relieving Neck and Shoulder Aches",,,,,,
-$1.00,-$1.06,-$0.96,-$2.55,9-Apr-16,116-0484934-8821814,BX-YPD9-FBE5,"Order Payment","Product charges",,$16.99,1,"Flocked Ultra Thin Heavy Duty Velvet Hangers (25, Grey)",,,,,,
,-$4.09,-$3.62,-$4.50,9-Apr-16,116-7895774-6990609,BQ-4FEP-C3OH,"Order Payment","Product charges",,$29.99,1,"Hypoallergenic Contour Bamboo Memory Foam Pillow Great for Relieving Neck and Shoulder Aches",,,,,,
,-$8.18,-$7.24,-$9.00,8-Apr-16,105-9986078-6536243,22-Q94M-YDGP,"Order Payment","Product charges",,$29.99,1,"Infused Cool Gel Ventilated Core Hypoallergenic MEMORY FOAM Pillow - Standard Ultra Soft Pillow",,,$3.30,$0.00,,-$3.30
-$1.00,-$1.06,-$0.96,-$3.00,8-Apr-16,109-8424849-6693065,32-P5XA-EGJY,"Order Payment","Product charges",,$19.99,1,"Mental Beats Xcentric Earbuds with Metal Mic Includes Tangle Free Flatwire Cord (teal)",,-$11.14,$11.14,,,
,-$4.09,-$3.62,-$4.50,8-Apr-16,110-0869940-7079428,BQ-4FEP-C3OH,"Order Payment","Product charges",,$29.99,1,"Hypoallergenic Contour Bamboo Memory Foam Pillow Great for Relieving Neck and Shoulder Aches",,,,,,
,-$8.18,-$7.24,-$9.00,8-Apr-16,108-3106664-6039452,BQ-4FEP-C3OH,"Order Payment","Product charges",,$59.98,2,"Hypoallergenic Contour Bamboo Memory Foam Pillow Great for Relieving Neck and Shoulder Aches",,,$6.49,$0.00,,-$6.49
,,,-$1.79,8-Apr-16,113-0258233-8168254,R6-ADU0-UQOZ,"Order Payment","Product charges",,$11.94,1,"Sunbeam Ultra Slim Space Saving Multi Tier Velvet Trouser Hangers (Pack of 3)",,,,,,
,-$4.09,-$3.62,-$4.50,8-Apr-16,102-2641518-3057029,22-Q94M-YDGP,"Order Payment","Product charges",,$29.99,1,"Infused Cool Gel Ventilated Core Hypoallergenic MEMORY FOAM Pillow - Standard Ultra Soft Pillow",,,,,,
,-$4.09,-$4.01,-$6.00,7-Apr-16,114-2921817-7053041,3Y-2VGV-AZ21,"Order Payment","Product charges",,$39.99,1,"Cool Gel Memory Foam Ventilated Core Hypoallergenic Standard Pillow",,,,,,
-$1.00,-$1.06,-$4.29,-$2.55,7-Apr-16,115-9020386-1451422,RO-6RXH-KT8V,"Order Payment","Product charges",,$16.99,1,"Flocked Ultra Thin Heavy Duty Velvet Hangers (25, Ivory)",,,,,,
-$1.00,-$2.12,-$1.92,-$6.00,7-Apr-16,110-3936440-0670618,CW-OY03-VE7M,"Order Payment","Product charges",,$19.99,1,"Mental Beats Xcentric Earbuds with Metal Mic Includes Tangle Free Flatwire Cord (Pink)",,,,,,
,-$4.09,-$3.62,-$4.50,7-Apr-16,112-7069067-9256225,22-Q94M-YDGP,"Order Payment","Product charges",,$29.99,1,"Infused Cool Gel Ventilated Core Hypoallergenic MEMORY FOAM Pillow - Standard Ultra Soft Pillow",,-$7.30,$7.30,,,
,-$4.09,-$3.62,-$4.50,7-Apr-16,107-1932192-3965841,BQ-4FEP-C3OH,"Order Payment","Product charges",,$29.99,1,"Hypoallergenic Contour Bamboo Memory Foam Pillow Great for Relieving Neck and Shoulder Aches",,,,,,
,-$4.09,-$3.62,-$4.50,7-Apr-16,103-3271408-4141018,BQ-4FEP-C3OH,"Order Payment","Product charges",,$29.99,1,"Hypoallergenic Contour Bamboo Memory Foam Pillow Great for Relieving Neck and Shoulder Aches",,,,,,
,-$4.09,-$3.62,-$4.50,7-Apr-16,108-9339620-2715467,BQ-4FEP-C3OH,"Order Payment","Product charges",,$29.99,1,"Hypoallergenic Contour Bamboo Memory Foam Pillow Great for Relieving Neck and Shoulder Aches",,,,,,
,-$4.09,-$3.62,-$4.50,7-Apr-16,115-2470658-4365827,BQ-4FEP-C3OH,"Order Payment","Product charges",,$29.99,1,"Hypoallergenic Contour Bamboo Memory Foam Pillow Great for Relieving Neck and Shoulder Aches",,,,,,
-$1.00,-$1.06,-$0.96,-$3.00,7-Apr-16,108-8070630-6960200,CW-OXZZ-VE7M,"Order Payment","Product charges",,$19.99,1,"Mental Beats Xcentric Earbuds with Metal Mic Includes Tangle Free Flatwire Cord (Green)",,-$3.99,$3.99,,,
,-$4.09,-$3.62,-$4.50,7-Apr-16,107-2384388-5571421,BQ-4FEP-C3OH,"Order Payment","Product charges",,$29.99,1,"Hypoallergenic Contour Bamboo Memory Foam Pillow Great for Relieving Neck and Shoulder Aches",,,,,,
-$1.00,-$1.06,-$2.34,-$2.55,7-Apr-16,115-7115551-5260209,2O-P69W-826P,"Order Payment","Product charges",,$16.99,1,"Guardmax - Waterproof Mattress Protector Cover - Fitted Style - Quiet! - Twin Size (39""x75"") - Skirt Stretches to 16""!",,,$2.34,$0.00,,-$2.34
,-$4.09,-$3.62,-$4.50,7-Apr-16,112-0317766-3537054,BQ-4FEP-C3OH,"Order Payment","Product charges",,$29.99,1,"Hypoallergenic Contour Bamboo Memory Foam Pillow Great for Relieving Neck and Shoulder Aches",,,,,,
,-$4.09,-$4.01,-$6.00,7-Apr-16,110-2714236-6784252,3Y-2VGV-AZ21,"Order Payment","Product charges",,$39.99,1,"Cool Gel Memory Foam Ventilated Core Hypoallergenic Standard Pillow",,-$6.99,$6.99,,,
-$1.00,-$1.06,-$0.96,-$3.00,6-Apr-16,111-3289972-9069042,CW-OXZZ-VE7M,"Order Payment","Product charges",,$19.99,1,"Mental Beats Xcentric Earbuds with Metal Mic Includes Tangle Free Flatwire Cord (Green)",,,,,,
,-$4.09,-$4.01,-$5.25,6-Apr-16,002-8780968-7386635,3Y-2VGV-AZ21,"Order Payment","Product charges",,$34.99,1,"Cool Gel Memory Foam Ventilated Core Hypoallergenic Standard Pillow",,,,,,
,-$4.09,-$3.62,-$4.50,6-Apr-16,106-0002123-9149018,22-Q94M-YDGP,"Order Payment","Product charges",,$29.99,1,"Infused Cool Gel Ventilated Core Hypoallergenic MEMORY FOAM Pillow - Standard Ultra Soft Pillow",,,,,,
-$1.00,-$1.06,-$0.96,-$3.00,6-Apr-16,104-0257212-2868278,CW-OY03-VE7M,"Order Payment","Product charges",,$19.99,1,"Mental Beats Xcentric Earbuds with Metal Mic Includes Tangle Free Flatwire Cord (Pink)",,,,,,
,-$4.09,-$4.01,-$5.25,6-Apr-16,102-6406573-0964208,3Y-2VGV-AZ21,"Order Payment","Product charges",,$34.99,1,"Cool Gel Memory Foam Ventilated Core Hypoallergenic Standard Pillow",,,,,,
,-$4.09,-$4.01,-$6.00,6-Apr-16,116-4493055-7029061,3Y-2VGV-AZ21,"Order Payment","Product charges",,$39.99,1,"Cool Gel Memory Foam Ventilated Core Hypoallergenic Standard Pillow",,,,,,
,-$8.18,-$8.02,-$10.50,6-Apr-16,116-6661051-1406605,3Y-2VGV-AZ21,"Order Payment","Product charges",,$34.99,1,"Cool Gel Memory Foam Ventilated Core Hypoallergenic Standard Pillow",,,,,,
,-$4.09,-$3.62,-$4.50,6-Apr-16,106-7042016-6094650,BQ-4FEP-C3OH,"Order Payment","Product charges",,$29.99,1,"Hypoallergenic Contour Bamboo Memory Foam Pillow Great for Relieving Neck and Shoulder Aches",,,,,,
,-$4.09,-$3.62,-$4.50,6-Apr-16,113-8143804-2374628,22-Q94M-YDGP,"Order Payment","Product charges",,$29.99,1,"Infused Cool Gel Ventilated Core Hypoallergenic MEMORY FOAM Pillow - Standard Ultra Soft Pillow",,,,,,
,,,-$2.00,6-Apr-16,112-7158184-7327412,NC-MU4S-M0SS,"Order Payment","Product charges",,$11.98,2,"Cuispro Snap-Fit Pop Molds: 6 Rocket and 6 Boat shapes",,,,,,
,-$4.09,-$4.01,-$5.25,6-Apr-16,112-5808356-5225830,3Y-2VGV-AZ21,"Order Payment","Product charges",,$34.99,1,"Cool Gel Memory Foam Ventilated Core Hypoallergenic Standard Pillow",,,,,,
,-$4.09,-$3.62,-$4.50,6-Apr-16,115-1847038-7842605,22-Q94M-YDGP,"Order Payment","Product charges",,$29.99,1,"Infused Cool Gel Ventilated Core Hypoallergenic MEMORY FOAM Pillow - Standard Ultra Soft Pillow",,,,,,
,-$4.09,-$3.62,-$4.50,6-Apr-16,113-4830728-7763461,22-Q94M-YDGP,"Order Payment","Product charges",,$29.99,1,"Infused Cool Gel Ventilated Core Hypoallergenic MEMORY FOAM Pillow - Standard Ultra Soft Pillow",,,,,,
-$1.00,-$1.06,-$0.50,-$1.12,6-Apr-16,104-3485886-8341857,Q0-OA97-BH2V,"Order Payment","Product charges",,$14.99,1,"Mental Beats Car Mount Dashboard and Windshield Phone Holder Car Accessories Universal for all Smartphones (Black / Silver )",,-$6.03,$6.03,-$7.50,,
,-$4.09,-$3.62,-$4.50,5-Apr-16,105-7963332-9279441,22-Q94M-YDGP,"Order Payment","Product charges",,$29.99,1,"Infused Cool Gel Ventilated Core Hypoallergenic MEMORY FOAM Pillow - Standard Ultra Soft Pillow",,,,,,
,-$8.18,-$7.24,-$9.00,5-Apr-16,102-7264275-0965056,BQ-4FEP-C3OH,"Order Payment","Product charges",,$59.98,2,"Hypoallergenic Contour Bamboo Memory Foam Pillow Great for Relieving Neck and Shoulder Aches",,,,$0.00,,
,-$4.09,-$3.62,-$4.50,5-Apr-16,111-8904208-7350625,22-Q94M-YDGP,"Order Payment","Product charges",,$29.99,1,"Infused Cool Gel Ventilated Core Hypoallergenic MEMORY FOAM Pillow - Standard Ultra Soft Pillow",,,,,,
,-$4.09,-$3.62,-$4.50,5-Apr-16,110-4512308-3009005,22-Q94M-YDGP,"Order Payment","Product charges",,$29.99,1,"Infused Cool Gel Ventilated Core Hypoallergenic MEMORY FOAM Pillow - Standard Ultra Soft Pillow",,,,$0.00,,
,-$4.09,-$3.62,-$4.50,5-Apr-16,116-9201431-2690633,22-Q94M-YDGP,"Order Payment","Product charges",,$29.99,1,"Infused Cool Gel Ventilated Core Hypoallergenic MEMORY FOAM Pillow - Standard Ultra Soft Pillow",,,,,,
,-$4.09,-$3.62,-$4.50,5-Apr-16,115-1296720-2764269,22-Q94M-YDGP,"Order Payment","Product charges",,$29.99,1,"Infused Cool Gel Ventilated Core Hypoallergenic MEMORY FOAM Pillow - Standard Ultra Soft Pillow",,,$3.15,$0.00,,-$3.15
-$4.75,-$0.75,,,,,,,,,,,,-$0.45,,,,,
-$1.00,-$1.06,-$0.50,-$1.12,5-Apr-16,102-4358747-9157037,Q0-OA97-BH2V,"Order Payment","Product charges",,$14.99,1,"Mental Beats Car Mount Dashboard and Windshield Phone Holder Car Accessories Universal for all Smartphones (Black / Silver )",,,,-$7.50,,
-$1.00,-$1.06,-$3.51,-$1.65,5-Apr-16,105-7864971-7593808,13-PAI1-IANH,"Order Payment","Product charges",,$10.99,1,"Regular Show Mordecai Hooded Blue Backpack",,,,,,
,-$4.09,-$3.62,-$4.50,5-Apr-16,106-9585986-4857868,BQ-4FEP-C3OH,"Order Payment","Product charges",,$29.99,1,"Hypoallergenic Contour Bamboo Memory Foam Pillow Great for Relieving Neck and Shoulder Aches",,-$3.94,$3.94,,,
,-$4.09,-$3.62,-$4.50,5-Apr-16,102-3989200-4091418,BQ-4FEP-C3OH,"Order Payment","Product charges",,$29.99,1,"Hypoallergenic Contour Bamboo Memory Foam Pillow Great for Relieving Neck and Shoulder Aches",,,,,,
-$4.75,-$0.75,,,,,,,,,,,,-$0.45,,,,,
,-$4.09,-$3.62,-$4.50,5-Apr-16,104-7966260-1890606,22-Q94M-YDGP,"Order Payment","Product charges",,$29.99,1,"Infused Cool Gel Ventilated Core Hypoallergenic MEMORY FOAM Pillow - Standard Ultra Soft Pillow",,-$7.30,$7.30,,,
,-$4.09,-$3.62,-$4.50,5-Apr-16,103-3271408-4141018,BQ-4FEP-C3OH,"Order Payment","Product charges",,$29.99,1,"Hypoallergenic Contour Bamboo Memory Foam Pillow Great for Relieving Neck and Shoulder Aches",,,,,,
-$1.00,-$1.06,-$3.51,-$1.65,5-Apr-16,105-9273125-2145042,13-PAI1-IANH,"Order Payment","Product charges",,$10.99,1,"Regular Show Mordecai Hooded Blue Backpack",,-$4.21,$4.21,,,
,-$12.27,-$10.86,-$13.50,5-Apr-16,112-1111605-4660220,22-Q94M-YDGP,"Order Payment","Product charges",,$29.99,1,"Infused Cool Gel Ventilated Core Hypoallergenic MEMORY FOAM Pillow - Standard Ultra Soft Pillow",,,,,,
,-$4.09,-$3.62,-$4.50,5-Apr-16,112-4431799-3569045,BQ-4FEP-C3OH,"Order Payment","Product charges",,$29.99,1,"Hypoallergenic Contour Bamboo Memory Foam Pillow Great for Relieving Neck and Shoulder Aches",,,,,,
-$1.00,-$1.06,-$0.96,-$3.00,5-Apr-16,115-6786285-6048235,CW-OY03-VE7M,"Order Payment","Product charges",,$19.99,1,"Mental Beats Xcentric Earbuds with Metal Mic Includes Tangle Free Flatwire Cord (Pink)",,,$1.99,$0.00,,-$1.99
-$1.00,-$1.06,-$0.96,-$3.00,4-Apr-16,112-5176864-4413853,CW-OY03-VE7M,"Order Payment","Product charges",,$19.99,1,"Mental Beats Xcentric Earbuds with Metal Mic Includes Tangle Free Flatwire Cord (Pink)",,-$2.32,$2.32,,,
,-$4.09,-$4.01,-$5.25,4-Apr-16,103-3401191-4681012,3Y-2VGV-AZ21,"Order Payment","Product charges",,$34.99,1,"Cool Gel Memory Foam Ventilated Core Hypoallergenic Standard Pillow",,,,$0.00,,
,-$4.09,-$4.01,-$5.25,4-Apr-16,104-2638128-6038603,3Y-2VGV-AZ21,"Order Payment","Product charges",,$34.99,1,"Cool Gel Memory Foam Ventilated Core Hypoallergenic Standard Pillow",,,,,,
,-$4.09,-$3.62,-$4.50,4-Apr-16,114-7453497-2598627,22-Q94M-YDGP,"Order Payment","Product charges",,$29.99,1,"Infused Cool Gel Ventilated Core Hypoallergenic MEMORY FOAM Pillow - Standard Ultra Soft Pillow",,,,,,
,-$4.09,-$4.01,-$5.25,4-Apr-16,108-3747918-4523421,3Y-2VGV-AZ21,"Order Payment","Product charges",,$34.99,1,"Cool Gel Memory Foam Ventilated Core Hypoallergenic Standard Pillow",,,,,,
,-$4.09,-$3.62,-$4.50,4-Apr-16,105-7292766-1031452,22-Q94M-YDGP,"Order Payment","Product charges",,$29.99,1,"Infused Cool Gel Ventilated Core Hypoallergenic MEMORY FOAM Pillow - Standard Ultra Soft Pillow",,,,,,
,-$4.09,-$3.62,-$4.50,4-Apr-16,104-3590664-4716237,BQ-4FEP-C3OH,"Order Payment","Product charges",,$29.99,1,"Hypoallergenic Contour Bamboo Memory Foam Pillow Great for Relieving Neck and Shoulder Aches",,-$3.99,$3.99,$0.00,,
,-$4.09,-$4.01,-$5.25,4-Apr-16,108-8955242-7135464,3Y-2VGV-AZ21,"Order Payment","Product charges",,$34.99,1,"Cool Gel Memory Foam Ventilated Core Hypoallergenic Standard Pillow",,,,,,
,-$4.09,-$3.62,-$4.50,4-Apr-16,107-4525931-1750653,22-Q94M-YDGP,"Order Payment","Product charges",,$29.99,1,"Infused Cool Gel Ventilated Core Hypoallergenic MEMORY FOAM Pillow - Standard Ultra Soft Pillow",,,,,,
,-$4.09,-$3.62,-$4.50,4-Apr-16,104-5059642-4403425,22-Q94M-YDGP,"Order Payment","Product charges",,$29.99,1,"Infused Cool Gel Ventilated Core Hypoallergenic MEMORY FOAM Pillow - Standard Ultra Soft Pillow",,,,,,
,-$4.09,-$3.62,-$4.50,4-Apr-16,108-2867293-5482637,22-Q94M-YDGP,"Order Payment","Product charges",,$29.99,1,"Infused Cool Gel Ventilated Core Hypoallergenic MEMORY FOAM Pillow - Standard Ultra Soft Pillow",,,,,,
,-$4.09,-$3.62,-$4.50,4-Apr-16,110-6258514-4259458,BQ-4FEP-C3OH,"Order Payment","Product charges",,$29.99,1,"Hypoallergenic Contour Bamboo Memory Foam Pillow Great for Relieving Neck and Shoulder Aches",,,,,,
,-$4.09,-$3.62,-$4.50,4-Apr-16,002-7414083-1743459,22-Q94M-YDGP,"Order Payment","Product charges",,$29.99,1,"Infused Cool Gel Ventilated Core Hypoallergenic MEMORY FOAM Pillow - Standard Ultra Soft Pillow",,,$2.19,$0.00,,-$2.19
,-$4.09,-$3.62,-$4.50,4-Apr-16,107-3146075-9085040,22-Q94M-YDGP,"Order Payment","Product charges",,$29.99,1,"Infused Cool Gel Ventilated Core Hypoallergenic MEMORY FOAM Pillow - Standard Ultra Soft Pillow",,,,,,
,-$4.09,-$3.62,-$4.50,4-Apr-16,116-3186852-4454625,BQ-4FEP-C3OH,"Order Payment","Product charges",,$29.99,1,"Hypoallergenic Contour Bamboo Memory Foam Pillow Great for Relieving Neck and Shoulder Aches",,,,,,
-$1.00,-$1.06,-$0.96,-$1.42,4-Apr-16,110-4877618-1837027,JE-0F9S-TM6N,"Order Payment","Product charges",,$18.99,1,"Mental Beats Xclusive High Quality Metal Earbuds With Mic and 4' FT Cable (Red,)",,,,-$9.50,,
,-$8.18,-$7.24,-$9.00,4-Apr-16,112-5679979-3626610,BQ-4FEP-C3OH,"Order Payment","Product charges",,$59.98,2,"Hypoallergenic Contour Bamboo Memory Foam Pillow Great for Relieving Neck and Shoulder Aches",,,,,,
,-$8.18,-$7.24,-$9.00,4-Apr-16,113-1787844-6505855,22-Q94M-YDGP,"Order Payment","Product charges",,$29.99,1,"Infused Cool Gel Ventilated Core Hypoallergenic MEMORY FOAM Pillow - Standard Ultra Soft Pillow",,,,,,
,,,-$1.79,4-Apr-16,115-8180416-3749021,R6-ADU0-UQOZ,"Order Payment","Product charges",,$11.94,1,"Sunbeam Ultra Slim Space Saving Multi Tier Velvet Trouser Hangers (Pack of 3)",,,,,,
,-$4.09,-$3.62,-$4.50,4-Apr-16,002-1480887-1482629,BQ-4FEP-C3OH,"Order Payment","Product charges",,$29.99,1,"Hypoallergenic Contour Bamboo Memory Foam Pillow Great for Relieving Neck and Shoulder Aches",,-$6.48,$6.48,,,
,-$4.09,-$3.62,-$4.50,4-Apr-16,116-3071124-8590645,22-Q94M-YDGP,"Order Payment","Product charges",,$29.99,1,"Infused Cool Gel Ventilated Core Hypoallergenic MEMORY FOAM Pillow - Standard Ultra Soft Pillow",,,,,,
-$1.00,-$1.06,-$0.96,-$3.00,4-Apr-16,002-9024280-7371443,CW-OXZZ-VE7M,"Order Payment","Product charges",,$19.99,1,"Mental Beats Xcentric Earbuds with Metal Mic Includes Tangle Free Flatwire Cord (Green)",,,,,,
,-$4.09,-$3.62,-$4.50,4-Apr-16,113-8587091-4833046,BQ-4FEP-C3OH,"Order Payment","Product charges",,$29.99,1,"Hypoallergenic Contour Bamboo Memory Foam Pillow Great for Relieving Neck and Shoulder Aches",,,,,,
-$1.00,-$1.06,-$0.96,-$1.42,3-Apr-16,111-1105655-7997868,JE-0F9S-TM6N,"Order Payment","Product charges",,$18.99,1,"Mental Beats Xclusive High Quality Metal Earbuds With Mic and 4' FT Cable (Red,)",,,,-$9.50,,
-$1.00,-$1.06,-$0.50,-$1.12,3-Apr-16,111-1936370-1529861,Q0-OA97-BH2V,"Order Payment","Product charges",,$14.99,1,"Mental Beats Car Mount Dashboard and Windshield Phone Holder Car Accessories Universal for all Smartphones (Black / Silver )",,,,-$7.50,,
,-$4.09,-$4.01,-$5.25,3-Apr-16,113-6859722-3814643,3Y-2VGV-AZ21,"Order Payment","Product charges",,$34.99,1,"Cool Gel Memory Foam Ventilated Core Hypoallergenic Standard Pillow",,,,,,
-$1.00,-$1.06,-$0.96,-$2.85,3-Apr-16,114-9862795-0277064,0I-XXS8-8MCZ,"Order Payment","Product charges",,$18.99,1,"Mental Beats Xclusive High Quality Metal Earbuds With Mic and 4' FT Cable (Silver,)",,,,,,
,-$4.09,-$3.62,-$4.50,3-Apr-16,103-8658418-3572234,22-Q94M-YDGP,"Order Payment","Product charges",,$29.99,1,"Infused Cool Gel Ventilated Core Hypoallergenic MEMORY FOAM Pillow - Standard Ultra Soft Pillow",,,,,,
-$1.00,-$1.06,-$0.96,-$1.80,3-Apr-16,002-9255337-1910630,CM-O188-8KK2,"Order Payment","Product charges",,$11.99,1,"Mental Beats ICON High Quality Earbuds with 4' FT Tangle Free Cable with Mic (Black)",,,,,,
,-$4.09,-$3.62,-$4.50,3-Apr-16,114-8497730-8079426,22-Q94M-YDGP,"Order Payment","Product charges",,$29.99,1,"Infused Cool Gel Ventilated Core Hypoallergenic MEMORY FOAM Pillow - Standard Ultra Soft Pillow",,,,,,
,-$4.09,-$3.62,-$4.50,3-Apr-16,103-0934225-3484253,22-Q94M-YDGP,"Order Payment","Product charges",,$29.99,1,"Infused Cool Gel Ventilated Core Hypoallergenic MEMORY FOAM Pillow - Standard Ultra Soft Pillow",,,$3.35,$0.00,,-$3.35
,-$8.18,-$7.24,-$9.00,3-Apr-16,107-3480108-8444261,22-Q94M-YDGP,"Order Payment","Product charges",,$29.99,1,"Infused Cool Gel Ventilated Core Hypoallergenic MEMORY FOAM Pillow - Standard Ultra Soft Pillow",,,,,,
,-$4.09,-$3.62,-$4.50,3-Apr-16,110-7743218-8406607,BQ-4FEP-C3OH,"Order Payment","Product charges",,$29.99,1,"Hypoallergenic Contour Bamboo Memory Foam Pillow Great for Relieving Neck and Shoulder Aches",,,,,,
,-$4.09,-$3.62,-$4.50,3-Apr-16,105-9116394-0909803,22-Q94M-YDGP,"Order Payment","Product charges",,$29.99,1,"Infused Cool Gel Ventilated Core Hypoallergenic MEMORY FOAM Pillow - Standard Ultra Soft Pillow",,,,,,
,-$4.09,-$3.62,-$4.50,3-Apr-16,106-3658756-3833837,BQ-4FEP-C3OH,"Order Payment","Product charges",,$29.99,1,"Hypoallergenic Contour Bamboo Memory Foam Pillow Great for Relieving Neck and Shoulder Aches",,,$2.67,$0.00,,-$2.67
,-$4.09,-$4.01,-$5.25,3-Apr-16,109-6594051-3185836,3Y-2VGV-AZ21,"Order Payment","Product charges",,$34.99,1,"Cool Gel Memory Foam Ventilated Core Hypoallergenic Standard Pillow",,,$5.91,$0.00,,-$5.91
,-$4.09,-$3.62,-$4.50,3-Apr-16,103-3805162-7981861,22-Q94M-YDGP,"Order Payment","Product charges",,$29.99,1,"Infused Cool Gel Ventilated Core Hypoallergenic MEMORY FOAM Pillow - Standard Ultra Soft Pillow",,,,,,
,-$4.09,-$3.62,-$4.50,3-Apr-16,103-9899345-4712240,BQ-4FEP-C3OH,"Order Payment","Product charges",,$29.99,1,"Hypoallergenic Contour Bamboo Memory Foam Pillow Great for Relieving Neck and Shoulder Aches",,,,,,
,-$4.09,-$3.62,-$4.50,3-Apr-16,103-9388889-1877026,BQ-4FEP-C3OH,"Order Payment","Product charges",,$29.99,1,"Hypoallergenic Contour Bamboo Memory Foam Pillow Great for Relieving Neck and Shoulder Aches",,,,,,
-$1.00,-$2.12,-$7.02,-$3.30,3-Apr-16,106-4459470-5793012,13-PAI1-IANH,"Order Payment","Product charges",,$10.99,1,"Bioworld Regular Show Mordecai Hooded Blue Backpack",,,,,,
,-$4.09,-$3.62,-$4.50,3-Apr-16,102-4236422-6116269,BQ-4FEP-C3OH,"Order Payment","Product charges",,$29.99,1,"Hypoallergenic Contour Bamboo Memory Foam Pillow Great for Relieving Neck and Shoulder Aches",,,,,,
,-$4.09,-$3.62,-$4.50,3-Apr-16,109-5067482-3565024,BQ-4FEP-C3OH,"Order Payment","Product charges",,$29.99,1,"Hypoallergenic Contour Bamboo Memory Foam Pillow Great for Relieving Neck and Shoulder Aches",,,,,,
,-$4.09,-$3.62,-$4.50,3-Apr-16,104-3591468-1983415,BQ-4FEP-C3OH,"Order Payment","Product charges",,$29.99,1,"Hypoallergenic Contour Bamboo Memory Foam Pillow Great for Relieving Neck and Shoulder Aches",,,,,,
,-$4.09,-$3.62,-$4.50,3-Apr-16,104-2921343-7505052,BQ-4FEP-C3OH,"Order Payment","Product charges",,$29.99,1,"Hypoallergenic Contour Bamboo Memory Foam Pillow Great for Relieving Neck and Shoulder Aches",,-$7.19,$7.19,,,
,-$4.09,-$3.62,-$4.50,3-Apr-16,113-2815576-8683404,BQ-4FEP-C3OH,"Order Payment","Product charges",,$29.99,1,"Hypoallergenic Contour Bamboo Memory Foam Pillow Great for Relieving Neck and Shoulder Aches",,,,,,
,-$8.18,-$7.24,-$9.00,3-Apr-16,109-3691872-7436212,22-Q94M-YDGP,"Order Payment","Product charges",,$29.99,1,"Infused Cool Gel Ventilated Core Hypoallergenic MEMORY FOAM Pillow - Standard Ultra Soft Pillow",,,,,,
,-$4.09,-$4.01,-$5.25,3-Apr-16,109-7604440-9220236,3Y-2VGV-AZ21,"Order Payment","Product charges",,$34.99,1,"Cool Gel Memory Foam Ventilated Core Hypoallergenic Standard Pillow",,,,,,
-$1.00,-$1.06,-$4.29,-$2.55,3-Apr-16,114-7111645-6157812,RO-6RXH-KT8V,"Order Payment","Product charges",,$16.99,1,"Flocked Ultra Thin Heavy Duty Velvet Hangers (25, Ivory)",,,,,,
-$1.00,-$1.06,-$0.96,-$1.42,3-Apr-16,111-5390534-4752206,JE-0F9S-TM6N,"Order Payment","Product charges",,$18.99,1,"Mental Beats Xclusive High Quality Metal Earbuds With Mic and 4' FT Cable (Red,)",,,,-$9.50,,
,-$4.09,-$3.62,-$4.50,3-Apr-16,105-9871236-3239428,BQ-4FEP-C3OH,"Order Payment","Product charges",,$29.99,1,"Hypoallergenic Contour Bamboo Memory Foam Pillow Great for Relieving Neck and Shoulder Aches",,,,,,
-$1.00,-$1.06,-$0.96,-$3.75,2-Apr-16,109-7171884-0825027,7W-PCJM-3BVK,"Order Payment","Product charges",,$24.99,1,"Xpert DEEP BASS Ultimate Comfort Pillow Soft Over the Ear Headphones with Mic (Red)",,,,,,
,-$4.09,-$4.01,-$5.25,2-Apr-16,102-9939915-1906654,3Y-2VGV-AZ21,"Order Payment","Product charges",,$34.99,1,"Cool Gel Memory Foam Ventilated Core Hypoallergenic Standard Pillow",,,,,,
,-$4.09,-$3.62,-$4.50,2-Apr-16,112-6477544-2681057,22-Q94M-YDGP,"Order Payment","Product charges",,$29.99,1,"Infused Cool Gel Ventilated Core Hypoallergenic MEMORY FOAM Pillow - Standard Ultra Soft Pillow",,,$2.21,$0.00,,-$2.21
,-$4.09,-$3.62,-$4.50,2-Apr-16,103-6221017-5086605,BQ-4FEP-C3OH,"Order Payment","Product charges",,$29.99,1,"Hypoallergenic Contour Bamboo Memory Foam Pillow Great for Relieving Neck and Shoulder Aches",,,,,,
,-$4.09,-$3.62,-$4.50,2-Apr-16,105-7098112-9465853,BQ-4FEP-C3OH,"Order Payment","Product charges",,$29.99,1,"Hypoallergenic Contour Bamboo Memory Foam Pillow Great for Relieving Neck and Shoulder Aches",,-$4.37,$4.37,$0.00,,
,-$4.09,-$3.62,-$4.50,2-Apr-16,112-9909841-7626639,22-Q94M-YDGP,"Order Payment","Product charges",,$29.99,1,"Infused Cool Gel Ventilated Core Hypoallergenic MEMORY FOAM Pillow - Standard Ultra Soft Pillow",,,,,,
,-$4.09,-$3.62,-$4.50,2-Apr-16,109-3831128-0082631,BQ-4FEP-C3OH,"Order Payment","Product charges",,$29.99,1,"Hypoallergenic Contour Bamboo Memory Foam Pillow Great for Relieving Neck and Shoulder Aches",,,,,,
,-$12.27,-$10.86,-$13.50,2-Apr-16,116-5056575-3587462,22-Q94M-YDGP,"Order Payment","Product charges",,$29.99,1,"Infused Cool Gel Ventilated Core Hypoallergenic MEMORY FOAM Pillow - Standard Ultra Soft Pillow",,,,,,
,-$4.09,-$3.62,-$4.50,2-Apr-16,110-3415895-6347418,22-Q94M-YDGP,"Order Payment","Product charges",,$29.99,1,"Infused Cool Gel Ventilated Core Hypoallergenic MEMORY FOAM Pillow - Standard Ultra Soft Pillow",,,,,,
-$1.00,-$1.06,-$2.34,-$1.65,1-Apr-16,103-3323852-1236228,0W-I967-F2HV,"Order Payment","Product charges",,$10.99,1,"Flocked Ultra Thin Heavy Duty Velvet Hangers (10, Forrest Green)",,,,,,
,-$4.09,-$3.62,-$4.50,1-Apr-16,106-0967113-6636226,BQ-4FEP-C3OH,"Order Payment","Product charges",,$29.99,1,"Hypoallergenic Contour Bamboo Memory Foam Pillow Great for Relieving Neck and Shoulder Aches",,,,,,
-$1.00,-$1.06,-$0.96,-$1.65,1-Apr-16,107-9480549-9724215,CM-W5HY-8L8C,"Order Payment","Product charges",,$10.99,1,"Bioworld Adventure Time Mountain Cinch Bag 13"", Blue/White",,-$3.36,$3.36,,,
,-$4.09,-$3.62,-$4.50,1-Apr-16,108-5861465-0705017,22-Q94M-YDGP,"Order Payment","Product charges",,$29.99,1,"Infused Cool Gel Ventilated Core Hypoallergenic MEMORY FOAM Pillow - Standard Ultra Soft Pillow",,-$4.48,$4.48,,,
