"Amazon fees - FBA Pick & Pack Fee","Amazon fees - FBA Weight Handling Fee","Amazon fees - Referral Fee on Item Price",Date,"Order ID",SKU,"Transaction type","Payment Type","Payment Detail",Amount,Quantity,"Product Title","Promo rebates - ","Promo rebates - Shipping","Other - Shipping","Amazon fees - Refund Administration Fee","Amazon fees - FBA Order Handling Fee","Amazon fees - Shipping Chargeback","Amazon fees - FBA Amazon-Partnered Carrier Shipment Fee","Amazon fees - Subscription Fee","FBA Inventory Reimbursement - Damaged:Warehouse - ","Amazon fees - FBA transportation fee","FBA Inventory Reimbursement - Lost:Warehouse - ","Amazon fees - Shipping commission","Amazon fees - FBA Inventory Storage Fee"
-$4.09,-$3.62,-$4.50,31-Mar-16,106-5220251-4619400,22-Q94M-YDGP,"Order Payment","Product charges",,$29.99,1,"Infused Cool Gel Ventilated Core Hypoallergenic MEMORY FOAM Pillow - Standard Ultra Soft Pillow",$0.00,-$2.78,$2.78,,,,,,,,,,
-$4.09,-$3.62,-$4.50,31-Mar-16,114-3273358-3970656,BQ-4FEP-C3OH,"Order Payment","Product charges",,$29.99,1,"Hypoallergenic Contour Bamboo Memory Foam Pillow Great for Relieving Neck and Shoulder Aches",,,,,,,,,,,,,
,,$4.50,31-Mar-16,102-5255757-6027411,22-Q94M-YDGP,Refund,"Product charges",,-$29.99,1,"Infused Cool Gel Ventilated Core Hypoallergenic MEMORY FOAM Pillow - Standard Ultra Soft Pillow",,,,-$0.90,,,,,,,,,
,,$3.75,31-Mar-16,105-6727463-4406623,BQ-4FEP-C3OH,Refund,"Product charges",,-$24.99,1,"Hypoallergenic Contour Bamboo Memory Foam Pillow Great for Relieving Neck and Shoulder Aches",,,,-$0.75,,,,,,,,,
-$4.09,-$8.69,-$7.05,31-Mar-16,108-9414780-0370629,IM-VFRS-GRIO,"Order Payment","Product charges",,$46.99,1,"Humanscale Zon Air Purifier in Red",$0.00,-$14.57,$14.57,,,,,,,,,,
-$1.06,-$0.96,-$1.42,31-Mar-16,103-4924118-9661064,0I-XXS3-8MCZ,"Order Payment","Product charges",,$18.99,1,"Mental Beats Xclusive High Quality Metal Earbuds With Mic and 4' FT Cable (Gold)",-$9.50,,,,-$1.00,,,,,,,,
-$4.09,-$3.62,-$4.50,31-Mar-16,105-3932702-6507457,22-Q94M-YDGP,"Order Payment","Product charges",,$29.99,1,"Infused Cool Gel Ventilated Core Hypoallergenic MEMORY FOAM Pillow - Standard Ultra Soft Pillow",,,,,,,,,,,,,
,,$3.00,31-Mar-16,112-2401440-6788221,BQ-4FEP-C3OH,Refund,"Product charges",,-$19.99,1,"Hypoallergenic Contour Bamboo Memory Foam Pillow Great for Relieving Neck and Shoulder Aches",,,,-$0.60,,,,,,,,,
-$4.09,-$3.62,-$4.50,31-Mar-16,112-3114133-9378663,22-Q94M-YDGP,"Order Payment","Product charges",,$29.99,1,"Infused Cool Gel Ventilated Core Hypoallergenic MEMORY FOAM Pillow - Standard Ultra Soft Pillow",,,,,,,,,,,,,
-$4.09,-$3.62,-$4.50,31-Mar-16,115-4228492-1778603,22-Q94M-YDGP,"Order Payment","Product charges",,$29.99,1,"Infused Cool Gel Ventilated Core Hypoallergenic MEMORY FOAM Pillow - Standard Ultra Soft Pillow",,,,,,,,,,,,,
-$4.09,-$3.62,-$4.50,31-Mar-16,112-8980751-5513827,22-Q94M-YDGP,"Order Payment","Product charges",,$29.99,1,"Infused Cool Gel Ventilated Core Hypoallergenic MEMORY FOAM Pillow - Standard Ultra Soft Pillow",,,$3.99,,,-$3.99,,,,,,,
-$1.06,-$0.96,-$2.55,31-Mar-16,113-2870874-6881012,BX-YPD9-FBE5,"Order Payment","Product charges",,$16.99,1,"Flocked Ultra Thin Heavy Duty Velvet Hangers (25, Grey)",,,,,-$1.00,,,,,,,,
-$1.06,-$0.96,-$3.75,31-Mar-16,115-4404730-8016254,7W-PCJO-3BVK,"Order Payment","Product charges",,$24.99,1,"Xpert DEEP BASS Ultimate Comfort Pillow Soft Over the Ear Headphones with Mic (Black)",,,$11.73,,-$1.00,-$11.73,,,,,,,
-$1.06,-$0.96,-$1.80,31-Mar-16,108-2623617-8785816,HC-FNLT-DTIH,"Order Payment","Product charges",,$11.99,1,"Mental Beats ICON High Quality Earbuds with 4' FT Tangle Free Cable with Mic (Blue,)",,,,,-$1.00,,,,,,,,
-$4.09,-$3.62,-$4.50,31-Mar-16,107-3408687-8731410,22-Q94M-YDGP,"Order Payment","Product charges",,$29.99,1,"Infused Cool Gel Ventilated Core Hypoallergenic MEMORY FOAM Pillow - Standard Ultra Soft Pillow",,,,,,,,,,,,,
-$4.09,-$3.62,-$3.75,31-Mar-16,103-7325158-4465035,BQ-4FEP-C3OH,"Order Payment","Product charges",,$24.99,1,"Hypoallergenic Contour Bamboo Memory Foam Pillow Great for Relieving Neck and Shoulder Aches",$0.00,-$1.57,$1.57,,,,,,,,,,
-$8.18,-$7.24,-$9.00,31-Mar-16,110-1337457-3512231,22-Q94M-YDGP,"Order Payment","Product charges",,$59.98,2,"Infused Cool Gel Ventilated Core Hypoallergenic MEMORY FOAM Pillow - Standard Ultra Soft Pillow",,,$8.10,,,-$8.10,,,,,,,
-$4.09,-$4.01,-$2.25,31-Mar-16,103-7423178-5734609,3Y-2VGV-AZ21,"Order Payment","Product charges",,$29.99,1,"Cool Gel Memory Foam Ventilated Core Hypoallergenic Standard Pillow",-$15.00,,,,,,,,,,,,
-$4.09,-$4.01,-$2.62,31-Mar-16,116-5922746-3453023,3Y-2VGV-AZ21,"Order Payment","Product charges",,$34.99,1,"Cool Gel Memory Foam Ventilated Core Hypoallergenic Standard Pillow",-$17.50,,,,,,,,,,,,
-$4.09,-$3.62,-$4.50,30-Mar-16,106-8781615-3757005,22-Q94M-YDGP,"Order Payment","Product charges",,$29.99,1,"Infused Cool Gel Ventilated Core Hypoallergenic MEMORY FOAM Pillow - Standard Ultra Soft Pillow",$0.00,-$3.36,$3.36,,,,,,,,,,
-$4.09,-$3.62,-$4.50,30-Mar-16,103-6853221-8743423,22-Q94M-YDGP,"Order Payment","Product charges",,$29.99,1,"Infused Cool Gel Ventilated Core Hypoallergenic MEMORY FOAM Pillow - Standard Ultra Soft Pillow",,,,,,,,,,,,,
-$4.09,-$4.01,-$2.62,30-Mar-16,113-7070784-8835453,3Y-2VGV-AZ21,"Order Payment","Product charges",,$34.99,1,"Cool Gel Memory Foam Ventilated Core Hypoallergenic Standard Pillow",-$17.50,,,,,,,,,,,,
-$1.06,-$0.96,-$3.75,30-Mar-16,002-2552908-3081013,7W-PCJO-3BVK,"Order Payment","Product charges",,$24.99,1,"Xpert DEEP BASS Ultimate Comfort Pillow Soft Over the Ear Headphones with Mic (Black)",,,,,-$1.00,,,,,,,,
-$4.09,-$8.69,-$7.05,30-Mar-16,103-9484612-0397039,IM-VFRS-GRIO,"Order Payment","Product charges",,$46.99,1,"Humanscale Zon Air Purifier in Red",,,,,,,,,,,,,
-$4.09,-$3.62,-$4.50,30-Mar-16,116-3163226-4481809,22-Q94M-YDGP,"Order Payment","Product charges",,$29.99,1,"Infused Cool Gel Ventilated Core Hypoallergenic MEMORY FOAM Pillow - Standard Ultra Soft Pillow",$0.00,-$2.18,$2.18,,,,,,,,,,
-$1.06,-$0.96,-$3.00,30-Mar-16,002-7396637-9529834,CW-OXZZ-VE7M,"Order Payment","Product charges",,$19.99,1,"Mental Beats Xcentric Earbuds with Metal Mic Includes Tangle Free Flatwire Cord (Green)",,,,,-$1.00,,,,,,,,
-$4.09,-$3.62,-$4.50,30-Mar-16,108-8522371-3704265,BQ-4FEP-C3OH,"Order Payment","Product charges",,$29.99,1,"Hypoallergenic Contour Bamboo Memory Foam Pillow Great for Relieving Neck and Shoulder Aches",,,,,,,,,,,,,
,,$3.75,30-Mar-16,105-1962183-5321866,BQ-4FEP-C3OH,Refund,"Product charges",,-$24.99,1,"Hypoallergenic Contour Bamboo Memory Foam Pillow Great for Relieving Neck and Shoulder Aches",,,,-$0.75,,,,,,,,,
-$1.06,-$2.34,-$2.55,30-Mar-16,110-4393545-5899466,2O-P69W-826P,"Order Payment","Product charges",,$16.99,1,"Guardmax - Waterproof Mattress Protector Cover - Fitted Style - Quiet! - Twin Size (39""x75"") - Skirt Stretches to 16""!",,,,,-$1.00,,,,,,,,
-$1.06,-$2.34,-$2.55,30-Mar-16,112-4205328-2759464,2O-P69W-826P,"Order Payment","Product charges",,$16.99,1,"Guardmax - Waterproof Mattress Protector Cover - Fitted Style - Quiet! - Twin Size (39""x75"") - Skirt Stretches to 16""!",,,,,-$1.00,,,,,,,,
-$4.09,-$3.62,-$4.50,30-Mar-16,102-5255757-6027411,22-Q94M-YDGP,"Order Payment","Product charges",,$29.99,1,"Infused Cool Gel Ventilated Core Hypoallergenic MEMORY FOAM Pillow - Standard Ultra Soft Pillow",,,,,,,,,,,,,
-$8.18,-$7.24,-$9.00,30-Mar-16,111-3839342-9792256,BQ-4FEP-C3OH,"Order Payment","Product charges",,$59.98,2,"Hypoallergenic Contour Bamboo Memory Foam Pillow Great for Relieving Neck and Shoulder Aches",,,,,,,,,,,,,
-$4.09,-$4.01,-$5.25,29-Mar-16,115-0524874-3842631,3Y-2VGV-AZ21,"Order Payment","Product charges",,$34.99,1,"Cool Gel Memory Foam Ventilated Core Hypoallergenic Standard Pillow",,,$10.02,,,-$10.02,,,,,,,
-$4.09,-$3.62,-$5.25,29-Mar-16,107-1037364-3414647,BQ-4FEP-C3OH,"Order Payment","Product charges",,$34.99,1,"Hypoallergenic Contour Bamboo Memory Foam Pillow Great for Relieving Neck and Shoulder Aches",,,$4.08,,,-$4.08,,,,,,,
-$8.18,-$8.02,-$4.50,29-Mar-16,112-8336909-1480223,3Y-2VGV-AZ21,"Order Payment","Product charges",,$59.98,2,"Cool Gel Memory Foam Ventilated Core Hypoallergenic Standard Pillow",-$29.99,,,,,,,,,,,,
-$8.18,-$7.24,-$9.00,29-Mar-16,111-2523089-4588264,22-Q94M-YDGP,"Order Payment","Product charges",,$59.98,2,"Infused Cool Gel Ventilated Core Hypoallergenic MEMORY FOAM Pillow - Standard Ultra Soft Pillow",,,,,,,,,,,,,
-$2.12,-$1.92,-$7.50,29-Mar-16,109-1511064-2137830,7W-PCJM-3BVK,"Order Payment","Product charges",,$24.99,1,"Xpert DEEP BASS Ultimate Comfort Pillow Soft Over the Ear Headphones with Mic (Red)",,,,,-$1.00,,,,,,,,
-$4.09,-$3.62,-$4.50,29-Mar-16,116-9685606-7785846,22-Q94M-YDGP,"Order Payment","Product charges",,$29.99,1,"Infused Cool Gel Ventilated Core Hypoallergenic MEMORY FOAM Pillow - Standard Ultra Soft Pillow",,,,,,,,,,,,,
-$1.06,-$2.73,-$5.10,29-Mar-16,102-6474600-8589806,MU-GJ1I-VZ6O,"Order Payment","Product charges",,$33.99,1,"Guardmax - Bedbug Proof/Waterproof Mattress Protector Cover - Zippered Style - Quiet! - King Size (78""x80""x11"")",,,,,-$1.00,,,,,,,,
-$4.09,-$3.62,-$4.50,29-Mar-16,108-8927645-4153063,22-Q94M-YDGP,"Order Payment","Product charges",,$29.99,1,"Infused Cool Gel Ventilated Core Hypoallergenic MEMORY FOAM Pillow - Standard Ultra Soft Pillow",,,,,,,,,,,,,
-$4.09,-$3.62,-$3.75,29-Mar-16,105-6727463-4406623,BQ-4FEP-C3OH,"Order Payment","Product charges",,$24.99,1,"Hypoallergenic Contour Bamboo Memory Foam Pillow Great for Relieving Neck and Shoulder Aches",,,,,,,,,,,,,
-$4.09,-$3.62,-$4.50,29-Mar-16,113-0215795-1656226,22-Q94M-YDGP,"Order Payment","Product charges",,$29.99,1,"Infused Cool Gel Ventilated Core Hypoallergenic MEMORY FOAM Pillow - Standard Ultra Soft Pillow",,,,,,,,,,,,,
,,,,,,,,,,,,,,,,,,-$16.55,,,,,,
-$1.06,-$0.96,-$3.00,29-Mar-16,105-7741931-5345021,32-P5XA-EGJY,"Order Payment","Product charges",,$19.99,1,"Mental Beats Xcentric Earbuds with Metal Mic Includes Tangle Free Flatwire Cord (teal)",,,,,-$1.00,,,,,,,,
-$4.09,-$3.62,-$4.50,29-Mar-16,105-1777470-6205868,22-Q94M-YDGP,"Order Payment","Product charges",,$29.99,1,"Infused Cool Gel Ventilated Core Hypoallergenic MEMORY FOAM Pillow - Standard Ultra Soft Pillow",,,,,,,,,,,,,
-$4.09,-$4.01,-$2.25,28-Mar-16,108-5814320-3683427,3Y-2VGV-AZ21,"Order Payment","Product charges",,$29.99,1,"Cool Gel Memory Foam Ventilated Core Hypoallergenic Standard Pillow",-$15.00,,,,,,,,,,,,
-$4.09,-$4.01,-$2.25,28-Mar-16,002-9476041-2089833,3Y-2VGV-AZ21,"Order Payment","Product charges",,$29.99,1,"Cool Gel Memory Foam Ventilated Core Hypoallergenic Standard Pillow",-$15.00,,,,,,,,,,,,
-$4.09,-$4.01,-$2.25,28-Mar-16,107-3331347-5290619,3Y-2VGV-AZ21,"Order Payment","Product charges",,$29.99,1,"Cool Gel Memory Foam Ventilated Core Hypoallergenic Standard Pillow",-$15.00,,,,,,,,,,,,
-$1.06,-$0.96,-$3.75,28-Mar-16,109-6708208-1144226,7W-PCJK-3BVK,"Order Payment","Product charges",,$24.99,1,"Xpert DEEP BASS Ultimate Comfort Pillow Soft Over the Ear Headphones with Mic (Champagne)",,,,,-$1.00,,,,,,,,
-$4.09,-$3.62,-$3.75,28-Mar-16,104-0895127-1387419,BQ-4FEP-C3OH,"Order Payment","Product charges",,$24.99,1,"Hypoallergenic Contour Bamboo Memory Foam Pillow Great for Relieving Neck and Shoulder Aches",,,,,,,,,,,,,
-$4.09,-$3.62,-$4.50,28-Mar-16,002-6093649-9312204,22-Q94M-YDGP,"Order Payment","Product charges",,$29.99,1,"Infused Cool Gel Ventilated Core Hypoallergenic MEMORY FOAM Pillow - Standard Ultra Soft Pillow",,,,,,,,,,,,,
-$4.09,-$3.62,-$4.50,28-Mar-16,109-4209034-4813850,22-Q94M-YDGP,"Order Payment","Product charges",,$29.99,1,"Infused Cool Gel Ventilated Core Hypoallergenic MEMORY FOAM Pillow - Standard Ultra Soft Pillow",,,,,,,,,,,,,
-$8.18,-$7.24,-$9.00,28-Mar-16,106-8790047-1969038,22-Q94M-YDGP,"Order Payment","Product charges",,$59.98,2,"Infused Cool Gel Ventilated Core Hypoallergenic MEMORY FOAM Pillow - Standard Ultra Soft Pillow",,,,,,,,,,,,,
-$4.09,-$3.62,-$4.50,28-Mar-16,116-2036540-4818667,22-Q94M-YDGP,"Order Payment","Product charges",,$29.99,1,"Infused Cool Gel Ventilated Core Hypoallergenic MEMORY FOAM Pillow - Standard Ultra Soft Pillow",,,,,,,,,,,,,
-$1.06,-$2.34,-$2.85,28-Mar-16,103-7289431-0887429,H1-IGX2-R0XD,"Order Payment","Product charges",,$18.99,1,"Guardmax - Waterproof Mattress Protector Cover - Fitted Style - Quiet! - Full Size (54""x75"") - Skirt Stretches to 16""!",,,,,-$1.00,,,,,,,,
-$4.09,-$4.01,-$2.25,28-Mar-16,115-0596011-8521869,3Y-2VGV-AZ21,"Order Payment","Product charges",,$29.99,1,"Cool Gel Memory Foam Ventilated Core Hypoallergenic Standard Pillow",-$15.00,,,,,,,,,,,,
-$2.12,-$5.46,-$10.20,28-Mar-16,111-2983590-0734616,MU-GJ1I-VZ6O,"Order Payment","Product charges",,$67.98,2,"Guardmax - Bedbug Proof/Waterproof Mattress Protector Cover - Zippered Style - Quiet! - King Size (78""x80""x11"")",,,,,-$1.00,,,,,,,,
-$4.09,-$3.62,-$3.75,28-Mar-16,105-2464620-5312264,BQ-4FEP-C3OH,"Order Payment","Product charges",,$24.99,1,"Hypoallergenic Contour Bamboo Memory Foam Pillow Great for Relieving Neck and Shoulder Aches",,,,,,,,,,,,,
-$4.09,-$3.62,-$3.75,28-Mar-16,109-4675460-6423427,BQ-4FEP-C3OH,"Order Payment","Product charges",,$24.99,1,"Hypoallergenic Contour Bamboo Memory Foam Pillow Great for Relieving Neck and Shoulder Aches",,,,,,,,,,,,,
-$4.09,-$3.62,-$3.75,28-Mar-16,105-4389855-6702621,BQ-4FEP-C3OH,"Order Payment","Product charges",,$24.99,1,"Hypoallergenic Contour Bamboo Memory Foam Pillow Great for Relieving Neck and Shoulder Aches",,,,,,,,,,,,,
-$2.12,-$4.68,-$5.10,28-Mar-16,110-5183147-5660214,2O-P69W-826P,"Order Payment","Product charges",,$16.99,1,"Guardmax - Waterproof Mattress Protector Cover - Fitted Style - Quiet! - Twin Size (39""x75"") - Skirt Stretches to 16""!",,,,,-$1.00,,,,,,,,
-$4.09,-$3.62,-$3.75,28-Mar-16,002-6084879-5415408,BQ-4FEP-C3OH,"Order Payment","Product charges",,$24.99,1,"Hypoallergenic Contour Bamboo Memory Foam Pillow Great for Relieving Neck and Shoulder Aches",,,,,,,,,,,,,
-$4.09,-$3.62,-$3.75,28-Mar-16,116-4630309-7615425,BQ-4FEP-C3OH,"Order Payment","Product charges",,$24.99,1,"Hypoallergenic Contour Bamboo Memory Foam Pillow Great for Relieving Neck and Shoulder Aches",,,,,,,,,,,,,
-$4.09,-$4.01,-$2.25,28-Mar-16,111-4368557-5101818,3Y-2VGV-AZ21,"Order Payment","Product charges",,$29.99,1,"Cool Gel Memory Foam Ventilated Core Hypoallergenic Standard Pillow",-$15.00,,,,,,,,,,,,
-$1.06,-$2.73,-$5.10,28-Mar-16,106-4227978-9564213,MU-GJ1I-VZ6O,"Order Payment","Product charges",,$33.99,1,"Guardmax - Bedbug Proof/Waterproof Mattress Protector Cover - Zippered Style - Quiet! - King Size (78""x80""x11"")",,,,,-$1.00,,,,,,,,
-$4.09,-$3.62,-$3.75,28-Mar-16,105-1962183-5321866,BQ-4FEP-C3OH,"Order Payment","Product charges",,$24.99,1,"Hypoallergenic Contour Bamboo Memory Foam Pillow Great for Relieving Neck and Shoulder Aches",,,,,,,,,,,,,
-$4.09,-$3.62,-$3.75,28-Mar-16,115-7441928-4640225,BQ-4FEP-C3OH,"Order Payment","Product charges",,$24.99,1,"Hypoallergenic Contour Bamboo Memory Foam Pillow Great for Relieving Neck and Shoulder Aches",,,,,,,,,,,,,
-$4.09,-$3.62,-$4.50,28-Mar-16,115-3662984-6218608,22-Q94M-YDGP,"Order Payment","Product charges",,$29.99,1,"Infused Cool Gel Ventilated Core Hypoallergenic MEMORY FOAM Pillow - Standard Ultra Soft Pillow",,,$7.30,,,-$7.30,,,,,,,
-$8.18,-$7.24,-$7.50,28-Mar-16,105-7539620-9590627,BQ-4FEP-C3OH,"Order Payment","Product charges",,$24.99,1,"Hypoallergenic Contour Bamboo Memory Foam Pillow Great for Relieving Neck and Shoulder Aches",$0.00,-$6.49,$6.49,,,,,,,,,,
-$4.09,-$4.01,-$2.25,28-Mar-16,103-3521290-2265868,3Y-2VGV-AZ21,"Order Payment","Product charges",,$29.99,1,"Cool Gel Memory Foam Ventilated Core Hypoallergenic Standard Pillow",-$15.00,,,,,,,,,,,,
,,-$1.79,28-Mar-16,106-7190736-2282640,R6-ADU0-UQOZ,"Order Payment","Product charges",,$11.94,1,"Sunbeam Ultra Slim Space Saving Multi Tier Velvet Trouser Hangers (Pack of 3)",,,,,,,,,,,,,
-$1.06,-$0.96,-$2.40,28-Mar-16,105-1835301-5492261,0I-XXS8-8MCZ,"Order Payment","Product charges",,$15.99,1,"Mental Beats Xclusive High Quality Metal Earbuds With Mic and 4' FT Cable (Silver,)",,,,,-$1.00,,,,,,,,
-$4.09,-$3.62,-$4.50,28-Mar-16,114-7457046-3325869,22-Q94M-YDGP,"Order Payment","Product charges",,$29.99,1,"Infused Cool Gel Ventilated Core Hypoallergenic MEMORY FOAM Pillow - Standard Ultra Soft Pillow",,,,,,,,,,,,,
-$4.09,-$3.62,-$4.50,27-Mar-16,103-3259315-8056246,22-Q94M-YDGP,"Order Payment","Product charges",,$29.99,1,"Infused Cool Gel Ventilated Core Hypoallergenic MEMORY FOAM Pillow - Standard Ultra Soft Pillow",,,,,,,,,,,,,
-$4.09,-$3.62,-$3.75,27-Mar-16,110-8341445-3139461,BQ-4FEP-C3OH,"Order Payment","Product charges",,$24.99,1,"Hypoallergenic Contour Bamboo Memory Foam Pillow Great for Relieving Neck and Shoulder Aches",,,,,,,,,,,,,
-$1.06,-$2.34,-$2.55,27-Mar-16,113-4479710-4581857,2O-P69W-826P,"Order Payment","Product charges",,$16.99,1,"Guardmax - Waterproof Mattress Protector Cover - Fitted Style - Quiet! - Twin Size (39""x75"") - Skirt Stretches to 16""!",,,,,-$1.00,,,,,,,,
-$1.06,-$2.34,-$2.55,27-Mar-16,105-9451771-3080248,2O-P69W-826P,"Order Payment","Product charges",,$16.99,1,"Guardmax - Waterproof Mattress Protector Cover - Fitted Style - Quiet! - Twin Size (39""x75"") - Skirt Stretches to 16""!",,,,,-$1.00,,,,,,,,
-$1.06,-$2.34,-$2.85,27-Mar-16,113-4718747-5161000,H1-IGX2-R0XD,"Order Payment","Product charges",,$18.99,1,"Guardmax - Waterproof Mattress Protector Cover - Fitted Style - Quiet! - Full Size (54""x75"") - Skirt Stretches to 16""!",,,$7.68,,-$1.00,-$7.68,,,,,,,
-$1.06,-$2.34,-$2.55,27-Mar-16,106-1794776-5473054,2O-P69W-826P,"Order Payment","Product charges",,$16.99,1,"Guardmax - Waterproof Mattress Protector Cover - Fitted Style - Quiet! - Twin Size (39""x75"") - Skirt Stretches to 16""!",,,,,-$1.00,,,,,,,,
-$4.09,-$3.62,-$3.75,27-Mar-16,114-5324565-9474629,BQ-4FEP-C3OH,"Order Payment","Product charges",,$24.99,1,"Hypoallergenic Contour Bamboo Memory Foam Pillow Great for Relieving Neck and Shoulder Aches",,,,,,,,,,,,,
-$4.09,-$3.62,-$3.75,27-Mar-16,109-2046327-6002648,BQ-4FEP-C3OH,"Order Payment","Product charges",,$24.99,1,"Hypoallergenic Contour Bamboo Memory Foam Pillow Great for Relieving Neck and Shoulder Aches",,,,,,,,,,,,,
-$8.18,-$8.02,-$4.50,27-Mar-16,116-4642191-0848258,3Y-2VGV-AZ21,"Order Payment","Product charges",,$59.98,2,"Cool Gel Memory Foam Ventilated Core Hypoallergenic Standard Pillow",-$29.99,,,,,,,,,,,,
-$1.06,-$0.96,-$1.87,27-Mar-16,111-5425280-2638624,7W-PCJO-3BVK,"Order Payment","Product charges",,$24.99,1,"Xpert DEEP BASS Ultimate Comfort Pillow Soft Over the Ear Headphones with Mic (Black)",-$12.50,,$5.55,,-$1.00,-$5.55,,,,,,,
-$1.06,-$0.96,-$1.35,27-Mar-16,115-1185381-7469828,FV-XXFT-7P69,"Order Payment","Product charges",,$8.99,1,"My Little Pony Soft Tote Lunch Box",,,,,-$1.00,,,,,,,,
-$4.09,-$4.01,-$2.25,27-Mar-16,113-6807343-8573834,3Y-2VGV-AZ21,"Order Payment","Product charges",,$29.99,1,"Cool Gel Memory Foam Ventilated Core Hypoallergenic Standard Pillow",-$15.00,,,,,,,,,,,,
-$4.09,-$3.62,-$4.50,26-Mar-16,114-3798482-8674607,22-Q94M-YDGP,"Order Payment","Product charges",,$29.99,1,"Infused Cool Gel Ventilated Core Hypoallergenic MEMORY FOAM Pillow - Standard Ultra Soft Pillow",,,,,,,,,,,,,
-$1.06,-$2.34,-$2.85,26-Mar-16,115-7464352-9549053,H1-IGX2-R0XD,"Order Payment","Product charges",,$18.99,1,"Guardmax - Waterproof Mattress Protector Cover - Fitted Style - Quiet! - Full Size (54""x75"") - Skirt Stretches to 16""!",,,,,-$1.00,,,,,,,,
-$8.18,-$7.24,-$9.00,26-Mar-16,102-2527454-6560238,22-Q94M-YDGP,"Order Payment","Product charges",,$59.98,2,"Infused Cool Gel Ventilated Core Hypoallergenic MEMORY FOAM Pillow - Standard Ultra Soft Pillow",,,,,,,,,,,,,
-$1.06,-$0.96,-$1.35,26-Mar-16,111-5100305-4027453,FV-XXFT-7P69,"Order Payment","Product charges",,$8.99,1,"My Little Pony Soft Tote Lunch Box",,,,,-$1.00,,,,,,,,
-$4.09,-$4.01,-$2.25,26-Mar-16,102-5889047-8700257,3Y-2VGV-AZ21,"Order Payment","Product charges",,$29.99,1,"Cool Gel Memory Foam Ventilated Core Hypoallergenic Standard Pillow",-$15.00,,,,,,,,,,,,
-$4.09,-$3.62,-$3.75,26-Mar-16,002-2557573-6369856,BQ-4FEP-C3OH,"Order Payment","Product charges",,$24.99,1,"Hypoallergenic Contour Bamboo Memory Foam Pillow Great for Relieving Neck and Shoulder Aches",,,$3.99,,,-$3.99,,,,,,,
-$4.09,-$3.62,-$4.50,26-Mar-16,112-5686813-7721069,22-Q94M-YDGP,"Order Payment","Product charges",,$29.99,1,"Infused Cool Gel Ventilated Core Hypoallergenic MEMORY FOAM Pillow - Standard Ultra Soft Pillow",,,,,,,,,,,,,
-$4.09,-$3.62,-$3.75,26-Mar-16,113-6322679-0570632,BQ-4FEP-C3OH,"Order Payment","Product charges",,$24.99,1,"Hypoallergenic Contour Bamboo Memory Foam Pillow Great for Relieving Neck and Shoulder Aches",$0.00,,,,,,,,,,,,
-$4.09,-$3.62,-$4.50,26-Mar-16,002-3389584-2510618,22-Q94M-YDGP,"Order Payment","Product charges",,$29.99,1,"Infused Cool Gel Ventilated Core Hypoallergenic MEMORY FOAM Pillow - Standard Ultra Soft Pillow",,,,,,,,,,,,,
-$4.09,-$4.01,-$2.25,26-Mar-16,104-6880137-7346645,3Y-2VGV-AZ21,"Order Payment","Product charges",,$29.99,1,"Cool Gel Memory Foam Ventilated Core Hypoallergenic Standard Pillow",-$15.00,,,,,,,,,,,,
-$4.09,-$3.62,-$3.75,26-Mar-16,102-3217018-3160252,BQ-4FEP-C3OH,"Order Payment","Product charges",,$24.99,1,"Hypoallergenic Contour Bamboo Memory Foam Pillow Great for Relieving Neck and Shoulder Aches",,,,,,,,,,,,,
-$4.09,-$3.62,-$3.75,26-Mar-16,106-8966224-1664212,BQ-4FEP-C3OH,"Order Payment","Product charges",,$24.99,1,"Hypoallergenic Contour Bamboo Memory Foam Pillow Great for Relieving Neck and Shoulder Aches",,,,,,,,,,,,,
-$4.09,-$3.62,-$3.75,26-Mar-16,112-1689274-6818623,BQ-4FEP-C3OH,"Order Payment","Product charges",,$24.99,1,"Hypoallergenic Contour Bamboo Memory Foam Pillow Great for Relieving Neck and Shoulder Aches",,,,,,,,,,,,,
-$4.09,-$8.69,-$7.05,26-Mar-16,102-4866493-0413009,IM-VFRS-GRIO,"Order Payment","Product charges",,$46.99,1,"Humanscale Zon Air Purifier in Red",,,,,,,,,,,,,
-$4.09,-$4.01,-$2.25,26-Mar-16,002-6852257-6356216,3Y-2VGV-AZ21,"Order Payment","Product charges",,$29.99,1,"Cool Gel Memory Foam Ventilated Core Hypoallergenic Standard Pillow",-$15.00,,,,,,,,,,,,
-$4.09,-$4.01,-$2.25,26-Mar-16,106-1053440-2253020,3Y-2VGV-AZ21,"Order Payment","Product charges",,$29.99,1,"Cool Gel Memory Foam Ventilated Core Hypoallergenic Standard Pillow",-$15.00,,,,,,,,,,,,
-$4.09,-$4.01,-$2.25,26-Mar-16,110-8605803-9845040,3Y-2VGV-AZ21,"Order Payment","Product charges",,$29.99,1,"Cool Gel Memory Foam Ventilated Core Hypoallergenic Standard Pillow",-$15.00,,,,,,,,,,,,
-$4.09,-$3.62,-$4.50,26-Mar-16,109-4642115-0874659,22-Q94M-YDGP,"Order Payment","Product charges",,$29.99,1,"Infused Cool Gel Ventilated Core Hypoallergenic MEMORY FOAM Pillow - Standard Ultra Soft Pillow",,,,,,,,,,,,,
-$4.09,-$3.62,-$4.50,25-Mar-16,108-2442289-9434635,22-Q94M-YDGP,"Order Payment","Product charges",,$29.99,1,"Infused Cool Gel Ventilated Core Hypoallergenic MEMORY FOAM Pillow - Standard Ultra Soft Pillow",,,,,,,,,,,,,
-$4.09,-$4.01,-$2.25,25-Mar-16,102-9847091-0605051,3Y-2VGV-AZ21,"Order Payment","Product charges",,$29.99,1,"Cool Gel Memory Foam Ventilated Core Hypoallergenic Standard Pillow",-$15.00,,,,,,,,,,,,
-$4.09,-$4.01,-$2.25,25-Mar-16,111-1287328-8269022,3Y-2VGV-AZ21,"Order Payment","Product charges",,$29.99,1,"Cool Gel Memory Foam Ventilated Core Hypoallergenic Standard Pillow",-$15.00,,,,,,,,,,,,
-$4.09,-$8.30,-$6.75,25-Mar-16,110-4817395-5661835,Q3-3IFR-V1ZN,"Order Payment","Product charges",,$44.99,1,"Humanscale Zon Air Purifier in White",,,,,,,,,,,,,
-$4.09,-$4.01,-$2.25,25-Mar-16,112-4428586-6441066,3Y-2VGV-AZ21,"Order Payment","Product charges",,$29.99,1,"Cool Gel Memory Foam Ventilated Core Hypoallergenic Standard Pillow",-$15.00,,,,,,,,,,,,
-$4.09,-$4.01,-$2.25,25-Mar-16,115-6789364-8372249,3Y-2VGV-AZ21,"Order Payment","Product charges",,$29.99,1,"Cool Gel Memory Foam Ventilated Core Hypoallergenic Standard Pillow",-$15.00,,,,,,,,,,,,
-$4.09,-$4.01,-$2.25,25-Mar-16,002-1131402-0745864,3Y-2VGV-AZ21,"Order Payment","Product charges",,$29.99,1,"Cool Gel Memory Foam Ventilated Core Hypoallergenic Standard Pillow",-$15.00,,,,,,,,,,,,
-$4.09,-$3.62,-$3.75,25-Mar-16,116-8681050-8515468,BQ-4FEP-C3OH,"Order Payment","Product charges",,$24.99,1,"Hypoallergenic Contour Bamboo Memory Foam Pillow Great for Relieving Neck and Shoulder Aches",,,,,,,,,,,,,
-$4.09,-$3.62,-$4.50,25-Mar-16,002-7003421-0170618,22-Q94M-YDGP,"Order Payment","Product charges",,$29.99,1,"Infused Cool Gel Ventilated Core Hypoallergenic MEMORY FOAM Pillow - Standard Ultra Soft Pillow",,,,,,,,,,,,,
-$2.12,-$4.68,-$5.10,25-Mar-16,110-3748519-1146642,2O-P69W-826P,"Order Payment","Product charges",,$33.98,2,"Guardmax - Waterproof Mattress Protector Cover - Fitted Style - Quiet! - Twin Size (39""x75"") - Skirt Stretches to 16""!",,,,,-$1.00,,,,,,,,
-$4.09,-$4.01,-$2.25,25-Mar-16,002-6034283-7862616,3Y-2VGV-AZ21,"Order Payment","Product charges",,$29.99,1,"Cool Gel Memory Foam Ventilated Core Hypoallergenic Standard Pillow",-$15.00,,,,,,,,,,,,
-$1.06,-$2.34,-$4.05,25-Mar-16,106-9285981-9005864,NC-G0TY-M0V9,"Order Payment","Product charges",,$26.99,1,"Guardmax - Bedbug Proof/Waterproof Mattress Protector Cover - Zippered Style - Quiet! - Twin Size (39""x75""x9"")",,,,,-$1.00,,,,,,,,
-$4.09,-$4.01,-$2.25,25-Mar-16,109-5285948-8631464,3Y-2VGV-AZ21,"Order Payment","Product charges",,$29.99,1,"Cool Gel Memory Foam Ventilated Core Hypoallergenic Standard Pillow",-$15.00,,,,,,,,,,,,
-$4.09,-$3.62,-$3.75,25-Mar-16,112-0156673-7457828,BQ-4FEP-C3OH,"Order Payment","Product charges",,$24.99,1,"Hypoallergenic Contour Bamboo Memory Foam Pillow Great for Relieving Neck and Shoulder Aches",,,,,,,,,,,,,
-$4.09,-$3.62,-$3.75,25-Mar-16,104-7748505-4925856,BQ-4FEP-C3OH,"Order Payment","Product charges",,$24.99,1,"Hypoallergenic Contour Bamboo Memory Foam Pillow Great for Relieving Neck and Shoulder Aches",,,,,,,,,,,,,
-$4.09,-$4.01,-$2.25,25-Mar-16,110-8667563-9230669,3Y-2VGV-AZ21,"Order Payment","Product charges",,$29.99,1,"Cool Gel Memory Foam Ventilated Core Hypoallergenic Standard Pillow",-$15.00,,,,,,,,,,,,
-$2.12,-$4.68,-$8.40,25-Mar-16,115-8495156-2203443,73-SYT3-QHBY,"Order Payment","Product charges",,$55.98,2,"Guardmax - Bedbug Proof/Waterproof Mattress Protector Cover - Zippered Style - Quiet! - Full Size (54""x75""x11"")",,,,,-$1.00,,,,,,,,
,,,,,,,,,,,,,,,,,,-$10.76,,,,,,
-$1.06,-$2.34,-$4.05,25-Mar-16,114-2368161-3536261,NC-G0TY-M0V9,"Order Payment","Product charges",,$26.99,1,"Guardmax - Bedbug Proof/Waterproof Mattress Protector Cover - Zippered Style - Quiet! - Twin Size (39""x75""x9"")",,,,,-$1.00,,,,,,,,
-$1.06,-$2.34,-$2.85,25-Mar-16,116-4441730-5497821,H1-IGX2-R0XD,"Order Payment","Product charges",,$18.99,1,"Guardmax - Waterproof Mattress Protector Cover - Fitted Style - Quiet! - Full Size (54""x75"") - Skirt Stretches to 16""!",$0.00,,,,-$1.00,,,,,,,,
,,,,,,,,,,,,,,,,,,-$27.46,-$39.99,,,,,
-$1.06,-$2.34,-$2.85,25-Mar-16,104-0342571-4333000,H1-IGX2-R0XD,"Order Payment","Product charges",,$18.99,1,"Guardmax - Waterproof Mattress Protector Cover - Fitted Style - Quiet! - Full Size (54""x75"") - Skirt Stretches to 16""!",,,,,-$1.00,,,,,,,,
-$4.09,-$3.62,-$3.75,25-Mar-16,112-6581648-1485814,BQ-4FEP-C3OH,"Order Payment","Product charges",,$24.99,1,"Hypoallergenic Contour Bamboo Memory Foam Pillow Great for Relieving Neck and Shoulder Aches",,,,,,,,,,,,,
-$1.06,-$0.96,-$1.87,25-Mar-16,106-3307312-2473818,7W-PCJK-3BVK,"Order Payment","Product charges",,$24.99,1,"Xpert DEEP BASS Ultimate Comfort Pillow Soft Over the Ear Headphones with Mic (Champagne)",-$12.50,-$3.03,$3.03,,-$1.00,,,,,,,,
-$4.09,-$3.62,-$3.75,25-Mar-16,114-9666342-3222639,BQ-4FEP-C3OH,"Order Payment","Product charges",,$24.99,1,"Hypoallergenic Contour Bamboo Memory Foam Pillow Great for Relieving Neck and Shoulder Aches",,,,,,,,,,,,,
-$1.06,-$2.34,-$2.85,25-Mar-16,106-3027946-5255421,H1-IGX2-R0XD,"Order Payment","Product charges",,$18.99,1,"Guardmax - Waterproof Mattress Protector Cover - Fitted Style - Quiet! - Full Size (54""x75"") - Skirt Stretches to 16""!",,,,,-$1.00,,,,,,,,
-$4.09,-$3.62,-$3.75,25-Mar-16,104-7354895-0461806,BQ-4FEP-C3OH,"Order Payment","Product charges",,$24.99,1,"Hypoallergenic Contour Bamboo Memory Foam Pillow Great for Relieving Neck and Shoulder Aches",,,$7.19,,,-$7.19,,,,,,,
-$4.09,-$3.62,-$3.75,25-Mar-16,115-9740492-3871405,BQ-4FEP-C3OH,"Order Payment","Product charges",,$24.99,1,"Hypoallergenic Contour Bamboo Memory Foam Pillow Great for Relieving Neck and Shoulder Aches",,,$7.19,,,-$7.19,,,,,,,
-$1.06,-$0.96,-$3.75,25-Mar-16,111-8480632-6151422,35-XQ66-Y2X5,"Order Payment","Product charges",,$24.99,1,"Xpert DEEP BASS Ultimate Comfort Pillow Soft Over the Ear Headphones with Mic (White)",,,,,-$1.00,,,,,,,,
-$4.09,-$4.01,-$2.25,25-Mar-16,103-2387851-0080259,3Y-2VGV-AZ21,"Order Payment","Product charges",,$29.99,1,"Cool Gel Memory Foam Ventilated Core Hypoallergenic Standard Pillow",-$15.00,,,,,,,,,,,,
-$1.06,-$2.34,-$4.20,25-Mar-16,112-1923586-3613002,73-SYT3-QHBY,"Order Payment","Product charges",,$27.99,1,"Guardmax - Bedbug Proof/Waterproof Mattress Protector Cover - Zippered Style - Quiet! - Full Size (54""x75""x11"")",,,,,-$1.00,,,,,,,,
-$4.09,-$4.01,-$4.50,25-Mar-16,002-5822777-4933866,3Y-2VGV-AZ21,"Order Payment","Product charges",,$29.99,1,"Cool Gel Memory Foam Ventilated Core Hypoallergenic Standard Pillow",,,,,,,,,,,,,
-$1.06,-$2.34,-$4.05,25-Mar-16,108-2207327-2928253,NC-G0TY-M0V9,"Order Payment","Product charges",,$26.99,1,"Guardmax - Bedbug Proof/Waterproof Mattress Protector Cover - Zippered Style - Quiet! - Twin Size (39""x75""x9"")",,,,,-$1.00,,,,,,,,
-$4.09,-$4.01,-$2.25,25-Mar-16,113-1339683-0819426,3Y-2VGV-AZ21,"Order Payment","Product charges",,$29.99,1,"Cool Gel Memory Foam Ventilated Core Hypoallergenic Standard Pillow",-$15.00,,,,,,,,,,,,
-$4.09,-$4.01,-$2.25,25-Mar-16,002-4375510-2453834,3Y-2VGV-AZ21,"Order Payment","Product charges",,$29.99,1,"Cool Gel Memory Foam Ventilated Core Hypoallergenic Standard Pillow",-$15.00,,,,,,,,,,,,
-$4.09,-$4.01,-$2.25,25-Mar-16,115-8782657-3757046,3Y-2VGV-AZ21,"Order Payment","Product charges",,$29.99,1,"Cool Gel Memory Foam Ventilated Core Hypoallergenic Standard Pillow",-$15.00,,,,,,,,,,,,
-$4.09,-$3.62,-$4.50,24-Mar-16,104-9147319-2893050,22-Q94M-YDGP,"Order Payment","Product charges",,$29.99,1,"Infused Cool Gel Ventilated Core Hypoallergenic MEMORY FOAM Pillow - Standard Ultra Soft Pillow",,,,,,,,,,,,,
-$4.09,-$4.01,-$2.25,24-Mar-16,107-9181907-7309864,3Y-2VGV-AZ21,"Order Payment","Product charges",,$29.99,1,"Cool Gel Memory Foam Ventilated Core Hypoallergenic Standard Pillow",-$15.00,,,,,,,,,,,,
-$2.12,-$4.68,-$8.40,24-Mar-16,002-0998266-6531465,73-SYT3-QHBY,"Order Payment","Product charges",,$27.99,1,"Guardmax - Bedbug Proof/Waterproof Mattress Protector Cover - Zippered Style - Quiet! - Full Size (54""x75""x11"")",$0.00,-$5.99,$5.99,,-$1.00,,,,,,,,
-$1.06,-$2.73,-$5.10,24-Mar-16,115-2437567-1436232,MU-GJ1I-VZ6O,"Order Payment","Product charges",,$33.99,1,"Guardmax - Bedbug Proof/Waterproof Mattress Protector Cover - Zippered Style - Quiet! - King Size (78""x80""x11"")",,,,,-$1.00,,,,,,,,
-$4.09,-$8.30,-$6.75,24-Mar-16,107-7394912-1453057,Q3-3IFR-V1ZN,"Order Payment","Product charges",,$44.99,1,"Humanscale Zon Air Purifier in White",,,,,,,,,,,,,
,,$6.90,24-Mar-16,107-3883630-8786630,Q3-3IFR-V1ZN,Refund,"Product charges",,-$45.99,1,"Humanscale Zon Air Purifier in White",,,-$13.98,-$1.38,,$13.98,,,,,,,
-$4.09,-$4.01,-$2.25,24-Mar-16,109-0590208-5923457,3Y-2VGV-AZ21,"Order Payment","Product charges",,$29.99,1,"Cool Gel Memory Foam Ventilated Core Hypoallergenic Standard Pillow",-$15.00,,,,,,,,,,,,
-$1.06,-$2.34,-$4.20,24-Mar-16,105-6510201-1666611,73-SYT3-QHBY,"Order Payment","Product charges",,$27.99,1,"Guardmax - Bedbug Proof/Waterproof Mattress Protector Cover - Zippered Style - Quiet! - Full Size (54""x75""x11"")",,,,,-$1.00,,,,,,,,
-$1.06,-$0.96,-$1.87,24-Mar-16,109-3151361-1632236,7W-PCJM-3BVK,"Order Payment","Product charges",,$24.99,1,"Xpert DEEP BASS Ultimate Comfort Pillow Soft Over the Ear Headphones with Mic (Red)",$0.00,,,,-$1.00,,,,,,,,
-$8.18,-$7.24,-$7.50,24-Mar-16,112-5217718-5517041,BQ-4FEP-C3OH,"Order Payment","Product charges",,$24.99,1,"Hypoallergenic Contour Bamboo Memory Foam Pillow Great for Relieving Neck and Shoulder Aches",,,,,,,,,,,,,
,,$3.00,24-Mar-16,114-9346052-1361066,BQ-4FEP-C3OH,Refund,"Product charges",,-$19.99,1,"Hypoallergenic Contour Bamboo Memory Foam Pillow Great for Relieving Neck and Shoulder Aches",,,,-$0.60,,,,,,,,,
-$1.06,-$2.34,-$4.20,24-Mar-16,111-0856021-1501018,73-SYT3-QHBY,"Order Payment","Product charges",,$27.99,1,"Guardmax - Bedbug Proof/Waterproof Mattress Protector Cover - Zippered Style - Quiet! - Full Size (54""x75""x11"")",,,$4.99,,-$1.00,-$4.99,,,,,,,
,,$3.75,24-Mar-16,104-5839282-6249004,22-Q94M-YDGP,Refund,"Product charges",,-$24.99,1,"Infused Cool Gel Ventilated Core Hypoallergenic MEMORY FOAM Pillow - Standard Ultra Soft Pillow",,,,-$0.75,,,,,,,,,
-$1.06,-$2.34,-$2.85,24-Mar-16,102-8068564-0067457,H1-IGX2-R0XD,"Order Payment","Product charges",,$18.99,1,"Guardmax - Waterproof Mattress Protector Cover - Fitted Style - Quiet! - Full Size (54""x75"") - Skirt Stretches to 16""!",,,,,-$1.00,,,,,,,,
-$4.09,-$3.62,-$3.75,24-Mar-16,114-7469415-4097049,BQ-4FEP-C3OH,"Order Payment","Product charges",,$24.99,1,"Hypoallergenic Contour Bamboo Memory Foam Pillow Great for Relieving Neck and Shoulder Aches",,,,,,,,,,,,,
-$1.06,-$2.34,-$4.05,24-Mar-16,108-4128069-6029057,NC-G0TY-M0V9,"Order Payment","Product charges",,$26.99,1,"Guardmax - Bedbug Proof/Waterproof Mattress Protector Cover - Zippered Style - Quiet! - Twin Size (39""x75""x9"")",,,$4.99,,-$1.00,-$4.99,,,,,,,
-$1.06,-$0.96,-$1.80,24-Mar-16,115-3207000-6604205,CM-O188-8KK2,"Order Payment","Product charges",,$11.99,1,"Mental Beats ICON High Quality Earbuds with 4' FT Tangle Free Cable with Mic (Black)",,,,,-$1.00,,,,,,,,
-$1.06,-$2.34,-$2.85,24-Mar-16,114-3292913-5481807,H1-IGX2-R0XD,"Order Payment","Product charges",,$18.99,1,"Guardmax - Waterproof Mattress Protector Cover - Fitted Style - Quiet! - Full Size (54""x75"") - Skirt Stretches to 16""!",,,,,-$1.00,,,,,,,,
,,$3.75,24-Mar-16,104-5558628-9799459,22-Q94M-YDGP,Refund,"Product charges",,-$24.99,1,"Infused Cool Gel Ventilated Core Hypoallergenic MEMORY FOAM Pillow - Standard Ultra Soft Pillow",,,,-$0.75,,,,,,,,,
-$4.09,-$3.62,-$3.75,24-Mar-16,109-2712046-5497046,BQ-4FEP-C3OH,"Order Payment","Product charges",,$24.99,1,"Hypoallergenic Contour Bamboo Memory Foam Pillow Great for Relieving Neck and Shoulder Aches",,,$3.99,,,-$3.99,,,,,,,
-$8.18,-$8.02,-$4.50,24-Mar-16,108-0701839-9436218,3Y-2VGV-AZ21,"Order Payment","Product charges",,$59.98,2,"Cool Gel Memory Foam Ventilated Core Hypoallergenic Standard Pillow",-$29.99,,,,,,,,,,,,
-$1.06,-$2.34,-$2.85,24-Mar-16,102-7299542-1176225,H1-IGX2-R0XD,"Order Payment","Product charges",,$18.99,1,"Guardmax - Waterproof Mattress Protector Cover - Fitted Style - Quiet! - Full Size (54""x75"") - Skirt Stretches to 16""!",,,,,-$1.00,,,,,,,,
-$4.09,-$3.62,-$3.75,24-Mar-16,114-6346564-6389863,BQ-4FEP-C3OH,"Order Payment","Product charges",,$24.99,1,"Hypoallergenic Contour Bamboo Memory Foam Pillow Great for Relieving Neck and Shoulder Aches",,,,,,,,,,,,,
-$4.09,-$3.62,-$3.75,24-Mar-16,103-9878368-6087464,BQ-4FEP-C3OH,"Order Payment","Product charges",,$24.99,1,"Hypoallergenic Contour Bamboo Memory Foam Pillow Great for Relieving Neck and Shoulder Aches",,,$3.99,,,-$3.99,,,,,,,
,,,,,,,,,,,,,,,,,,-$7.33,,,,,,
-$4.09,-$3.62,-$4.50,24-Mar-16,102-0278620-3129832,22-Q94M-YDGP,"Order Payment","Product charges",,$29.99,1,"Infused Cool Gel Ventilated Core Hypoallergenic MEMORY FOAM Pillow - Standard Ultra Soft Pillow",,,,,,,,,,,,,
-$4.09,-$4.01,-$2.25,24-Mar-16,105-0627071-3764220,3Y-2VGV-AZ21,"Order Payment","Product charges",,$29.99,1,"Cool Gel Memory Foam Ventilated Core Hypoallergenic Standard Pillow",-$15.00,,,,,,,,,,,,
-$4.09,-$4.01,-$2.25,24-Mar-16,105-2207199-3261029,3Y-2VGV-AZ21,"Order Payment","Product charges",,$29.99,1,"Cool Gel Memory Foam Ventilated Core Hypoallergenic Standard Pillow",-$15.00,,,,,,,,,,,,
-$4.09,-$4.01,-$2.25,24-Mar-16,113-4841788-1528210,3Y-2VGV-AZ21,"Order Payment","Product charges",,$29.99,1,"Cool Gel Memory Foam Ventilated Core Hypoallergenic Standard Pillow",-$15.00,,,,,,,,,,,,
-$4.09,-$3.62,-$3.00,24-Mar-16,111-6865800-8340249,BQ-4FEP-C3OH,"Order Payment","Product charges",,$19.99,1,"Hypoallergenic Contour Bamboo Memory Foam Pillow Great for Relieving Neck and Shoulder Aches",,,$4.37,,,-$4.37,,,,,,,
-$4.09,-$3.62,-$3.75,24-Mar-16,110-2041638-8573834,BQ-4FEP-C3OH,"Order Payment","Product charges",,$24.99,1,"Hypoallergenic Contour Bamboo Memory Foam Pillow Great for Relieving Neck and Shoulder Aches",,,,,,,,,,,,,
,,-$5.10,24-Mar-16,104-4814410-4601861,7L-E2XK-GJ7X,"Order Payment","Product charges",,$33.99,1,"Comfort Zone CZST161BTEBK Pedestal Fan",,,,,,,,,,,,,
-$4.09,-$3.62,-$3.75,24-Mar-16,002-2795588-4931444,BQ-4FEP-C3OH,"Order Payment","Product charges",,$24.99,1,"Hypoallergenic Contour Bamboo Memory Foam Pillow Great for Relieving Neck and Shoulder Aches",$0.00,,,,,,,,,,,,
-$4.09,-$3.62,-$3.00,24-Mar-16,113-9178746-7949812,BQ-4FEP-C3OH,"Order Payment","Product charges",,$19.99,1,"Hypoallergenic Contour Bamboo Memory Foam Pillow Great for Relieving Neck and Shoulder Aches",,,$2.30,,,-$2.30,,,,,,,
-$4.09,-$3.62,-$3.75,24-Mar-16,113-9731737-7361857,22-Q94M-YDGP,"Order Payment","Product charges",,$24.99,1,"Infused Cool Gel Ventilated Core Hypoallergenic MEMORY FOAM Pillow - Standard Ultra Soft Pillow",$0.00,,,,,,,,,,,,
-$2.12,-$4.68,-$8.10,24-Mar-16,105-4116149-7938653,NC-G0TY-M0V9,"Order Payment","Product charges",,$53.98,2,"Guardmax - Bedbug Proof/Waterproof Mattress Protector Cover - Zippered Style - Quiet! - Twin Size (39""x75""x9"")",,,,,-$1.00,,,,,,,,
-$4.09,-$3.62,-$3.75,23-Mar-16,102-3187666-6401824,BQ-4FEP-C3OH,"Order Payment","Product charges",,$24.99,1,"Hypoallergenic Contour Bamboo Memory Foam Pillow Great for Relieving Neck and Shoulder Aches",,,,,,,,,,,,,
-$4.09,-$3.62,-$3.75,23-Mar-16,105-5215294-2170635,BQ-4FEP-C3OH,"Order Payment","Product charges",,$24.99,1,"Hypoallergenic Contour Bamboo Memory Foam Pillow Great for Relieving Neck and Shoulder Aches",,,,,,,,,,,,,
-$4.09,-$3.62,-$3.00,23-Mar-16,105-1407853-5943417,BQ-4FEP-C3OH,"Order Payment","Product charges",,$19.99,1,"Hypoallergenic Contour Bamboo Memory Foam Pillow Great for Relieving Neck and Shoulder Aches",$0.00,-$2.06,$2.06,,,,,,,,,,
-$4.09,-$8.69,-$7.35,23-Mar-16,108-8930245-4150622,IM-VFRS-GRIO,"Order Payment","Product charges",,$48.99,1,"Humanscale Zon Air Purifier in Red",$0.00,-$9.82,$9.82,,,,,,,,,,
-$4.09,-$3.62,-$3.75,23-Mar-16,104-4747847-2901017,BQ-4FEP-C3OH,"Order Payment","Product charges",,$24.99,1,"Hypoallergenic Contour Bamboo Memory Foam Pillow Great for Relieving Neck and Shoulder Aches",,,$7.19,,,-$7.19,,,,,,,
-$1.06,-$0.96,-$1.64,23-Mar-16,108-5451754-8941056,EA-BWCC-HYPB,"Order Payment","Product charges",,$10.95,1,"100% Cotton - Pillow Protector - Zippered Style - Set of 2 - 200 Thread Count - Standard Size (20x26"")",$0.00,,,,-$1.00,,,,,,,,
-$1.06,-$2.73,-$5.10,23-Mar-16,108-7757642-2341002,MU-GJ1I-VZ6O,"Order Payment","Product charges",,$33.99,1,"Guardmax - Bedbug Proof/Waterproof Mattress Protector Cover - Zippered Style - Quiet! - King Size (78""x80""x11"")",,,$5.99,,-$1.00,-$5.99,,,,,,,
,,,,,,,,,,,,,,,,,,-$18.56,,,,,,
-$1.06,-$0.96,-$1.64,23-Mar-16,112-1224174-1205060,EA-BWCC-HYPB,"Order Payment","Product charges",,$10.95,1,"100% Cotton - Pillow Protector - Zippered Style - Set of 2 - 200 Thread Count - Standard Size (20x26"")",,,,,-$1.00,,,,,,,,
-$1.06,-$0.96,-$3.75,23-Mar-16,114-0804722-8001848,7W-PCJM-3BVK,"Order Payment","Product charges",,$24.99,1,"Xpert DEEP BASS Ultimate Comfort Pillow Soft Over the Ear Headphones with Mic (Red)",,,,,-$1.00,,,,,,,,
-$4.09,-$3.62,-$3.75,23-Mar-16,116-8709548-1834637,22-Q94M-YDGP,"Order Payment","Product charges",,$24.99,1,"Infused Cool Gel Ventilated Core Hypoallergenic MEMORY FOAM Pillow - Standard Ultra Soft Pillow",,,,,,,,,,,,,
-$4.09,-$3.62,-$3.75,23-Mar-16,104-5817030-9769022,22-Q94M-YDGP,"Order Payment","Product charges",,$24.99,1,"Infused Cool Gel Ventilated Core Hypoallergenic MEMORY FOAM Pillow - Standard Ultra Soft Pillow",,,$7.30,,,-$7.30,,,,,,,
-$1.06,-$2.34,-$4.20,23-Mar-16,108-1018473-3494661,73-SYT3-QHBY,"Order Payment","Product charges",,$27.99,1,"Guardmax - Bedbug Proof/Waterproof Mattress Protector Cover - Zippered Style - Quiet! - Full Size (54""x75""x11"")",,,,,-$1.00,,,,,,,,
-$1.06,-$2.34,-$4.20,23-Mar-16,110-5561290-8250642,73-SYT3-QHBY,"Order Payment","Product charges",,$27.99,1,"Guardmax - Bedbug Proof/Waterproof Mattress Protector Cover - Zippered Style - Quiet! - Full Size (54""x75""x11"")",,,,,-$1.00,,,,,,,,
-$1.06,-$2.73,-$5.10,23-Mar-16,112-7730371-3409064,MU-GJ1I-VZ6O,"Order Payment","Product charges",,$33.99,1,"Guardmax - Bedbug Proof/Waterproof Mattress Protector Cover - Zippered Style - Quiet! - King Size (78""x80""x11"")",,,,,-$1.00,,,,,,,,
-$1.06,-$0.96,-$1.87,23-Mar-16,113-8031987-7272218,35-XQ66-Y2X5,"Order Payment","Product charges",,$24.99,1,"Xpert DEEP BASS Ultimate Comfort Pillow Soft Over the Ear Headphones with Mic (White)",-$12.50,,$5.44,,-$1.00,-$5.44,,,,,,,
-$1.06,-$0.96,-$3.00,23-Mar-16,103-4009557-1705849,3G-5P9S-KWAT,"Order Payment","Product charges",,$19.99,1,"Mental Beats Xcentric Earbuds with Metal Mic Includes Tangle Free Flatwire Cord (Silver)",,,,,-$1.00,,,,,,,,
-$4.09,-$8.30,-$6.90,22-Mar-16,115-3413915-0243465,Q3-3IFR-V1ZN,"Order Payment","Product charges",,$45.99,1,"Humanscale Zon Air Purifier in White",$0.00,-$8.87,$8.87,,,,,,,,,,
-$1.06,-$0.96,-$1.35,22-Mar-16,115-0532382-8349020,FV-XXFT-7P69,"Order Payment","Product charges",,$8.99,1,"My Little Pony Soft Tote Lunch Box",,,,,-$1.00,,,,,,,,
-$12.27,-$10.86,-$11.25,22-Mar-16,110-3652060-8357835,BQ-4FEP-C3OH,"Order Payment","Product charges",,$74.97,3,"Hypoallergenic Contour Bamboo Memory Foam Pillow Great for Relieving Neck and Shoulder Aches",,,,,,,,,,,,,
-$4.09,-$8.69,-$7.50,22-Mar-16,115-0530111-9723417,AQ-1M7T-VZVT,"Order Payment","Product charges",,$49.99,1,"Humanscale Zon Air Purifier in Black",,,,,,,,,,,,,
-$12.27,-$10.86,-$11.25,22-Mar-16,102-6488333-8174616,BQ-4FEP-C3OH,"Order Payment","Product charges",,$24.99,1,"Hypoallergenic Contour Bamboo Memory Foam Pillow Great for Relieving Neck and Shoulder Aches",,,,,,,,,,,,,
-$1.06,-$0.96,-$3.75,22-Mar-16,115-8725820-3815438,35-XQ66-Y2X5,"Order Payment","Product charges",,$24.99,1,"Xpert DEEP BASS Ultimate Comfort Pillow Soft Over the Ear Headphones with Mic (White)",$0.00,-$2.94,$2.94,,-$1.00,,,,,,,,
-$1.06,-$0.96,-$3.00,22-Mar-16,114-3405578-9938639,86-XBMI-Q597,"Order Payment","Product charges",,$19.99,1,"Mental Beats Xcentric Earbuds with Metal Mic Includes Tangle Free Flatwire Cord (Gold )",,,,,-$1.00,,,,,,,,
-$4.09,-$3.62,-$3.75,22-Mar-16,114-9099227-4078627,BQ-4FEP-C3OH,"Order Payment","Product charges",,$24.99,1,"Hypoallergenic Contour Bamboo Memory Foam Pillow Great for Relieving Neck and Shoulder Aches",,,,,,,,,,,,,
-$4.09,-$3.62,-$3.00,22-Mar-16,106-7046553-3804263,BQ-4FEP-C3OH,"Order Payment","Product charges",,$19.99,1,"Hypoallergenic Contour Bamboo Memory Foam Pillow Great for Relieving Neck and Shoulder Aches",,,,,,,,,,,,,
,,$3.00,22-Mar-16,002-3349759-4059469,BQ-4FEP-C3OH,Refund,"Product charges",,-$19.99,1,"Hypoallergenic Contour Bamboo Memory Foam Pillow Great for Relieving Neck and Shoulder Aches",,,,-$0.60,,,,,,,,,
-$1.06,-$0.96,-$1.87,22-Mar-16,116-9641072-9529848,7W-PCJM-3BVK,"Order Payment","Product charges",,$24.99,1,"Xpert DEEP BASS Ultimate Comfort Pillow Soft Over the Ear Headphones with Mic (Red)",$0.00,,,,-$1.00,,,,,,,,
-$4.09,-$3.62,-$3.75,22-Mar-16,104-5839282-6249004,22-Q94M-YDGP,"Order Payment","Product charges",,$24.99,1,"Infused Cool Gel Ventilated Core Hypoallergenic MEMORY FOAM Pillow - Standard Ultra Soft Pillow",,,,,,,,,,,,,
-$1.06,-$0.96,-$1.87,22-Mar-16,106-2405555-8636213,35-XQ66-Y2X5,"Order Payment","Product charges",,$24.99,1,"Xpert DEEP BASS Ultimate Comfort Pillow Soft Over the Ear Headphones with Mic (White)",-$12.50,,,,-$1.00,,,,,,,,
-$2.12,-$1.92,-$3.00,22-Mar-16,109-6992771-0430637,CW-OXZZ-VE7M,"Order Payment","Product charges",,$19.99,1,"Mental Beats Xcentric Earbuds with Metal Mic Includes Tangle Free Flatwire Cord (Green)",-$9.99,,,,-$1.00,,,,,,,,
,,$3.00,21-Mar-16,107-5667101-9650632,BQ-4FEP-C3OH,Refund,"Product charges",,-$19.99,1,"Hypoallergenic Contour Bamboo Memory Foam Pillow Great for Relieving Neck and Shoulder Aches",,,,-$0.60,,,,,,,,,
-$4.09,-$3.62,-$3.00,21-Mar-16,105-0091310-3449041,BQ-4FEP-C3OH,"Order Payment","Product charges",,$19.99,1,"Hypoallergenic Contour Bamboo Memory Foam Pillow Great for Relieving Neck and Shoulder Aches",,,,,,,,,,,,,
-$1.06,-$4.29,-$2.55,21-Mar-16,110-5224784-4244207,RO-6RXH-KT8V,"Order Payment","Product charges",,$16.99,1,"Flocked Ultra Thin Heavy Duty Velvet Hangers (25, Ivory)",,,,,-$1.00,,,,,,,,
-$4.09,-$3.62,-$3.75,21-Mar-16,106-9070378-5344240,22-Q94M-YDGP,"Order Payment","Product charges",,$24.99,1,"Infused Cool Gel Ventilated Core Hypoallergenic MEMORY FOAM Pillow - Standard Ultra Soft Pillow",,,,,,,,,,,,,
,,$3.00,21-Mar-16,109-3655560-1385008,22-Q94M-YDGP,Refund,"Product charges",,-$19.99,1,"Hypoallergenic Infused Cool Gel Ventilated Core Memory Foam Standard 18.5""x11.5""x3.5""in Pillow",$10.00,,,-$0.60,,,,,,,,,
-$4.09,-$3.62,-$3.00,21-Mar-16,111-5356564-7981007,BQ-4FEP-C3OH,"Order Payment","Product charges",,$19.99,1,"Hypoallergenic Contour Bamboo Memory Foam Pillow Great for Relieving Neck and Shoulder Aches",,,,,,,,,,,,,
-$1.06,-$0.96,-$1.87,21-Mar-16,107-3288288-9814632,7W-PCJM-3BVK,"Order Payment","Product charges",,$24.99,1,"Xpert DEEP BASS Ultimate Comfort Pillow Soft Over the Ear Headphones with Mic (Red)",-$12.50,,,,-$1.00,,,,,,,,
-$1.06,-$0.96,-$1.87,21-Mar-16,002-8973938-4157013,7W-PCJK-3BVK,"Order Payment","Product charges",,$24.99,1,"Xpert DEEP BASS Ultimate Comfort Pillow Soft Over the Ear Headphones with Mic (Champagne)",-$12.50,,,,-$1.00,,,,,,,,
-$4.09,-$3.62,-$3.00,21-Mar-16,102-2958885-3011468,BQ-4FEP-C3OH,"Order Payment","Product charges",,$19.99,1,"Hypoallergenic Contour Bamboo Memory Foam Pillow Great for Relieving Neck and Shoulder Aches",,,,,,,,,,,,,
-$4.09,-$3.62,-$3.00,21-Mar-16,107-4130399-8552265,BQ-4FEP-C3OH,"Order Payment","Product charges",,$19.99,1,"Hypoallergenic Contour Bamboo Memory Foam Pillow Great for Relieving Neck and Shoulder Aches",,,,,,,,,,,,,
-$4.09,-$3.62,-$3.00,21-Mar-16,115-4378071-5989816,BQ-4FEP-C3OH,"Order Payment","Product charges",,$19.99,1,"Hypoallergenic Contour Bamboo Memory Foam Pillow Great for Relieving Neck and Shoulder Aches",,,,,,,,,,,,,
-$4.09,-$3.62,-$3.00,21-Mar-16,104-9561333-9418657,BQ-4FEP-C3OH,"Order Payment","Product charges",,$19.99,1,"Hypoallergenic Contour Bamboo Memory Foam Pillow Great for Relieving Neck and Shoulder Aches",$0.00,-$2.22,$2.22,,,,,,,,,,
-$4.09,-$3.62,-$1.50,21-Mar-16,105-3384140-3153034,BQ-4FEP-C3OH,"Order Payment","Product charges",,$19.99,1,"Hypoallergenic Contour Bamboo Memory Foam Pillow Great for Relieving Neck and Shoulder Aches",-$10.00,,,,,,,,,,,,
-$4.09,-$3.62,-$3.75,21-Mar-16,002-8194596-7173801,22-Q94M-YDGP,"Order Payment","Product charges",,$24.99,1,"Infused Cool Gel Ventilated Core Hypoallergenic MEMORY FOAM Pillow - Standard Ultra Soft Pillow",,,,,,,,,,,,,
-$4.09,-$3.62,-$1.50,21-Mar-16,002-7670210-5106617,BQ-4FEP-C3OH,"Order Payment","Product charges",,$19.99,1,"Hypoallergenic Contour Bamboo Memory Foam Pillow Great for Relieving Neck and Shoulder Aches",-$9.99,,,,,,,,,,,,
-$4.09,-$3.62,-$3.00,21-Mar-16,103-1823717-4520200,BQ-4FEP-C3OH,"Order Payment","Product charges",,$19.99,1,"Hypoallergenic Contour Bamboo Memory Foam Pillow Great for Relieving Neck and Shoulder Aches",,,$4.07,,,-$4.07,,,,,,,
-$1.06,-$0.96,-$3.75,21-Mar-16,102-2379411-8821856,7W-PCJK-3BVK,"Order Payment","Product charges",,$24.99,1,"Xpert DEEP BASS Ultimate Comfort Pillow Soft Over the Ear Headphones with Mic (Champagne)",,,,,-$1.00,,,,,,,,
-$4.09,-$3.62,-$3.00,21-Mar-16,002-2281496-5591401,BQ-4FEP-C3OH,"Order Payment","Product charges",,$19.99,1,"Hypoallergenic Contour Bamboo Memory Foam Pillow Great for Relieving Neck and Shoulder Aches",,,$1.43,,,-$1.43,,,,,,,
-$4.09,-$3.62,-$3.00,21-Mar-16,102-7416906-0941808,BQ-4FEP-C3OH,"Order Payment","Product charges",,$19.99,1,"Hypoallergenic Contour Bamboo Memory Foam Pillow Great for Relieving Neck and Shoulder Aches",,,,,,,,,,,,,
-$1.06,-$0.96,-$2.55,21-Mar-16,104-9688974-9701807,BX-YPD9-FBE5,"Order Payment","Product charges",,$16.99,1,"Flocked Ultra Thin Heavy Duty Velvet Hangers (25, Grey)",,,,,-$1.00,,,,,,,,
-$1.06,-$0.96,-$3.00,21-Mar-16,113-3281153-7285816,32-P5XA-EGJY,"Order Payment","Product charges",,$19.99,1,"Mental Beats Xcentric Earbuds with Metal Mic Includes Tangle Free Flatwire Cord (teal)",,,,,-$1.00,,,,,,,,
-$4.09,-$3.62,-$3.00,21-Mar-16,115-8845843-2981056,BQ-4FEP-C3OH,"Order Payment","Product charges",,$19.99,1,"Hypoallergenic Contour Bamboo Memory Foam Pillow Great for Relieving Neck and Shoulder Aches",,,,,,,,,,,,,
-$4.09,-$3.62,-$3.00,21-Mar-16,102-0331191-1266660,BQ-4FEP-C3OH,"Order Payment","Product charges",,$19.99,1,"Hypoallergenic Contour Bamboo Memory Foam Pillow Great for Relieving Neck and Shoulder Aches",,,,,,,,,,,,,
,,-$3.00,21-Mar-16,112-6491716-0266618,BM-FTJM-SGD0,"Order Payment","Product charges",,$19.99,1,"4 pack: High Grade Ceramic Coffee Mugs",,,,,,,,,,,,,
-$1.06,-$0.96,-$1.87,21-Mar-16,111-4178895-7674651,7W-PCJM-3BVK,"Order Payment","Product charges",,$24.99,1,"Xpert DEEP BASS Ultimate Comfort Pillow Soft Over the Ear Headphones with Mic (Red)",-$12.50,,,,-$1.00,,,,,,,,
-$4.09,-$3.62,-$3.75,21-Mar-16,110-2785397-3504265,22-Q94M-YDGP,"Order Payment","Product charges",,$24.99,1,"Infused Cool Gel Ventilated Core Hypoallergenic MEMORY FOAM Pillow - Standard Ultra Soft Pillow",,,,,,,,,,,,,
-$4.09,-$3.62,-$3.75,21-Mar-16,110-1444662-6159412,22-Q94M-YDGP,"Order Payment","Product charges",,$24.99,1,"Infused Cool Gel Ventilated Core Hypoallergenic MEMORY FOAM Pillow - Standard Ultra Soft Pillow",$0.00,-$3.15,$3.15,,,,,,,,,,
-$1.06,-$0.96,-$1.50,21-Mar-16,111-7536336-6109813,MD-86QZ-5W4G,"Order Payment","Product charges",,$19.99,1,"Mental Beats Xcentric Earbuds with Metal Mic Includes Tangle Free Flatwire Cord (Blue)",-$10.00,,,,-$1.00,,,,,,,,
-$4.09,-$3.62,-$3.00,21-Mar-16,112-4110059-4302658,BQ-4FEP-C3OH,"Order Payment","Product charges",,$19.99,1,"Hypoallergenic Contour Bamboo Memory Foam Pillow Great for Relieving Neck and Shoulder Aches",,,,,,,,,,,,,
-$1.06,-$0.96,-$1.87,21-Mar-16,106-2755912-3963406,7W-PCJM-3BVK,"Order Payment","Product charges",,$24.99,1,"Xpert DEEP BASS Ultimate Comfort Pillow Soft Over the Ear Headphones with Mic (Red)",-$12.50,,,,-$1.00,,,,,,,,
-$1.06,-$0.96,-$1.50,20-Mar-16,105-0968985-2741001,CW-OXZZ-VE7M,"Order Payment","Product charges",,$19.99,1,"Mental Beats Xcentric Earbuds with Metal Mic Includes Tangle Free Flatwire Cord (Green)",-$10.00,,,,-$1.00,,,,,,,,
-$4.09,-$3.62,-$3.00,20-Mar-16,112-1047741-5257047,BQ-4FEP-C3OH,"Order Payment","Product charges",,$19.99,1,"Hypoallergenic Contour Bamboo Memory Foam Pillow Great for Relieving Neck and Shoulder Aches",,,,,,,,,,,,,
-$4.09,-$3.62,-$3.00,20-Mar-16,111-6291427-5329065,BQ-4FEP-C3OH,"Order Payment","Product charges",,$19.99,1,"Hypoallergenic Contour Bamboo Memory Foam Pillow Great for Relieving Neck and Shoulder Aches",,,,,,,,,,,,,
-$4.09,-$3.62,-$1.50,20-Mar-16,002-7670210-5106617,BQ-4FEP-C3OH,"Order Payment","Product charges",,$19.99,1,"Hypoallergenic Contour Bamboo Memory Foam Pillow Great for Relieving Neck and Shoulder Aches",-$10.00,,,,,,,,,,,,
-$4.09,-$3.62,-$3.00,20-Mar-16,109-8705917-4060201,BQ-4FEP-C3OH,"Order Payment","Product charges",,$19.99,1,"Hypoallergenic Contour Bamboo Memory Foam Pillow Great for Relieving Neck and Shoulder Aches",,,,,,,,,,,,,
-$4.09,-$3.62,-$3.00,20-Mar-16,002-2576583-4245847,BQ-4FEP-C3OH,"Order Payment","Product charges",,$19.99,1,"Hypoallergenic Contour Bamboo Memory Foam Pillow Great for Relieving Neck and Shoulder Aches",,,,,,,,,,,,,
-$4.09,-$3.62,-$3.00,20-Mar-16,109-0871589-4861036,BQ-4FEP-C3OH,"Order Payment","Product charges",,$19.99,1,"Hypoallergenic Contour Bamboo Memory Foam Pillow Great for Relieving Neck and Shoulder Aches",,,,,,,,,,,,,
-$4.09,-$3.62,-$3.75,20-Mar-16,113-5714078-2917822,22-Q94M-YDGP,"Order Payment","Product charges",,$24.99,1,"Infused Cool Gel Ventilated Core Hypoallergenic MEMORY FOAM Pillow - Standard Ultra Soft Pillow",,,,,,,,,,,,,
-$4.09,-$3.62,-$3.00,20-Mar-16,102-1266036-6290642,BQ-4FEP-C3OH,"Order Payment","Product charges",,$19.99,1,"Hypoallergenic Contour Bamboo Memory Foam Pillow Great for Relieving Neck and Shoulder Aches",,,,,,,,,,,,,
-$4.09,-$3.62,-$3.75,20-Mar-16,109-9756501-1956254,22-Q94M-YDGP,"Order Payment","Product charges",,$24.99,1,"Infused Cool Gel Ventilated Core Hypoallergenic MEMORY FOAM Pillow - Standard Ultra Soft Pillow",,,,,,,,,,,,,
-$4.09,-$3.62,-$3.75,20-Mar-16,105-6069764-6941841,22-Q94M-YDGP,"Order Payment","Product charges",,$24.99,1,"Infused Cool Gel Ventilated Core Hypoallergenic MEMORY FOAM Pillow - Standard Ultra Soft Pillow",,,,,,,,,,,,,
-$1.06,-$0.96,-$1.50,20-Mar-16,113-8064922-9233052,CW-OY03-VE7M,"Order Payment","Product charges",,$19.99,1,"Mental Beats Xcentric Earbuds with Metal Mic Includes Tangle Free Flatwire Cord (Pink)",-$10.00,,,,-$1.00,,,,,,,,
-$4.24,-$3.84,-$12.00,19-Mar-16,102-8934991-8105015,7W-PCJM-3BVK,"Order Payment","Product charges",,$59.97,3,"Xpert DEEP BASS Ultimate Comfort Pillow Soft Over the Ear Headphones with Mic (Red)",,,$3.69,,-$1.00,-$3.69,,,,,,,
-$4.09,-$3.62,-$3.75,19-Mar-16,103-5232952-7177048,22-Q94M-YDGP,"Order Payment","Product charges",,$24.99,1,"Infused Cool Gel Ventilated Core Hypoallergenic MEMORY FOAM Pillow - Standard Ultra Soft Pillow",,,,,,,,,,,,,
-$4.09,-$3.62,-$3.00,19-Mar-16,103-6931820-2647430,22-Q94M-YDGP,"Order Payment","Product charges",,$19.99,1,"Infused Cool Gel Ventilated Core Hypoallergenic MEMORY FOAM Pillow - Standard Ultra Soft Pillow",$0.00,,,,,,,,,,,,
,,,,,,,,,,,,,,,,,,,,$9.88,,,,
-$1.06,-$0.96,-$1.50,19-Mar-16,114-0153402-0576204,3G-5P9S-KWAT,"Order Payment","Product charges",,$19.99,1,"Mental Beats Xcentric Earbuds with Metal Mic Includes Tangle Free Flatwire Cord (Silver)",-$10.00,,,,-$1.00,,,,,,,,
-$4.09,-$3.62,-$3.00,19-Mar-16,112-6359454-1330640,BQ-4FEP-C3OH,"Order Payment","Product charges",,$19.99,1,"Hypoallergenic Contour Bamboo Memory Foam Pillow Great for Relieving Neck and Shoulder Aches",,,,,,,,,,,,,
-$8.18,-$7.24,-$6.00,19-Mar-16,115-1545659-6448257,BQ-4FEP-C3OH,"Order Payment","Product charges",,$19.99,1,"Hypoallergenic Contour Bamboo Memory Foam Pillow Great for Relieving Neck and Shoulder Aches",,,,,,,,,,,,,
-$4.09,-$3.62,-$3.75,19-Mar-16,112-0401858-6377059,22-Q94M-YDGP,"Order Payment","Product charges",,$24.99,1,"Infused Cool Gel Ventilated Core Hypoallergenic MEMORY FOAM Pillow - Standard Ultra Soft Pillow",,,,,,,,,,,,,
-$4.09,-$3.62,-$3.00,19-Mar-16,102-3776419-3854658,BQ-4FEP-C3OH,"Order Payment","Product charges",,$19.99,1,"Hypoallergenic Contour Bamboo Memory Foam Pillow Great for Relieving Neck and Shoulder Aches",,,,,,,,,,,,,
-$4.09,-$3.62,-$3.75,18-Mar-16,104-5558628-9799459,22-Q94M-YDGP,"Order Payment","Product charges",,$24.99,1,"Infused Cool Gel Ventilated Core Hypoallergenic MEMORY FOAM Pillow - Standard Ultra Soft Pillow",,,,,,,,,,,,,
-$1.06,-$0.96,-$1.50,18-Mar-16,107-2803945-8949017,86-XBMI-Q597,"Order Payment","Product charges",,$19.99,1,"Mental Beats Xcentric Earbuds with Metal Mic Includes Tangle Free Flatwire Cord (Gold )",-$10.00,,,,-$1.00,,,,,,,,
-$4.09,-$3.62,-$3.00,18-Mar-16,112-2401440-6788221,BQ-4FEP-C3OH,"Order Payment","Product charges",,$19.99,1,"Hypoallergenic Contour Bamboo Memory Foam Pillow Great for Relieving Neck and Shoulder Aches",,,,,,,,,,,,,
-$4.09,-$3.62,-$3.00,18-Mar-16,002-0080179-7622642,BQ-4FEP-C3OH,"Order Payment","Product charges",,$19.99,1,"Hypoallergenic Contour Bamboo Memory Foam Pillow Great for Relieving Neck and Shoulder Aches",,,,,,,,,,,,,
-$4.09,-$3.62,-$1.50,18-Mar-16,110-0525075-9858660,BQ-4FEP-C3OH,"Order Payment","Product charges",,$19.99,1,"Hypoallergenic Contour Bamboo Memory Foam Pillow Great for Relieving Neck and Shoulder Aches",-$10.00,,,,,,,,,,,,
-$4.09,-$3.62,-$1.50,18-Mar-16,114-1932249-5220238,BQ-4FEP-C3OH,"Order Payment","Product charges",,$19.99,1,"Hypoallergenic Contour Bamboo Memory Foam Pillow Great for Relieving Neck and Shoulder Aches",-$10.00,,,,,,,,,,,,
-$4.09,-$8.69,-$7.35,18-Mar-16,115-7863645-3673034,IM-VFRS-GRIO,"Order Payment","Product charges",,$48.99,1,"Humanscale Zon Air Purifier in Red",,,$12.99,,,-$12.99,,,,,,,
-$4.09,-$3.62,-$3.00,18-Mar-16,113-0287173-2823469,BQ-4FEP-C3OH,"Order Payment","Product charges",,$19.99,1,"Hypoallergenic Contour Bamboo Memory Foam Pillow Great for Relieving Neck and Shoulder Aches",,,,,,,,,,,,,
,,,,,,,,,,,,,,,,,,-$36.66,,,,,,
-$1.06,-$0.96,-$3.75,18-Mar-16,116-8090404-9634622,7W-PCJM-3BVK,"Order Payment","Product charges",,$24.99,1,"Xpert DEEP BASS Ultimate Comfort Pillow Soft Over the Ear Headphones with Mic (Red)",,,$3.02,,-$1.00,-$3.02,,,,,,,
,,,,,,,,,,,,,,,,,,-$21.83,,,,,,
,,-$1.79,18-Mar-16,103-0161780-2246623,R6-ADU0-UQOZ,"Order Payment","Product charges",,$11.94,1,"Sunbeam Ultra Slim Space Saving Multi Tier Velvet Trouser Hangers (Pack of 3)",,,,,,,,,,,,,
,,,,,,,,,,,,,,,,,,-$25.81,,,,,,
-$4.09,-$8.30,-$6.90,17-Mar-16,107-3883630-8786630,Q3-3IFR-V1ZN,"Order Payment","Product charges",,$45.99,1,"Humanscale Zon Air Purifier in White",,,$13.98,,,-$13.98,,,,,,,
-$4.09,-$3.62,-$3.75,17-Mar-16,105-4492154-7473056,22-Q94M-YDGP,"Order Payment","Product charges",,$24.99,1,"Infused Cool Gel Ventilated Core Hypoallergenic MEMORY FOAM Pillow - Standard Ultra Soft Pillow",,,,,,,,,,,,,
-$1.06,-$0.96,-$2.25,17-Mar-16,103-1070836-4834617,7W-PCJO-3BVK,"Order Payment","Product charges",,$29.99,1,"Xpert DEEP BASS Ultimate Comfort Pillow Soft Over the Ear Headphones with Mic (Black)",-$15.00,,,,-$1.00,,,,,,,,
,,$1.50,17-Mar-16,110-5539552-0362626,22-Q94M-YDGP,Refund,"Product charges",,-$19.99,1,"Infused Cool Gel Ventilated Core Hypoallergenic MEMORY FOAM Pillow - Standard Ultra Soft Pillow",$10.00,,,-$0.30,,,,,,,,,
-$4.09,-$3.62,-$3.00,17-Mar-16,112-1490062-5119457,BQ-4FEP-C3OH,"Order Payment","Product charges",,$19.99,1,"Hypoallergenic Contour Bamboo Memory Foam Pillow Great for Relieving Neck and Shoulder Aches",,,,,,,,,,,,,
-$4.09,-$3.62,-$1.50,17-Mar-16,104-7562702-7821804,BQ-4FEP-C3OH,"Order Payment","Product charges",,$19.99,1,"Hypoallergenic Contour Bamboo Memory Foam Pillow Great for Relieving Neck and Shoulder Aches",-$10.00,,,,,,,,,,,,
-$4.09,-$3.62,-$3.00,17-Mar-16,109-9207281-0361026,BQ-4FEP-C3OH,"Order Payment","Product charges",,$19.99,1,"Hypoallergenic Contour Bamboo Memory Foam Pillow Great for Relieving Neck and Shoulder Aches",,,,,,,,,,,,,
-$8.18,-$7.24,-$6.00,17-Mar-16,105-2259847-3920231,BQ-4FEP-C3OH,"Order Payment","Product charges",,$19.99,1,"Hypoallergenic Contour Bamboo Memory Foam Pillow Great for Relieving Neck and Shoulder Aches",,,,,,,,,,,,,
-$0.75,,,,,,,,,,,,,,,,-$4.75,,,,,-$0.45,,,
-$0.75,,,,,,,,,,,,,,,,-$4.75,,,,,-$0.45,,,
-$4.09,-$3.62,-$3.00,17-Mar-16,002-3349759-4059469,BQ-4FEP-C3OH,"Order Payment","Product charges",,$19.99,1,"Hypoallergenic Contour Bamboo Memory Foam Pillow Great for Relieving Neck and Shoulder Aches",,,,,,,,,,,,,
-$4.09,-$3.62,-$3.00,17-Mar-16,104-1761390-6751430,BQ-4FEP-C3OH,"Order Payment","Product charges",,$19.99,1,"Hypoallergenic Contour Bamboo Memory Foam Pillow Great for Relieving Neck and Shoulder Aches",,,,,,,,,,,,,
-$4.09,-$3.62,-$3.00,17-Mar-16,110-5066560-9452223,BQ-4FEP-C3OH,"Order Payment","Product charges",,$19.99,1,"Hypoallergenic Contour Bamboo Memory Foam Pillow Great for Relieving Neck and Shoulder Aches",,,,,,,,,,,,,
-$4.09,-$3.62,-$3.00,17-Mar-16,114-8721682-4117023,BQ-4FEP-C3OH,"Order Payment","Product charges",,$19.99,1,"Hypoallergenic Contour Bamboo Memory Foam Pillow Great for Relieving Neck and Shoulder Aches",,,,,,,,,,,,,
,,$1.65,17-Mar-16,107-7460631-6167467,NQ-GB63-SEVD,Refund,"Product charges",,-$10.99,1,"Guardmax - Bedbug Proof/Waterproof Pillow Protector - Zippered Style - Set of 2 - Quiet! - Standard Size (20""x26"")",,,,-$0.33,,,,,,,,,
-$4.09,-$3.62,-$3.00,16-Mar-16,107-5667101-9650632,BQ-4FEP-C3OH,"Order Payment","Product charges",,$19.99,1,"Hypoallergenic Contour Bamboo Memory Foam Pillow Great for Relieving Neck and Shoulder Aches",,,,,,,,,,,,,
,,$3.00,16-Mar-16,115-2500418-3867417,22-Q94M-YDGP,Refund,"Product charges",,-$19.99,1,"Infused Cool Gel Ventilated Core Memory Foam Hypoallergenic Standard Pillow",,,,-$0.60,,,,,,,,,
,,$1.50,16-Mar-16,107-8779554-4830620,22-Q94M-YDGP,Refund,"Product charges",,-$19.99,1,"Hypoallergenic Infused Cool Gel Ventilated Core Memory Foam Standard 18.5""x11.5""x3.5""in Pillow",$10.00,,,-$0.30,,,,,,,,,
-$4.09,-$3.62,-$3.00,16-Mar-16,115-3970459-1337068,BQ-4FEP-C3OH,"Order Payment","Product charges",,$19.99,1,"Hypoallergenic Contour Bamboo Memory Foam Pillow Great for Relieving Neck and Shoulder Aches",,,,,,,,,,,,,
-$4.09,-$8.69,-$7.50,16-Mar-16,115-2535984-2328203,AQ-1M7T-VZVT,"Order Payment","Product charges",,$49.99,1,"Humanscale Zon Air Purifier in Black",$0.00,,,,,,,,,,,,
-$8.18,-$7.24,-$6.00,16-Mar-16,116-4134405-4587436,BQ-4FEP-C3OH,"Order Payment","Product charges",,$39.98,2,"Hypoallergenic Contour Bamboo Memory Foam Pillow Great for Relieving Neck and Shoulder Aches",,,,,,,,,,,,,
-$4.09,-$3.62,-$3.00,16-Mar-16,103-3147397-3127440,BQ-4FEP-C3OH,"Order Payment","Product charges",,$19.99,1,"Hypoallergenic Contour Bamboo Memory Foam Pillow Great for Relieving Neck and Shoulder Aches",,,$11.98,,,-$11.98,,,,,,,
,,,,,,,,,,,,,,,,,,-$16.53,,,,,,
-$4.09,-$3.62,-$3.00,16-Mar-16,108-5313599-5072230,BQ-4FEP-C3OH,"Order Payment","Product charges",,$19.99,1,"Hypoallergenic Contour Bamboo Memory Foam Pillow Great for Relieving Neck and Shoulder Aches",,,$3.99,,,-$3.99,,,,,,,
-$4.09,-$3.62,-$3.75,16-Mar-16,113-4150463-4224200,22-Q94M-YDGP,"Order Payment","Product charges",,$24.99,1,"Infused Cool Gel Ventilated Core Hypoallergenic MEMORY FOAM Pillow - Standard Ultra Soft Pillow",,,,,,,,,,,,,
-$4.09,-$3.62,-$3.75,16-Mar-16,115-9274651-3352259,22-Q94M-YDGP,"Order Payment","Product charges",,$24.99,1,"Infused Cool Gel Ventilated Core Hypoallergenic MEMORY FOAM Pillow - Standard Ultra Soft Pillow",,,,,,,,,,,,,
-$4.09,-$3.62,-$3.00,16-Mar-16,108-3457835-0891413,BQ-4FEP-C3OH,"Order Payment","Product charges",,$19.99,1,"Hypoallergenic Contour Bamboo Memory Foam Pillow Great for Relieving Neck and Shoulder Aches",,,,,,,,,,,,,
,,$1.50,15-Mar-16,108-8943444-8800264,22-Q94M-YDGP,Refund,"Product charges",,-$19.99,1,"Infused Cool Gel Ventilated Core Hypoallergenic MEMORY FOAM Pillow - Standard Ultra Soft Pillow",$10.00,,,-$0.30,,,,,,,,,
-$4.09,-$3.62,-$3.00,15-Mar-16,109-5013384-7400216,22-Q94M-YDGP,"Order Payment","Product charges",,$19.99,1,"Infused Cool Gel Ventilated Core Hypoallergenic MEMORY FOAM Pillow - Standard Ultra Soft Pillow",,,,,,,,,,,,,
-$4.09,-$3.62,-$3.00,15-Mar-16,104-3738828-6410628,BQ-4FEP-C3OH,"Order Payment","Product charges",,$19.99,1,"Hypoallergenic Contour Bamboo Memory Foam Pillow Great for Relieving Neck and Shoulder Aches",,,,,,,,,,,,,
-$4.09,-$3.62,-$3.00,15-Mar-16,116-2834294-7240268,BQ-4FEP-C3OH,"Order Payment","Product charges",,$19.99,1,"Hypoallergenic Contour Bamboo Memory Foam Pillow Great for Relieving Neck and Shoulder Aches",,,,,,,,,,,,,
-$4.09,-$3.62,-$1.50,15-Mar-16,002-8861507-4214627,BQ-4FEP-C3OH,"Order Payment","Product charges",,$19.99,1,"Hypoallergenic Contour Bamboo Memory Foam Pillow Great for Relieving Neck and Shoulder Aches",-$10.00,,,,,,,,,,,,
-$4.09,-$3.62,-$3.00,15-Mar-16,115-3014198-2845044,22-Q94M-YDGP,"Order Payment","Product charges",,$19.99,1,"Infused Cool Gel Ventilated Core Hypoallergenic MEMORY FOAM Pillow - Standard Ultra Soft Pillow",,,,,,,,,,,,,
,,,,,,,,,,,,,,,,,,-$16.55,,,,,,
,,-$1.50,15-Mar-16,109-7165637-1479419,GN-32EX-KL27,"Order Payment","Product charges",,$19.99,1,"Hypoallergenic Contour Bamboo Memory Foam Pillow Great for Relieving Neck and Shoulder Aches",-$10.00,,,,,,,,,,,,
-$4.09,-$3.62,-$3.00,15-Mar-16,113-0636227-1221868,22-Q94M-YDGP,"Order Payment","Product charges",,$19.99,1,"Infused Cool Gel Ventilated Core Hypoallergenic MEMORY FOAM Pillow - Standard Ultra Soft Pillow",,,,,,,,,,,,,
-$4.09,-$3.62,-$1.50,14-Mar-16,103-4493465-1113025,22-Q94M-YDGP,"Order Payment","Product charges",,$19.99,1,"Infused Cool Gel Ventilated Core Hypoallergenic MEMORY FOAM Pillow - Standard Ultra Soft Pillow",-$10.00,,,,,,,,,,,,
-$1.06,-$0.96,-$1.35,14-Mar-16,103-2266698-9718648,FV-XXFT-7P69,"Order Payment","Product charges",,$8.99,1,"My Little Pony Soft Tote Lunch Box",,,,,-$1.00,,,,,,,,
-$4.09,-$3.62,-$3.00,14-Mar-16,108-1714657-0824214,22-Q94M-YDGP,"Order Payment","Product charges",,$19.99,1,"Infused Cool Gel Ventilated Core Hypoallergenic MEMORY FOAM Pillow - Standard Ultra Soft Pillow",,,,,,,,,,,,,
-$4.09,-$3.62,-$3.00,14-Mar-16,002-8766534-3997053,BQ-4FEP-C3OH,"Order Payment","Product charges",,$19.99,1,"Hypoallergenic Contour Bamboo Memory Foam Pillow Great for Relieving Neck and Shoulder Aches",,,$7.19,,,-$7.19,,,,,,,
-$4.09,-$3.62,-$1.50,14-Mar-16,111-1317777-7978621,22-Q94M-YDGP,"Order Payment","Product charges",,$19.99,1,"Infused Cool Gel Ventilated Core Hypoallergenic MEMORY FOAM Pillow - Standard Ultra Soft Pillow",-$10.00,,,,,,,,,,,,
-$4.09,-$3.62,-$1.50,14-Mar-16,104-4467860-2721064,22-Q94M-YDGP,"Order Payment","Product charges",,$19.99,1,"Infused Cool Gel Ventilated Core Hypoallergenic MEMORY FOAM Pillow - Standard Ultra Soft Pillow",-$10.00,,,,,,,,,,,,
-$4.09,-$3.62,-$1.50,14-Mar-16,110-8996263-7331447,22-Q94M-YDGP,"Order Payment","Product charges",,$19.99,1,"Infused Cool Gel Ventilated Core Hypoallergenic MEMORY FOAM Pillow - Standard Ultra Soft Pillow",-$10.00,,,,,,,,,,,,
,,$1.50,14-Mar-16,113-3519736-5964211,22-Q94M-YDGP,Refund,"Product charges",,-$19.99,1,"Hypoallergenic Infused Cool Gel Ventilated Core Memory Foam Standard 18.5""x11.5""x3.5""in Pillow",$10.00,,,-$0.30,,,,,,,,,
-$4.09,-$3.62,-$1.50,14-Mar-16,110-0358018-4429042,22-Q94M-YDGP,"Order Payment","Product charges",,$19.99,1,"Infused Cool Gel Ventilated Core Hypoallergenic MEMORY FOAM Pillow - Standard Ultra Soft Pillow",-$10.00,,,,,,,,,,,,
,,$21.60,14-Mar-16,116-6268848-5825052,4U-HVUX-7EQH,Refund,"Product charges",,-$144.00,18,"Ddi Cra-Z-Art Colored Pencils 12 Count (Pack Of 12)",,,,-$4.32,,,,,,,,,
-$4.09,-$3.62,-$3.00,14-Mar-16,106-1054303-4134664,BQ-4FEP-C3OH,"Order Payment","Product charges",,$19.99,1,"Hypoallergenic Contour Bamboo Memory Foam Pillow Great for Relieving Neck and Shoulder Aches",,,,,,,,,,,,,
-$4.09,-$3.62,-$3.00,14-Mar-16,115-1280176-9755438,22-Q94M-YDGP,"Order Payment","Product charges",,$19.99,1,"Infused Cool Gel Ventilated Core Hypoallergenic MEMORY FOAM Pillow - Standard Ultra Soft Pillow",,,,,,,,,,,,,
-$4.09,-$3.62,-$3.00,14-Mar-16,111-8999169-9311440,BQ-4FEP-C3OH,"Order Payment","Product charges",,$19.99,1,"Hypoallergenic Contour Bamboo Memory Foam Pillow Great for Relieving Neck and Shoulder Aches",,,$7.19,,,-$7.19,,,,,,,
-$4.09,-$3.62,-$1.50,14-Mar-16,110-8259894-3545867,22-Q94M-YDGP,"Order Payment","Product charges",,$19.99,1,"Infused Cool Gel Ventilated Core Hypoallergenic MEMORY FOAM Pillow - Standard Ultra Soft Pillow",-$10.00,,,,,,,,,,,,
-$4.09,-$3.62,-$3.00,14-Mar-16,110-3237133-1877068,22-Q94M-YDGP,"Order Payment","Product charges",,$19.99,1,"Infused Cool Gel Ventilated Core Hypoallergenic MEMORY FOAM Pillow - Standard Ultra Soft Pillow",,,,,,,,,,,,,
-$4.09,-$3.62,-$3.00,14-Mar-16,107-6656527-5583423,22-Q94M-YDGP,"Order Payment","Product charges",,$19.99,1,"Infused Cool Gel Ventilated Core Hypoallergenic MEMORY FOAM Pillow - Standard Ultra Soft Pillow",,,,,,,,,,,,,
-$4.09,-$3.62,-$3.00,14-Mar-16,108-1666214-0765853,22-Q94M-YDGP,"Order Payment","Product charges",,$19.99,1,"Infused Cool Gel Ventilated Core Hypoallergenic MEMORY FOAM Pillow - Standard Ultra Soft Pillow",,,,,,,,,,,,,
-$4.09,-$3.62,-$1.50,14-Mar-16,103-2384770-8037845,22-Q94M-YDGP,"Order Payment","Product charges",,$19.99,1,"Infused Cool Gel Ventilated Core Hypoallergenic MEMORY FOAM Pillow - Standard Ultra Soft Pillow",-$10.00,,,,,,,,,,,,
-$4.09,-$3.62,-$1.50,14-Mar-16,108-8943444-8800264,22-Q94M-YDGP,"Order Payment","Product charges",,$19.99,1,"Infused Cool Gel Ventilated Core Hypoallergenic MEMORY FOAM Pillow - Standard Ultra Soft Pillow",-$10.00,,,,,,,,,,,,
-$4.09,-$3.62,-$3.00,14-Mar-16,114-9346052-1361066,BQ-4FEP-C3OH,"Order Payment","Product charges",,$19.99,1,"Hypoallergenic Contour Bamboo Memory Foam Pillow Great for Relieving Neck and Shoulder Aches",$0.00,,,,,,,,,,,,
-$4.09,-$3.62,-$3.00,14-Mar-16,112-6264560-4904242,22-Q94M-YDGP,"Order Payment","Product charges",,$19.99,1,"Infused Cool Gel Ventilated Core Hypoallergenic MEMORY FOAM Pillow - Standard Ultra Soft Pillow",$0.00,-$3.28,$3.28,,,,,,,,,,
-$4.09,-$8.69,-$7.35,14-Mar-16,112-2023920-4021044,IM-VFRS-GRIO,"Order Payment","Product charges",,$48.99,1,"Humanscale Zon Air Purifier in Red",,,,,,,,,,,,,
-$4.09,-$3.62,-$1.50,14-Mar-16,104-1052727-8056251,22-Q94M-YDGP,"Order Payment","Product charges",,$19.99,1,"Infused Cool Gel Ventilated Core Hypoallergenic MEMORY FOAM Pillow - Standard Ultra Soft Pillow",-$10.00,,,,,,,,,,,,
-$1.06,-$0.96,-$1.35,14-Mar-16,108-0483207-1951402,FV-XXFT-7P69,"Order Payment","Product charges",,$8.99,1,"My Little Pony Soft Tote Lunch Box",,,,,-$1.00,,,,,,,,
-$8.18,-$7.24,-$3.00,14-Mar-16,113-3562360-4315456,BQ-4FEP-C3OH,"Order Payment","Product charges",,$19.99,1,"Hypoallergenic Contour Bamboo Memory Foam Pillow Great for Relieving Neck and Shoulder Aches",-$9.99,,,,,,,,,,,,
-$4.09,-$3.62,-$1.50,13-Mar-16,109-8622800-5911448,22-Q94M-YDGP,"Order Payment","Product charges",,$19.99,1,"Infused Cool Gel Ventilated Core Hypoallergenic MEMORY FOAM Pillow - Standard Ultra Soft Pillow",-$10.00,,,,,,,,,,,,
-$4.09,-$3.62,-$1.50,13-Mar-16,116-4641658-9570619,22-Q94M-YDGP,"Order Payment","Product charges",,$19.99,1,"Infused Cool Gel Ventilated Core Hypoallergenic MEMORY FOAM Pillow - Standard Ultra Soft Pillow",-$10.00,,,,,,,,,,,,
-$4.09,-$3.62,-$1.50,13-Mar-16,105-1641455-6750629,BQ-4FEP-C3OH,"Order Payment","Product charges",,$19.99,1,"Hypoallergenic Contour Bamboo Memory Foam Pillow Great for Relieving Neck and Shoulder Aches",-$10.00,-$2.42,$2.42,,,,,,,,,,
-$4.09,-$3.62,-$1.50,13-Mar-16,105-5338492-6596269,22-Q94M-YDGP,"Order Payment","Product charges",,$19.99,1,"Infused Cool Gel Ventilated Core Hypoallergenic MEMORY FOAM Pillow - Standard Ultra Soft Pillow",-$10.00,,,,,,,,,,,,
-$1.06,-$0.96,-$1.35,13-Mar-16,104-9053843-6696265,FV-XXFT-7P69,"Order Payment","Product charges",,$8.99,1,"My Little Pony Soft Tote Lunch Box",,,,,-$1.00,,,,,,,,
-$4.09,-$3.62,-$1.50,13-Mar-16,114-2547200-2684241,22-Q94M-YDGP,"Order Payment","Product charges",,$19.99,1,"Infused Cool Gel Ventilated Core Hypoallergenic MEMORY FOAM Pillow - Standard Ultra Soft Pillow",-$10.00,,,,,,,,,,,,
-$4.09,-$3.62,-$1.50,13-Mar-16,102-7160264-0859435,22-Q94M-YDGP,"Order Payment","Product charges",,$19.99,1,"Infused Cool Gel Ventilated Core Hypoallergenic MEMORY FOAM Pillow - Standard Ultra Soft Pillow",-$10.00,,,,,,,,,,,,
-$4.09,-$3.62,-$1.50,13-Mar-16,102-7710025-9172230,22-Q94M-YDGP,"Order Payment","Product charges",,$19.99,1,"Infused Cool Gel Ventilated Core Hypoallergenic MEMORY FOAM Pillow - Standard Ultra Soft Pillow",-$10.00,,,,,,,,,,,,
-$4.09,-$3.62,-$1.50,13-Mar-16,112-0254043-6196207,22-Q94M-YDGP,"Order Payment","Product charges",,$19.99,1,"Infused Cool Gel Ventilated Core Hypoallergenic MEMORY FOAM Pillow - Standard Ultra Soft Pillow",-$10.00,,,,,,,,,,,,
-$4.09,-$3.62,-$1.50,13-Mar-16,110-8861090-2816254,BQ-4FEP-C3OH,"Order Payment","Product charges",,$19.99,1,"Hypoallergenic Contour Bamboo Memory Foam Pillow Great for Relieving Neck and Shoulder Aches",-$10.00,,,,,,,,,,,,
-$1.06,-$0.96,-$3.75,13-Mar-16,108-3893557-1684224,7W-PCJO-3BVK,"Order Payment","Product charges",,$24.99,1,"Xpert DEEP BASS Ultimate Comfort Pillow Soft Over the Ear Headphones with Mic (Black)",$0.00,,,,-$1.00,,,,,,,,
-$4.09,-$3.62,-$3.00,13-Mar-16,112-7199684-9423427,22-Q94M-YDGP,"Order Payment","Product charges",,$19.99,1,"Infused Cool Gel Ventilated Core Hypoallergenic MEMORY FOAM Pillow - Standard Ultra Soft Pillow",,,,,,,,,,,,,
-$4.09,-$3.62,-$1.50,13-Mar-16,113-7314990-1209052,22-Q94M-YDGP,"Order Payment","Product charges",,$19.99,1,"Infused Cool Gel Ventilated Core Hypoallergenic MEMORY FOAM Pillow - Standard Ultra Soft Pillow",-$10.00,,,,,,,,,,,,
-$4.09,-$3.62,-$3.00,13-Mar-16,109-1318985-8539451,22-Q94M-YDGP,"Order Payment","Product charges",,$19.99,1,"Infused Cool Gel Ventilated Core Hypoallergenic MEMORY FOAM Pillow - Standard Ultra Soft Pillow",$0.00,,,,,,,,,,,,
-$4.09,-$3.62,-$1.50,13-Mar-16,116-8411356-4157836,BQ-4FEP-C3OH,"Order Payment","Product charges",,$19.99,1,"Hypoallergenic Contour Bamboo Memory Foam Pillow Great for Relieving Neck and Shoulder Aches",-$10.00,-$1.58,$1.58,,,,,,,,,,
-$4.09,-$3.62,-$1.50,13-Mar-16,105-6336327-6462619,22-Q94M-YDGP,"Order Payment","Product charges",,$19.99,1,"Infused Cool Gel Ventilated Core Hypoallergenic MEMORY FOAM Pillow - Standard Ultra Soft Pillow",-$10.00,,,,,,,,,,,,
-$4.09,-$3.62,-$1.50,13-Mar-16,103-3777930-4210627,22-Q94M-YDGP,"Order Payment","Product charges",,$19.99,1,"Infused Cool Gel Ventilated Core Hypoallergenic MEMORY FOAM Pillow - Standard Ultra Soft Pillow",-$10.00,,,,,,,,,,,,
-$4.09,-$3.62,-$1.50,13-Mar-16,108-1824497-2136253,22-Q94M-YDGP,"Order Payment","Product charges",,$19.99,1,"Infused Cool Gel Ventilated Core Hypoallergenic MEMORY FOAM Pillow - Standard Ultra Soft Pillow",-$10.00,,,,,,,,,,,,
-$4.09,-$3.62,-$3.00,13-Mar-16,002-3506036-2326651,BQ-4FEP-C3OH,"Order Payment","Product charges",,$19.99,1,"Hypoallergenic Contour Bamboo Memory Foam Pillow Great for Relieving Neck and Shoulder Aches",$0.00,,,,,,,,,,,,
-$1.06,-$0.96,-$3.75,13-Mar-16,103-2125621-8796242,7W-PCJK-3BVK,"Order Payment","Product charges",,$24.99,1,"Xpert DEEP BASS Ultimate Comfort Pillow Soft Over the Ear Headphones with Mic (Champagne)",,,,,-$1.00,,,,,,,,
-$4.09,-$3.62,-$3.00,13-Mar-16,002-6064219-3915417,BQ-4FEP-C3OH,"Order Payment","Product charges",,$19.99,1,"Hypoallergenic Contour Bamboo Memory Foam Pillow Great for Relieving Neck and Shoulder Aches",,,,,,,,,,,,,
-$4.09,-$3.62,-$1.50,13-Mar-16,107-8201992-2129009,22-Q94M-YDGP,"Order Payment","Product charges",,$19.99,1,"Infused Cool Gel Ventilated Core Hypoallergenic MEMORY FOAM Pillow - Standard Ultra Soft Pillow",-$10.00,,,,,,,,,,,,
-$8.18,-$7.24,-$6.00,13-Mar-16,112-8307561-2125034,22-Q94M-YDGP,"Order Payment","Product charges",,$19.99,1,"Infused Cool Gel Ventilated Core Hypoallergenic MEMORY FOAM Pillow - Standard Ultra Soft Pillow",,,,,,,,,,,,,
-$4.09,-$3.62,-$1.50,13-Mar-16,105-0847567-6144229,BQ-4FEP-C3OH,"Order Payment","Product charges",,$19.99,1,"Hypoallergenic Contour Bamboo Memory Foam Pillow Great for Relieving Neck and Shoulder Aches",-$10.00,,,,,,,,,,,,
-$4.09,-$3.62,-$1.50,13-Mar-16,002-4533562-7847460,BQ-4FEP-C3OH,"Order Payment","Product charges",,$19.99,1,"Hypoallergenic Contour Bamboo Memory Foam Pillow Great for Relieving Neck and Shoulder Aches",-$10.00,,,,,,,,,,,,
-$1.06,-$3.51,-$1.65,13-Mar-16,102-8272128-2599453,13-PAI1-IANH,"Order Payment","Product charges",,$10.99,1,"Bioworld Regular Show Mordecai Hooded Blue Backpack",,,,,-$1.00,,,,,,,,
,,,,,,,,,,,,,,,,,,,,,,$4.61,,
-$4.09,-$3.62,-$1.50,13-Mar-16,105-3150653-3688217,22-Q94M-YDGP,"Order Payment","Product charges",,$19.99,1,"Hypoallergenic Infused Cool Gel Ventilated Core Memory Foam Standard 18.5""x11.5""x3.5""in Pillow",-$10.00,,,,,,,,,,,,
-$4.09,-$3.62,-$1.50,13-Mar-16,107-4432935-8825038,22-Q94M-YDGP,"Order Payment","Product charges",,$19.99,1,"Infused Cool Gel Ventilated Core Hypoallergenic MEMORY FOAM Pillow - Standard Ultra Soft Pillow",-$10.00,,,,,,,,,,,,
-$4.09,-$3.62,-$3.00,12-Mar-16,105-3615561-5825042,BQ-4FEP-C3OH,"Order Payment","Product charges",,$19.99,1,"Hypoallergenic Contour Bamboo Memory Foam Pillow Great for Relieving Neck and Shoulder Aches",,,,,,,,,,,,,
-$4.09,-$3.62,-$1.50,12-Mar-16,111-2153122-5806636,22-Q94M-YDGP,"Order Payment","Product charges",,$19.99,1,"Infused Cool Gel Ventilated Core Hypoallergenic MEMORY FOAM Pillow - Standard Ultra Soft Pillow",-$10.00,,,,,,,,,,,,
-$1.06,-$0.96,-$4.05,12-Mar-16,109-7367943-4854603,7W-PCJO-3BVK,"Order Payment","Product charges",,$26.99,1,"Xpert DEEP BASS Ultimate Comfort Pillow Soft Over the Ear Headphones with Mic (Black)",,,$5.55,,-$1.00,-$5.55,,,,,,,
-$4.09,-$3.62,-$3.00,12-Mar-16,115-6815103-2889821,BQ-4FEP-C3OH,"Order Payment","Product charges",,$19.99,1,"Hypoallergenic Contour Bamboo Memory Foam Pillow Great for Relieving Neck and Shoulder Aches",,,,,,,,,,,,,
-$4.09,-$3.62,-$3.00,12-Mar-16,111-9239796-2636221,BQ-4FEP-C3OH,"Order Payment","Product charges",,$19.99,1,"Hypoallergenic Contour Bamboo Memory Foam Pillow Great for Relieving Neck and Shoulder Aches",,,,,,,,,,,,,
-$4.09,-$3.62,-$1.50,12-Mar-16,111-2353895-8563402,BQ-4FEP-C3OH,"Order Payment","Product charges",,$19.99,1,"Hypoallergenic Contour Bamboo Memory Foam Pillow Great for Relieving Neck and Shoulder Aches",-$10.00,,,,,,,,,,,,
-$4.09,-$3.62,-$1.50,12-Mar-16,104-8812965-2911434,22-Q94M-YDGP,"Order Payment","Product charges",,$19.99,1,"Infused Cool Gel Ventilated Core Hypoallergenic MEMORY FOAM Pillow - Standard Ultra Soft Pillow",-$9.99,,,,,,,,,,,,
-$4.09,-$3.62,-$1.50,12-Mar-16,111-5135609-0237020,22-Q94M-YDGP,"Order Payment","Product charges",,$19.99,1,"Infused Cool Gel Ventilated Core Hypoallergenic MEMORY FOAM Pillow - Standard Ultra Soft Pillow",-$10.00,,,,,,,,,,,,
-$4.09,-$3.62,-$1.50,12-Mar-16,104-8812965-2911434,22-Q94M-YDGP,"Order Payment","Product charges",,$19.99,1,"Infused Cool Gel Ventilated Core Hypoallergenic MEMORY FOAM Pillow - Standard Ultra Soft Pillow",-$10.00,,,,,,,,,,,,
-$1.06,-$0.96,-$3.00,12-Mar-16,102-3566652-4392253,7W-PCJM-3BVK,"Order Payment","Product charges",,$19.99,1,"Xpert DEEP BASS Ultimate Comfort Pillow Soft Over the Ear Headphones with Mic (Red)",,,,,-$1.00,,,,,,,,
-$4.09,-$3.62,-$1.50,12-Mar-16,114-2588103-5031461,BQ-4FEP-C3OH,"Order Payment","Product charges",,$19.99,1,"Hypoallergenic Contour Bamboo Memory Foam Pillow Great for Relieving Neck and Shoulder Aches",-$10.00,,,,,,,,,,,,
-$4.09,-$3.62,-$3.00,12-Mar-16,103-2990093-1405067,BQ-4FEP-C3OH,"Order Payment","Product charges",,$19.99,1,"Hypoallergenic Contour Bamboo Memory Foam Pillow Great for Relieving Neck and Shoulder Aches",,,,,,,,,,,,,
-$20.45,-$18.10,-$7.50,12-Mar-16,108-4757926-0315401,22-Q94M-YDGP,"Order Payment","Product charges",,$19.99,1,"Infused Cool Gel Ventilated Core Hypoallergenic MEMORY FOAM Pillow - Standard Ultra Soft Pillow",-$10.00,,,,,,,,,,,,
-$4.09,-$3.62,-$1.50,12-Mar-16,002-1977380-0249838,22-Q94M-YDGP,"Order Payment","Product charges",,$19.99,1,"Infused Cool Gel Ventilated Core Hypoallergenic MEMORY FOAM Pillow - Standard Ultra Soft Pillow",-$10.00,,,,,,,,,,,,
,,,,,,,,,,,,,,,,,,-$25.67,,,,,,
-$4.09,-$3.62,-$3.00,12-Mar-16,103-2783749-3743428,BQ-4FEP-C3OH,"Order Payment","Product charges",,$19.99,1,"Hypoallergenic Contour Bamboo Memory Foam Pillow Great for Relieving Neck and Shoulder Aches",,,,,,,,,,,,,
,,,,,,,,,,,,,,,,,,-$22.40,,,,,,
-$4.09,-$3.62,-$1.50,12-Mar-16,107-3326571-7851407,22-Q94M-YDGP,"Order Payment","Product charges",,$19.99,1,"Infused Cool Gel Ventilated Core Hypoallergenic MEMORY FOAM Pillow - Standard Ultra Soft Pillow",-$10.00,,,,,,,,,,,,
-$4.09,-$3.62,-$1.50,12-Mar-16,115-3012634-5082652,BQ-4FEP-C3OH,"Order Payment","Product charges",,$19.99,1,"Hypoallergenic Contour Bamboo Memory Foam Pillow Great for Relieving Neck and Shoulder Aches",-$10.00,,,,,,,,,,,,
-$1.06,-$3.51,-$1.65,12-Mar-16,114-7423080-3123414,13-PAI1-IANH,"Order Payment","Product charges",,$10.99,1,"Bioworld Regular Show Mordecai Hooded Blue Backpack",,,,,-$1.00,,,,,,,,
-$8.18,-$7.24,-$3.00,12-Mar-16,104-9189493-3210627,BQ-4FEP-C3OH,"Order Payment","Product charges",,$19.99,1,"Hypoallergenic Contour Bamboo Memory Foam Pillow Great for Relieving Neck and Shoulder Aches",-$9.99,,,,,,,,,,,,
-$4.09,-$3.62,-$1.50,11-Mar-16,002-0978825-7301842,22-Q94M-YDGP,"Order Payment","Product charges",,$19.99,1,"Infused Cool Gel Ventilated Core Hypoallergenic MEMORY FOAM Pillow - Standard Ultra Soft Pillow",-$10.00,,,,,,,,,,,,
-$4.09,-$3.62,-$1.50,11-Mar-16,114-1579703-2000248,22-Q94M-YDGP,"Order Payment","Product charges",,$19.99,1,"Infused Cool Gel Ventilated Core Hypoallergenic MEMORY FOAM Pillow - Standard Ultra Soft Pillow",-$10.00,,,,,,,,,,,,
-$4.09,-$3.62,-$3.00,11-Mar-16,105-5714418-4861020,22-Q94M-YDGP,"Order Payment","Product charges",,$19.99,1,"Infused Cool Gel Ventilated Core Hypoallergenic MEMORY FOAM Pillow - Standard Ultra Soft Pillow",,,,,,,,,,,,,
-$4.09,-$3.62,-$1.50,11-Mar-16,116-9739622-6108245,BQ-4FEP-C3OH,"Order Payment","Product charges",,$19.99,1,"Hypoallergenic Contour Bamboo Memory Foam Pillow Great for Relieving Neck and Shoulder Aches",-$10.00,,,,,,,,,,,,
-$4.09,-$3.62,-$1.50,11-Mar-16,108-0660254-8617830,BQ-4FEP-C3OH,"Order Payment","Product charges",,$19.99,1,"Hypoallergenic Contour Bamboo Memory Foam Pillow Great for Relieving Neck and Shoulder Aches",-$10.00,,,,,,,,,,,,
-$4.09,-$3.62,-$1.50,11-Mar-16,104-0051385-8115460,BQ-4FEP-C3OH,"Order Payment","Product charges",,$19.99,1,"Hypoallergenic Contour Bamboo Memory Foam Pillow Great for Relieving Neck and Shoulder Aches",-$10.00,,,,,,,,,,,,
-$4.09,-$3.62,-$1.50,11-Mar-16,111-8823102-6967400,BQ-4FEP-C3OH,"Order Payment","Product charges",,$19.99,1,"Hypoallergenic Contour Bamboo Memory Foam Pillow Great for Relieving Neck and Shoulder Aches",-$10.00,,,,,,,,,,,,
-$4.09,-$3.62,-$1.50,11-Mar-16,111-3346688-1074607,BQ-4FEP-C3OH,"Order Payment","Product charges",,$19.99,1,"Hypoallergenic Contour Bamboo Memory Foam Pillow Great for Relieving Neck and Shoulder Aches",-$10.00,,,,,,,,,,,,
-$4.09,-$3.62,-$1.50,11-Mar-16,103-0642522-8838645,BQ-4FEP-C3OH,"Order Payment","Product charges",,$19.99,1,"Hypoallergenic Contour Bamboo Memory Foam Pillow Great for Relieving Neck and Shoulder Aches",-$10.00,,,,,,,,,,,,
-$4.09,-$3.62,-$1.50,11-Mar-16,108-0260601-4980229,22-Q94M-YDGP,"Order Payment","Product charges",,$19.99,1,"Infused Cool Gel Ventilated Core Hypoallergenic MEMORY FOAM Pillow - Standard Ultra Soft Pillow",-$10.00,,,,,,,,,,,,
,,,,,,,,,,,,,,,,,,-$21.76,,,,,,
-$4.09,-$8.69,-$7.35,11-Mar-16,104-4982756-3804211,IM-VFRS-GRIO,"Order Payment","Product charges",,$48.99,1,"Humanscale Zon Air Purifier in Red",,,,,,,,,,,,,
,,,,,,,,,,,,,,,,,,-$25.61,,,,,,
-$4.09,-$3.62,-$1.50,11-Mar-16,116-9542261-3456245,22-Q94M-YDGP,"Order Payment","Product charges",,$19.99,1,"Hypoallergenic Infused Cool Gel Ventilated Core Memory Foam Standard 18.5""x11.5""x3.5""in Pillow",-$10.00,,,,,,,,,,,,
-$4.09,-$3.62,-$1.50,11-Mar-16,105-2128974-8199439,22-Q94M-YDGP,"Order Payment","Product charges",,$19.99,1,"Hypoallergenic Infused Cool Gel Ventilated Core Memory Foam Standard 18.5""x11.5""x3.5""in Pillow",-$10.00,,,,,,,,,,,,
-$4.09,-$3.62,-$1.50,11-Mar-16,002-1584489-5330625,BQ-4FEP-C3OH,"Order Payment","Product charges",,$19.99,1,"Hypoallergenic Contour Bamboo Memory Foam Pillow Great for Relieving Neck and Shoulder Aches",-$10.00,,,,,,,,,,,,
-$8.18,-$7.24,-$3.00,11-Mar-16,109-3655560-1385008,22-Q94M-YDGP,"Order Payment","Product charges",,$19.99,1,"Hypoallergenic Infused Cool Gel Ventilated Core Memory Foam Standard 18.5""x11.5""x3.5""in Pillow",-$9.99,,,,,,,,,,,,
-$4.09,-$3.62,-$1.50,11-Mar-16,106-7350177-9445867,BQ-4FEP-C3OH,"Order Payment","Product charges",,$19.99,1,"Hypoallergenic Contour Bamboo Memory Foam Pillow Great for Relieving Neck and Shoulder Aches",-$10.00,,,,,,,,,,,,
-$4.09,-$3.62,-$1.50,11-Mar-16,102-4670703-9989868,BQ-4FEP-C3OH,"Order Payment","Product charges",,$19.99,1,"Hypoallergenic Contour Bamboo Memory Foam Pillow Great for Relieving Neck and Shoulder Aches",-$10.00,,,,,,,,,,,,
-$4.09,-$3.62,-$1.50,11-Mar-16,111-7334883-4337869,BQ-4FEP-C3OH,"Order Payment","Product charges",,$19.99,1,"Hypoallergenic Contour Bamboo Memory Foam Pillow Great for Relieving Neck and Shoulder Aches",-$10.00,,,,,,,,,,,,
,,,,,,,,,,,,,,,,,,-$8.54,,,,,,
,,-$1.00,11-Mar-16,108-2659171-6680205,9G-CDVH-T2B4,"Order Payment","Product charges",,$1.99,1,"DecoPac How to Train Your Dragon 2 Hiccup and Friends Cupcake Rings (12 Count)",,,,,,,,,,,,,
-$4.09,-$3.62,-$1.50,11-Mar-16,106-5192379-0540226,BQ-4FEP-C3OH,"Order Payment","Product charges",,$19.99,1,"Hypoallergenic Contour Bamboo Memory Foam Pillow Great for Relieving Neck and Shoulder Aches",-$10.00,,,,,,,,,,,,
-$4.09,-$3.62,-$3.00,11-Mar-16,111-3549688-5418633,22-Q94M-YDGP,"Order Payment","Product charges",,$19.99,1,"Infused Cool Gel Ventilated Core Memory Foam Hypoallergenic Standard Pillow",,,,,,,,,,,,,
-$4.09,-$3.62,-$1.50,11-Mar-16,110-5539552-0362626,22-Q94M-YDGP,"Order Payment","Product charges",,$19.99,1,"Infused Cool Gel Ventilated Core Hypoallergenic MEMORY FOAM Pillow - Standard Ultra Soft Pillow",-$10.00,,,,,,,,,,,,
-$4.09,-$3.62,-$1.50,10-Mar-16,102-7813757-8852264,22-Q94M-YDGP,"Order Payment","Product charges",,$19.99,1,"Infused Cool Gel Ventilated Core Hypoallergenic MEMORY FOAM Pillow - Standard Ultra Soft Pillow",-$10.00,,,,,,,,,,,,
-$4.09,-$3.62,-$1.50,10-Mar-16,106-4878930-8528258,22-Q94M-YDGP,"Order Payment","Product charges",,$19.99,1,"Infused Cool Gel Ventilated Core Hypoallergenic MEMORY FOAM Pillow - Standard Ultra Soft Pillow",-$10.00,,,,,,,,,,,,
-$4.09,-$3.62,-$1.50,10-Mar-16,103-8918949-3602630,22-Q94M-YDGP,"Order Payment","Product charges",,$19.99,1,"Infused Cool Gel Ventilated Core Memory Foam Hypoallergenic Standard Pillow",-$10.00,,,,,,,,,,,,
-$4.09,-$3.62,-$1.50,10-Mar-16,114-0804471-3312238,22-Q94M-YDGP,"Order Payment","Product charges",,$19.99,1,"Hypoallergenic Infused Cool Gel Ventilated Core Memory Foam Standard Pillow",-$10.00,,,,,,,,,,,,
-$4.09,-$3.62,-$3.00,10-Mar-16,115-2500418-3867417,22-Q94M-YDGP,"Order Payment","Product charges",,$19.99,1,"Infused Cool Gel Ventilated Core Memory Foam Hypoallergenic Standard Pillow",,,,,,,,,,,,,
-$4.09,-$3.62,-$1.50,10-Mar-16,104-8072251-4897839,22-Q94M-YDGP,"Order Payment","Product charges",,$19.99,1,"Infused Cool Gel Ventilated Core Hypoallergenic MEMORY FOAM Pillow - Standard Ultra Soft Pillow",-$10.00,,,,,,,,,,,,
,,,,,,,,,,,,,,,,,,-$7.18,,,,,,
-$4.09,-$3.62,-$1.50,10-Mar-16,110-0524900-4709059,22-Q94M-YDGP,"Order Payment","Product charges",,$19.99,1,"Infused Cool Gel Ventilated Core Memory Foam Hypoallergenic Standard Pillow",-$10.00,,,,,,,,,,,,
-$1.06,-$0.96,-$3.75,10-Mar-16,104-4738584-2555429,7W-PCJK-3BVK,"Order Payment","Product charges",,$24.99,1,"Xpert DEEP BASS Ultimate Comfort Pillow Soft Over the Ear Headphones with Mic (Champagne)",,,,,-$1.00,,,,,,,,
,,$3.75,9-Mar-16,116-8410875-8913844,22-Q94M-YDGP,Refund,"Product charges",,-$24.99,1,"Hypoallergenic Infused Cool Gel Ventilated Core Memory Foam Standard 18.5""x11.5""x3.5""in Pillow",,,-$3.99,-$0.75,,$3.99,,,,,,,
-$4.09,-$3.62,-$1.50,9-Mar-16,105-3789864-8257840,22-Q94M-YDGP,"Order Payment","Product charges",,$19.99,1,"Hypoallergenic Infused Cool Gel Ventilated Core Memory Foam Standard 18.5""x11.5""x3.5""in Pillow",-$10.00,,,,,,,,,,,,
,,,,,,,,,,,,,,,,,,-$18.33,,,,,,
-$4.09,-$3.62,-$1.50,9-Mar-16,112-3456622-3803442,22-Q94M-YDGP,"Order Payment","Product charges",,$19.99,1,"Hypoallergenic Infused Cool Gel Ventilated Core Memory Foam Standard 18.5""x11.5""x3.5""in Pillow",-$10.00,,,,,,,,,,,,
-$4.09,-$3.62,-$1.50,9-Mar-16,107-8779554-4830620,22-Q94M-YDGP,"Order Payment","Product charges",,$19.99,1,"Hypoallergenic Infused Cool Gel Ventilated Core Memory Foam Standard 18.5""x11.5""x3.5""in Pillow",-$10.00,,,,,,,,,,,,
-$4.09,-$3.62,-$3.75,9-Mar-16,002-9446653-1642605,BQ-4FEP-C3OH,"Order Payment","Product charges",,$24.99,1,"Hypoallergenic Countour Bamboo Memory Foam Pillow Great for Relieving Neck and Shoulder Aches",,,,,,,,,,,,,
,,-$1.50,9-Mar-16,112-3596580-6937057,BC-Z39I-5NNJ,"Order Payment","Product charges",,$19.99,1,"Hypoallergenic Infused Cool Gel Ventilated Core Memory Foam Standard 18.5""x11.5""x3.5""in Pillow",-$10.00,,,,,,,,,,,,
,,-$1.20,9-Mar-16,002-1995862-1809015,Q7-XSV2-EN4L,"Order Payment","Product charges",,$14.90,1,"Xtreme Cables Audio Pod Mini Bluetooth Speaker, Pink",,,$4.54,,,,,,,,,-$0.36,
,,,,,,,,,,,,,,,,,,-$10.92,,,,,,
,,-$1.50,9-Mar-16,105-1220079-6473828,BC-Z39I-5NNJ,"Order Payment","Product charges",,$19.99,1,"Hypoallergenic Infused Cool Gel Ventilated Core Memory Foam Standard 18.5""x11.5""x3.5""in Pillow",-$10.00,,,,,,,,,,,,
,,-$1.50,9-Mar-16,114-0350352-2797078,BC-Z39I-5NNJ,"Order Payment","Product charges",,$9.99,1,"Hypoallergenic Infused Cool Gel Ventilated Core Memory Foam Standard 18.5""x11.5""x3.5""in Pillow",,,,,,,,,,,,,
,,-$1.50,9-Mar-16,108-8364329-2123452,BC-Z39I-5NNJ,"Order Payment","Product charges",,$19.99,1,"Hypoallergenic Infused Cool Gel Ventilated Core Memory Foam Standard 18.5""x11.5""x3.5""in Pillow",-$10.00,,,,,,,,,,,,
-$4.09,-$3.62,-$1.50,9-Mar-16,114-5626568-3106651,22-Q94M-YDGP,"Order Payment","Product charges",,$19.99,1,"Hypoallergenic Infused Cool Gel Ventilated Core Memory Foam Standard 18.5""x11.5""x3.5""in Pillow",-$10.00,,,,,,,,,,,,
-$4.09,-$3.62,-$1.50,8-Mar-16,111-2475612-2417041,22-Q94M-YDGP,"Order Payment","Product charges",,$19.99,1,"Hypoallergenic Infused Cool Gel Ventilated Core Memory Foam Standard 18.5""x11.5""x3.5""in Pillow",-$10.00,,,,,,,,,,,,
-$1.06,-$0.96,-$1.80,8-Mar-16,116-9555302-5793822,CM-O188-8KK2,"Order Payment","Product charges",,$11.99,1,"Mental Beats ICON High Quality Earbuds with 4' FT Tangle Free Cable with Mic (Black)",,,,,-$1.00,,,,,,,,
-$4.09,-$3.62,-$1.50,8-Mar-16,116-6001278-3239454,22-Q94M-YDGP,"Order Payment","Product charges",,$19.99,1,"Hypoallergenic Infused Cool Gel Ventilated Core Memory Foam Standard 18.5""x11.5""x3.5""in Pillow",-$10.00,,,,,,,,,,,,
-$4.09,-$3.62,-$1.50,8-Mar-16,108-7533558-1479404,22-Q94M-YDGP,"Order Payment","Product charges",,$19.99,1,"Hypoallergenic Infused Cool Gel Ventilated Core Memory Foam Standard 18.5""x11.5""x3.5""in Pillow",-$10.00,,,,,,,,,,,,
-$4.09,-$3.62,-$1.50,8-Mar-16,103-7243620-1825861,22-Q94M-YDGP,"Order Payment","Product charges",,$19.99,1,"Hypoallergenic Infused Cool Gel Ventilated Core Memory Foam Standard 18.5""x11.5""x3.5""in Pillow",-$10.00,,,,,,,,,,,,
-$4.09,-$3.62,-$1.50,8-Mar-16,102-8046505-4597049,22-Q94M-YDGP,"Order Payment","Product charges",,$19.99,1,"Hypoallergenic Infused Cool Gel Ventilated Core Memory Foam Standard 18.5""x11.5""x3.5""in Pillow",-$10.00,,,,,,,,,,,,
-$4.09,-$3.62,-$1.50,8-Mar-16,116-8781357-7819465,22-Q94M-YDGP,"Order Payment","Product charges",,$19.99,1,"Hypoallergenic Infused Cool Gel Ventilated Core Memory Foam Standard 18.5""x11.5""x3.5""in Pillow",-$10.00,,,,,,,,,,,,
-$4.09,-$3.62,-$1.50,8-Mar-16,108-2534946-0291410,22-Q94M-YDGP,"Order Payment","Product charges",,$19.99,1,"Hypoallergenic Infused Cool Gel Ventilated Core Memory Foam Standard 18.5""x11.5""x3.5""in Pillow",-$10.00,,,,,,,,,,,,
-$4.09,-$3.62,-$3.00,8-Mar-16,105-2638733-2397847,22-Q94M-YDGP,"Order Payment","Product charges",,$19.99,1,"Hypoallergenic Infused Cool Gel Ventilated Core Memory Foam Standard 18.5""x11.5""x3.5""in Pillow",,,,,,,,,,,,,
-$4.09,-$3.62,-$1.50,8-Mar-16,113-3519736-5964211,22-Q94M-YDGP,"Order Payment","Product charges",,$19.99,1,"Hypoallergenic Infused Cool Gel Ventilated Core Memory Foam Standard 18.5""x11.5""x3.5""in Pillow",-$10.00,,,,,,,,,,,,
-$4.09,-$3.62,-$1.50,8-Mar-16,110-6237179-6741854,22-Q94M-YDGP,"Order Payment","Product charges",,$19.99,1,"Hypoallergenic Infused Cool Gel Ventilated Core Memory Foam Standard 18.5""x11.5""x3.5""in Pillow",-$10.00,,,,,,,,,,,,
-$4.09,-$3.62,-$1.50,8-Mar-16,110-7018895-7650654,22-Q94M-YDGP,"Order Payment","Product charges",,$19.99,1,"Hypoallergenic Infused Cool Gel Ventilated Core Memory Foam Standard 18.5""x11.5""x3.5""in Pillow",-$10.00,,,,,,,,,,,,
-$4.09,-$3.62,-$1.50,8-Mar-16,111-2220881-1205804,22-Q94M-YDGP,"Order Payment","Product charges",,$19.99,1,"Hypoallergenic Infused Cool Gel Ventilated Core Memory Foam Standard 18.5""x11.5""x3.5""in Pillow",-$10.00,,,,,,,,,,,,
,,,,,,,,,,,,,,,,,,-$8.54,,,,,,
-$4.09,-$3.62,-$1.50,8-Mar-16,106-4042146-7543459,22-Q94M-YDGP,"Order Payment","Product charges",,$19.99,1,"Hypoallergenic Infused Cool Gel Ventilated Core Memory Foam Standard 18.5""x11.5""x3.5""in Pillow",-$10.00,,,,,,,,,,,,
,,,,,,,,,,,,,,,,,,-$12.40,,,,,,
-$4.09,-$3.62,-$1.50,8-Mar-16,106-6659156-6181003,22-Q94M-YDGP,"Order Payment","Product charges",,$19.99,1,"Hypoallergenic Infused Cool Gel Ventilated Core Memory Foam Standard 18.5""x11.5""x3.5""in Pillow",-$10.00,,,,,,,,,,,,
-$4.09,-$3.62,-$1.50,7-Mar-16,105-3664439-9620267,22-Q94M-YDGP,"Order Payment","Product charges",,$19.99,1,"Hypoallergenic Infused Cool Gel Ventilated Core Memory Foam Standard 18.5""x11.5""x3.5""in Pillow",-$10.00,,,,,,,,,,,,
,,-$1.00,7-Mar-16,115-9872000-4253056,0B-682D-5E7G,"Order Payment","Product charges",,$3.99,1,"Disney Finding Nemo Friends Cupcake Rings - 24 ct",,,,,,,,,,,,,
-$4.09,-$3.62,-$3.75,7-Mar-16,112-4656951-0228259,22-Q94M-YDGP,"Order Payment","Product charges",,$24.99,1,"Hypoallergenic Infused Cool Gel Ventilated Core Memory Foam Standard 18.5""x11.5""x3.5""in Pillow",,,,,,,,,,,,,
-$4.09,-$3.62,-$3.75,6-Mar-16,116-0456687-8609807,22-Q94M-YDGP,"Order Payment","Product charges",,$24.99,1,"Hypoallergenic Infused Cool Gel Ventilated Core Memory Foam Standard 18.5""x11.5""x3.5""in Pillow",,,,,,,,,,,,,
,,,,,,,,,,,,,,,,,,,,,,,,-$3.40
-$4.09,-$3.62,-$3.75,6-Mar-16,110-2536308-9796216,22-Q94M-YDGP,"Order Payment","Product charges",,$24.99,1,"Hypoallergenic Infused Cool Gel Ventilated Core Memory Foam Standard 18.5""x11.5""x3.5""in Pillow",,,,,,,,,,,,,
-$4.09,-$3.62,-$3.75,6-Mar-16,110-3762353-5545862,22-Q94M-YDGP,"Order Payment","Product charges",,$24.99,1,"Hypoallergenic Infused Cool Gel Ventilated Core Memory Foam Standard 18.5""x11.5""x3.5""in Pillow",,,,,,,,,,,,,
-$1.06,-$0.96,-$4.05,5-Mar-16,103-9470268-1450610,7W-PCJM-3BVK,"Order Payment","Product charges",,$26.99,1,"Xpert DEEP BASS Ultimate Comfort Pillow Soft Over the Ear Headphones with Mic (Red)",$0.00,-$1.67,$1.67,,-$1.00,,,,,,,,
-$4.09,-$3.62,-$3.75,5-Mar-16,116-8410875-8913844,22-Q94M-YDGP,"Order Payment","Product charges",,$24.99,1,"Hypoallergenic Infused Cool Gel Ventilated Core Memory Foam Standard 18.5""x11.5""x3.5""in Pillow",,,$3.99,,,-$3.99,,,,,,,
-$4.09,-$8.69,-$7.50,5-Mar-16,110-5386798-1882646,AQ-1M7T-VZVT,"Order Payment","Product charges",,$49.99,1,"Humanscale Zon Air Purifier in Black",,,,,,,,,,,,,
,,,,,,,,,,,,,,,,,,-$12.95,,,,,,
-$4.09,-$8.30,-$7.35,3-Mar-16,110-5386798-1882646,Q3-3IFR-V1ZN,"Order Payment","Product charges",,$48.99,1,"Humanscale Zon Air Purifier in White",,,,,,,,,,,,,
-$1.06,-$0.96,-$1.87,3-Mar-16,114-8327826-2001845,MD-86QZ-5W4G,"Order Payment","Product charges",,$24.99,1,"Mental Beats Xcentric Earbuds with Metal Mic Includes Tangle Free Flatwire Cord (Blue)",-$12.50,,,,-$1.00,,,,,,,,
-$1.06,-$0.96,-$1.80,2-Mar-16,107-7016517-3875406,CM-O188-8KK2,"Order Payment","Product charges",,$11.99,1,"Mental Beats ICON High Quality Earbuds with 4' FT Tangle Free Cable with Mic (Black)",,,,,-$1.00,,,,,,,,
-$4.09,-$8.69,-$7.50,2-Mar-16,109-5515914-6265858,AQ-1M7T-VZVT,"Order Payment","Product charges",,$49.99,1,"Humanscale Zon Air Purifier in Black",,,$8.42,,,-$8.42,,,,,,,
-$4.09,-$8.69,-$7.50,1-Mar-16,109-0139254-6735451,AQ-1M7T-VZVT,"Order Payment","Product charges",,$49.99,1,"Humanscale Zon Air Purifier in Black",,,,,,,,,,,,,
,,,,,,,,,,,,,,,,,,-$8.99,,,,,,
